✅ Weather Kafka Producer initialized.
🚀 Weather Streaming Engine Activated.

--- Emitting Weather Window: 14:32:28 ---
 -> Sent Weather | Zone: Hinjewadi     | Temp: 35.0°C | Humidity: 87%
 -> Sent Weather | Zone: FC Road       | Temp: 35.6°C | Humidity: 84%
 -> Sent Weather | Zone: Kothrud       | Temp: 35.0°C | Humidity: 86%
 -> Sent Weather | Zone: Hadapsar      | Temp: 35.5°C | Humidity: 82%
 -> Sent Weather | Zone: Shivajinagar  | Temp: 35.6°C | Humidity: 84%

--- Emitting Weather Window: 14:32:59 ---
 -> Sent Weather | Zone: Hinjewadi     | Temp: 35.2°C | Humidity: 87%
 -> Sent Weather | Zone: FC Road       | Temp: 35.6°C | Humidity: 84%
 -> Sent Weather | Zone: Kothrud       | Temp: 35.1°C | Humidity: 86%
 -> Sent Weather | Zone: Hadapsar      | Temp: 36.1°C | Humidity: 83%
 -> Sent Weather | Zone: Shivajinagar  | Temp: 35.4°C | Humidity: 83%

--- Emitting Weather Window: 14:33:26 ---
 -> Sent Weather | Zone: Hinjewadi     | Temp: 34.9°C | Humidity: 86%
 -> Sent Weather | Zone: FC Road       | Temp: 35.5°C | Humidity: 83%
 -> Sent Weather | Zone: Kothrud       | Temp: 35.2°C | Humidity: 86%
 -> Sent Weather | Zone: Hadapsar      | Temp: 36.1°C | Humidity: 83%
 -> Sent Weather | Zone: Shivajinagar  | Temp: 35.8°C | Humidity: 84%

--- Emitting Weather Window: 14:33:54 ---
 -> Sent Weather | Zone: Hinjewadi     | Temp: 35.3°C | Humidity: 87%
 -> Sent Weather | Zone: FC Road       | Temp: 35.7°C | Humidity: 84%
 -> Sent Weather | Zone: Kothrud       | Temp: 34.9°C | Humidity: 85%
 -> Sent Weather | Zone: Hadapsar      | Temp: 35.8°C | Humidity: 82%
 -> Sent Weather | Zone: Shivajinagar  | Temp: 35.3°C | Humidity: 83%

--- Emitting Weather Window: 14:34:26 ---
 -> Sent Weather | Zone: Hinjewadi     | Temp: 35.0°C | Humidity: 87%
 -> Sent Weather | Zone: FC Road       | Temp: 35.5°C | Humidity: 84%
 -> Sent Weather | Zone: Kothrud       | Temp: 34.9°C | Humidity: 86%
 -> Sent Weather | Zone: Hadapsar      | Temp: 35.4°C | Humidity: 82%
 -> Sent Weather | Zone: Shivajinagar  | Temp: 35.2°C | Humidity: 83%

--- Emitting Weather Window: 14:34:50 ---
 -> Sent Weather | Zone: Hinjewadi     | Temp: 35.0°C | Humidity: 87%
 -> Sent Weather | Zone: FC Road       | Temp: 35.6°C | Humidity: 84%
 -> Sent Weather | Zone: Kothrud       | Temp: 35.2°C | Humidity: 86%
 -> Sent Weather | Zone: Hadapsar      | Temp: 35.9°C | Humidity: 83%
 -> Sent Weather | Zone: Shivajinagar  | Temp: 35.4°C | Humidity: 83%

--- Emitting Weather Window: 14:35:13 ---
 -> Sent Weather | Zone: Hinjewadi     | Temp: 34.8°C | Humidity: 86%
 -> Sent Weather | Zone: FC Road       | Temp: 35.6°C | Humidity: 84%
 -> Sent Weather | Zone: Kothrud       | Temp: 34.7°C | Humidity: 85%
 -> Sent Weather | Zone: Hadapsar      | Temp: 35.6°C | Humidity: 82%
 -> Sent Weather | Zone: Shivajinagar  | Temp: 35.6°C | Humidity: 84%

--- Emitting Weather Window: 14:35:40 ---
 -> Sent Weather | Zone: Hinjewadi     | Temp: 35.2°C | Humidity: 87%
 -> Sent Weather | Zone: FC Road       | Temp: 35.3°C | Humidity: 83%
 -> Sent Weather | Zone: Kothrud       | Temp: 35.1°C | Humidity: 86%
 -> Sent Weather | Zone: Hadapsar      | Temp: 35.8°C | Humidity: 82%
 -> Sent Weather | Zone: Shivajinagar  | Temp: 35.8°C | Humidity: 84%

--- Emitting Weather Window: 14:36:01 ---
 -> Sent Weather | Zone: Hinjewadi     | Temp: 34.9°C | Humidity: 86%
 -> Sent Weather | Zone: FC Road       | Temp: 35.8°C | Humidity: 84%
 -> Sent Weather | Zone: Kothrud       | Temp: 35.1°C | Humidity: 86%
 -> Sent Weather | Zone: Hadapsar      | Temp: 35.7°C | Humidity: 82%
 -> Sent Weather | Zone: Shivajinagar  | Temp: 35.5°C | Humidity: 84%

--- Emitting Weather Window: 14:36:24 ---
 -> Sent Weather | Zone: Hinjewadi     | Temp: 35.0°C | Humidity: 87%
 -> Sent Weather | Zone: FC Road       | Temp: 35.3°C | Humidity: 83%
 -> Sent Weather | Zone: Kothrud       | Temp: 34.8°C | Humidity: 85%
 -> Sent Weather | Zone: Hadapsar      | Temp: 35.7°C | Humidity: 82%
 -> Sent Weather | Zone: Shivajinagar  | Temp: 35.7°C | Humidity: 84%

--- Emitting Weather Window: 14:36:49 ---
 -> Sent Weather | Zone: Hinjewadi     | Temp: 35.0°C | Humidity: 86%
 -> Sent Weather | Zone: FC Road       | Temp: 35.5°C | Humidity: 84%
 -> Sent Weather | Zone: Kothrud       | Temp: 34.8°C | Humidity: 85%
 -> Sent Weather | Zone: Hadapsar      | Temp: 35.9°C | Humidity: 83%
 -> Sent Weather | Zone: Shivajinagar  | Temp: 35.4°C | Humidity: 83%

--- Emitting Weather Window: 14:37:10 ---
 -> Sent Weather | Zone: Hinjewadi     | Temp: 35.0°C | Humidity: 86%
 -> Sent Weather | Zone: FC Road       | Temp: 35.7°C | Humidity: 84%
 -> Sent Weather | Zone: Kothrud       | Temp: 34.7°C | Humidity: 85%
 -> Sent Weather | Zone: Hadapsar      | Temp: 35.9°C | Humidity: 83%
 -> Sent Weather | Zone: Shivajinagar  | Temp: 35.4°C | Humidity: 83%

--- Emitting Weather Window: 14:37:34 ---
 -> Sent Weather | Zone: Hinjewadi     | Temp: 35.1°C | Humidity: 87%
 -> Sent Weather | Zone: FC Road       | Temp: 35.5°C | Humidity: 84%
 -> Sent Weather | Zone: Kothrud       | Temp: 35.0°C | Humidity: 86%
 -> Sent Weather | Zone: Hadapsar      | Temp: 35.9°C | Humidity: 83%
 -> Sent Weather | Zone: Shivajinagar  | Temp: 35.4°C | Humidity: 83%

--- Emitting Weather Window: 14:37:53 ---
 -> Sent Weather | Zone: Hinjewadi     | Temp: 35.1°C | Humidity: 87%
 -> Sent Weather | Zone: FC Road       | Temp: 35.6°C | Humidity: 84%
 -> Sent Weather | Zone: Kothrud       | Temp: 34.8°C | Humidity: 85%
 -> Sent Weather | Zone: Hadapsar      | Temp: 36.1°C | Humidity: 83%
 -> Sent Weather | Zone: Shivajinagar  | Temp: 35.4°C | Humidity: 83%

--- Emitting Weather Window: 14:38:20 ---
 -> Sent Weather | Zone: Hinjewadi     | Temp: 35.3°C | Humidity: 87%
 -> Sent Weather | Zone: FC Road       | Temp: 35.8°C | Humidity: 84%
 -> Sent Weather | Zone: Kothrud       | Temp: 34.9°C | Humidity: 86%
 -> Sent Weather | Zone: Hadapsar      | Temp: 35.7°C | Humidity: 82%
 -> Sent Weather | Zone: Shivajinagar  | Temp: 35.7°C | Humidity: 84%

--- Emitting Weather Window: 14:38:41 ---
 -> Sent Weather | Zone: Hinjewadi     | Temp: 34.9°C | Humidity: 86%
 -> Sent Weather | Zone: FC Road       | Temp: 35.4°C | Humidity: 83%
 -> Sent Weather | Zone: Kothrud       | Temp: 35.0°C | Humidity: 86%
 -> Sent Weather | Zone: Hadapsar      | Temp: 36.0°C | Humidity: 83%
 -> Sent Weather | Zone: Shivajinagar  | Temp: 35.4°C | Humidity: 83%

--- Emitting Weather Window: 14:39:00 ---
 -> Sent Weather | Zone: Hinjewadi     | Temp: 35.1°C | Humidity: 87%
 -> Sent Weather | Zone: FC Road       | Temp: 35.5°C | Humidity: 83%
 -> Sent Weather | Zone: Kothrud       | Temp: 35.0°C | Humidity: 86%
 -> Sent Weather | Zone: Hadapsar      | Temp: 35.8°C | Humidity: 82%
 -> Sent Weather | Zone: Shivajinagar  | Temp: 35.5°C | Humidity: 84%

--- Emitting Weather Window: 14:39:22 ---
 -> Sent Weather | Zone: Hinjewadi     | Temp: 35.2°C | Humidity: 87%
 -> Sent Weather | Zone: FC Road       | Temp: 35.5°C | Humidity: 83%
 -> Sent Weather | Zone: Kothrud       | Temp: 34.8°C | Humidity: 85%
 -> Sent Weather | Zone: Hadapsar      | Temp: 35.9°C | Humidity: 83%
 -> Sent Weather | Zone: Shivajinagar  | Temp: 35.2°C | Humidity: 83%

--- Emitting Weather Window: 14:39:45 ---
 -> Sent Weather | Zone: Hinjewadi     | Temp: 34.7°C | Humidity: 86%
 -> Sent Weather | Zone: FC Road       | Temp: 35.3°C | Humidity: 83%
 -> Sent Weather | Zone: Kothrud       | Temp: 35.2°C | Humidity: 86%
 -> Sent Weather | Zone: Hadapsar      | Temp: 35.5°C | Humidity: 82%
 -> Sent Weather | Zone: Shivajinagar  | Temp: 35.8°C | Humidity: 84%

--- Emitting Weather Window: 14:40:10 ---
 -> Sent Weather | Zone: Hinjewadi     | Temp: 35.2°C | Humidity: 87%
 -> Sent Weather | Zone: FC Road       | Temp: 35.6°C | Humidity: 84%
 -> Sent Weather | Zone: Kothrud       | Temp: 34.8°C | Humidity: 85%
 -> Sent Weather | Zone: Hadapsar      | Temp: 35.5°C | Humidity: 82%
 -> Sent Weather | Zone: Shivajinagar  | Temp: 35.3°C | Humidity: 83%

--- Emitting Weather Window: 14:40:39 ---
 -> Sent Weather | Zone: Hinjewadi     | Temp: 35.1°C | Humidity: 87%
✅ Weather Kafka Producer initialized.
🚀 Weather Streaming Engine Activated.

--- Emitting Weather Window: 14:48:15 ---
 -> Sent Weather | Zone: Hinjewadi     | Temp: 34.8°C | Humidity: 87%
 -> Sent Weather | Zone: FC Road       | Temp: 35.2°C | Humidity: 83%
 -> Sent Weather | Zone: Kothrud       | Temp: 34.7°C | Humidity: 85%
 -> Sent Weather | Zone: Hadapsar      | Temp: 35.8°C | Humidity: 82%
 -> Sent Weather | Zone: Shivajinagar  | Temp: 35.7°C | Humidity: 84%

--- Emitting Weather Window: 14:48:35 ---
 -> Sent Weather | Zone: Hinjewadi     | Temp: 35.0°C | Humidity: 87%
 -> Sent Weather | Zone: FC Road       | Temp: 35.7°C | Humidity: 84%
 -> Sent Weather | Zone: Kothrud       | Temp: 34.5°C | Humidity: 85%
 -> Sent Weather | Zone: Hadapsar      | Temp: 36.0°C | Humidity: 83%
 -> Sent Weather | Zone: Shivajinagar  | Temp: 35.8°C | Humidity: 84%

--- Emitting Weather Window: 14:48:55 ---
 -> Sent Weather | Zone: Hinjewadi     | Temp: 35.0°C | Humidity: 87%
 -> Sent Weather | Zone: FC Road       | Temp: 35.8°C | Humidity: 84%
 -> Sent Weather | Zone: Kothrud       | Temp: 35.1°C | Humidity: 86%
 -> Sent Weather | Zone: Hadapsar      | Temp: 36.1°C | Humidity: 83%
 -> Sent Weather | Zone: Shivajinagar  | Temp: 35.5°C | Humidity: 84%

--- Emitting Weather Window: 14:49:15 ---
 -> Sent Weather | Zone: Hinjewadi     | Temp: 34.5°C | Humidity: 86%
 -> Sent Weather | Zone: FC Road       | Temp: 35.3°C | Humidity: 83%
 -> Sent Weather | Zone: Kothrud       | Temp: 35.0°C | Humidity: 86%
 -> Sent Weather | Zone: Hadapsar      | Temp: 36.0°C | Humidity: 83%
 -> Sent Weather | Zone: Shivajinagar  | Temp: 35.6°C | Humidity: 84%

--- Emitting Weather Window: 14:49:40 ---
 -> Sent Weather | Zone: Hinjewadi     | Temp: 34.6°C | Humidity: 86%
 -> Sent Weather | Zone: FC Road       | Temp: 35.8°C | Humidity: 84%
 -> Sent Weather | Zone: Kothrud       | Temp: 35.1°C | Humidity: 86%
 -> Sent Weather | Zone: Hadapsar      | Temp: 35.7°C | Humidity: 82%
 -> Sent Weather | Zone: Shivajinagar  | Temp: 35.7°C | Humidity: 84%

--- Emitting Weather Window: 14:50:00 ---
 -> Sent Weather | Zone: Hinjewadi     | Temp: 34.6°C | Humidity: 86%
 -> Sent Weather | Zone: FC Road       | Temp: 35.4°C | Humidity: 83%
 -> Sent Weather | Zone: Kothrud       | Temp: 34.9°C | Humidity: 86%
 -> Sent Weather | Zone: Hadapsar      | Temp: 36.0°C | Humidity: 83%
 -> Sent Weather | Zone: Shivajinagar  | Temp: 35.3°C | Humidity: 83%

--- Emitting Weather Window: 14:50:38 ---
⚠️ API Fetch error: HTTPSConnectionPool(host='api.open-meteo.com', port=443): Read timed out. (read timeout=10)
 -> Sent Weather | Zone: Hinjewadi     | Temp: 31.9°C | Humidity: 59%
 -> Sent Weather | Zone: FC Road       | Temp: 35.3°C | Humidity: 83%
 -> Sent Weather | Zone: Kothrud       | Temp: 34.5°C | Humidity: 85%
 -> Sent Weather | Zone: Hadapsar      | Temp: 35.6°C | Humidity: 82%
 -> Sent Weather | Zone: Shivajinagar  | Temp: 35.3°C | Humidity: 83%

--- Emitting Weather Window: 14:51:12 ---
 -> Sent Weather | Zone: Hinjewadi     | Temp: 35.1°C | Humidity: 87%
 -> Sent Weather | Zone: FC Road       | Temp: 35.5°C | Humidity: 83%
 -> Sent Weather | Zone: Kothrud       | Temp: 35.0°C | Humidity: 86%
 -> Sent Weather | Zone: Hadapsar      | Temp: 36.0°C | Humidity: 83%
 -> Sent Weather | Zone: Shivajinagar  | Temp: 35.2°C | Humidity: 83%

--- Emitting Weather Window: 14:51:33 ---
 -> Sent Weather | Zone: Hinjewadi     | Temp: 34.9°C | Humidity: 87%
 -> Sent Weather | Zone: FC Road       | Temp: 35.8°C | Humidity: 84%
 -> Sent Weather | Zone: Kothrud       | Temp: 34.9°C | Humidity: 86%
 -> Sent Weather | Zone: Hadapsar      | Temp: 35.8°C | Humidity: 83%
 -> Sent Weather | Zone: Shivajinagar  | Temp: 35.6°C | Humidity: 84%

--- Emitting Weather Window: 14:51:58 ---
 -> Sent Weather | Zone: Hinjewadi     | Temp: 34.7°C | Humidity: 86%
 -> Sent Weather | Zone: FC Road       | Temp: 35.4°C | Humidity: 83%
 -> Sent Weather | Zone: Kothrud       | Temp: 34.9°C | Humidity: 86%
 -> Sent Weather | Zone: Hadapsar      | Temp: 35.9°C | Humidity: 83%
 -> Sent Weather | Zone: Shivajinagar  | Temp: 35.8°C | Humidity: 84%

--- Emitting Weather Window: 14:52:22 ---
 -> Sent Weather | Zone: Hinjewadi     | Temp: 34.9°C | Humidity: 87%
 -> Sent Weather | Zone: FC Road       | Temp: 35.8°C | Humidity: 84%
 -> Sent Weather | Zone: Kothrud       | Temp: 34.7°C | Humidity: 85%
 -> Sent Weather | Zone: Hadapsar      | Temp: 35.6°C | Humidity: 82%
 -> Sent Weather | Zone: Shivajinagar  | Temp: 35.4°C | Humidity: 83%

--- Emitting Weather Window: 14:52:45 ---
 -> Sent Weather | Zone: Hinjewadi     | Temp: 34.5°C | Humidity: 86%
 -> Sent Weather | Zone: FC Road       | Temp: 35.5°C | Humidity: 84%
 -> Sent Weather | Zone: Kothrud       | Temp: 34.7°C | Humidity: 85%
 -> Sent Weather | Zone: Hadapsar      | Temp: 36.0°C | Humidity: 83%
 -> Sent Weather | Zone: Shivajinagar  | Temp: 35.6°C | Humidity: 84%

--- Emitting Weather Window: 14:53:04 ---
 -> Sent Weather | Zone: Hinjewadi     | Temp: 34.7°C | Humidity: 86%
 -> Sent Weather | Zone: FC Road       | Temp: 35.8°C | Humidity: 84%
 -> Sent Weather | Zone: Kothrud       | Temp: 34.6°C | Humidity: 85%
 -> Sent Weather | Zone: Hadapsar      | Temp: 36.0°C | Humidity: 83%
 -> Sent Weather | Zone: Shivajinagar  | Temp: 35.7°C | Humidity: 84%

--- Emitting Weather Window: 14:53:24 ---
 -> Sent Weather | Zone: Hinjewadi     | Temp: 34.5°C | Humidity: 86%
 -> Sent Weather | Zone: FC Road       | Temp: 35.8°C | Humidity: 84%
 -> Sent Weather | Zone: Kothrud       | Temp: 35.0°C | Humidity: 86%
 -> Sent Weather | Zone: Hadapsar      | Temp: 35.9°C | Humidity: 83%
 -> Sent Weather | Zone: Shivajinagar  | Temp: 35.2°C | Humidity: 83%

--- Emitting Weather Window: 14:53:48 ---
 -> Sent Weather | Zone: Hinjewadi     | Temp: 35.1°C | Humidity: 87%
 -> Sent Weather | Zone: FC Road       | Temp: 35.1°C | Humidity: 83%
 -> Sent Weather | Zone: Kothrud       | Temp: 34.7°C | Humidity: 85%
 -> Sent Weather | Zone: Hadapsar      | Temp: 35.5°C | Humidity: 82%
 -> Sent Weather | Zone: Shivajinagar  | Temp: 35.4°C | Humidity: 83%

--- Emitting Weather Window: 14:54:09 ---
 -> Sent Weather | Zone: Hinjewadi     | Temp: 34.6°C | Humidity: 86%
 -> Sent Weather | Zone: FC Road       | Temp: 35.5°C | Humidity: 83%
 -> Sent Weather | Zone: Kothrud       | Temp: 34.8°C | Humidity: 85%
 -> Sent Weather | Zone: Hadapsar      | Temp: 35.8°C | Humidity: 82%
 -> Sent Weather | Zone: Shivajinagar  | Temp: 35.8°C | Humidity: 84%

--- Emitting Weather Window: 14:54:29 ---
 -> Sent Weather | Zone: Hinjewadi     | Temp: 35.1°C | Humidity: 87%
 -> Sent Weather | Zone: FC Road       | Temp: 35.6°C | Humidity: 84%
 -> Sent Weather | Zone: Kothrud       | Temp: 34.6°C | Humidity: 85%
⚠️ API Fetch error: HTTPSConnectionPool(host='api.open-meteo.com', port=443): Read timed out. (read timeout=10)
 -> Sent Weather | Zone: Hadapsar      | Temp: 31.8°C | Humidity: 59%
 -> Sent Weather | Zone: Shivajinagar  | Temp: 35.8°C | Humidity: 84%

--- Emitting Weather Window: 14:54:59 ---
 -> Sent Weather | Zone: Hinjewadi     | Temp: 34.5°C | Humidity: 86%
 -> Sent Weather | Zone: FC Road       | Temp: 35.8°C | Humidity: 84%
 -> Sent Weather | Zone: Kothrud       | Temp: 35.0°C | Humidity: 86%
 -> Sent Weather | Zone: Hadapsar      | Temp: 36.0°C | Humidity: 83%
 -> Sent Weather | Zone: Shivajinagar  | Temp: 35.4°C | Humidity: 83%

--- Emitting Weather Window: 14:55:19 ---
 -> Sent Weather | Zone: Hinjewadi     | Temp: 34.9°C | Humidity: 87%
 -> Sent Weather | Zone: FC Road       | Temp: 35.1°C | Humidity: 83%
 -> Sent Weather | Zone: Kothrud       | Temp: 35.1°C | Humidity: 86%
 -> Sent Weather | Zone: Hadapsar      | Temp: 36.1°C | Humidity: 83%
 -> Sent Weather | Zone: Shivajinagar  | Temp: 35.2°C | Humidity: 83%

--- Emitting Weather Window: 14:55:38 ---
 -> Sent Weather | Zone: Hinjewadi     | Temp: 35.0°C | Humidity: 87%
 -> Sent Weather | Zone: FC Road       | Temp: 35.2°C | Humidity: 83%
 -> Sent Weather | Zone: Kothrud       | Temp: 34.8°C | Humidity: 86%
 -> Sent Weather | Zone: Hadapsar      | Temp: 35.9°C | Humidity: 83%
 -> Sent Weather | Zone: Shivajinagar  | Temp: 35.6°C | Humidity: 84%

--- Emitting Weather Window: 14:55:58 ---
 -> Sent Weather | Zone: Hinjewadi     | Temp: 34.9°C | Humidity: 87%
 -> Sent Weather | Zone: FC Road       | Temp: 35.4°C | Humidity: 83%
 -> Sent Weather | Zone: Kothrud       | Temp: 34.7°C | Humidity: 85%
 -> Sent Weather | Zone: Hadapsar      | Temp: 35.7°C | Humidity: 82%
 -> Sent Weather | Zone: Shivajinagar  | Temp: 35.7°C | Humidity: 84%

--- Emitting Weather Window: 14:56:17 ---
 -> Sent Weather | Zone: Hinjewadi     | Temp: 35.1°C | Humidity: 87%
 -> Sent Weather | Zone: FC Road       | Temp: 35.2°C | Humidity: 83%
 -> Sent Weather | Zone: Kothrud       | Temp: 34.6°C | Humidity: 85%
 -> Sent Weather | Zone: Hadapsar      | Temp: 35.5°C | Humidity: 82%
 -> Sent Weather | Zone: Shivajinagar  | Temp: 35.3°C | Humidity: 83%

--- Emitting Weather Window: 14:56:37 ---
 -> Sent Weather | Zone: Hinjewadi     | Temp: 34.8°C | Humidity: 86%
 -> Sent Weather | Zone: FC Road       | Temp: 35.5°C | Humidity: 84%
 -> Sent Weather | Zone: Kothrud       | Temp: 34.8°C | Humidity: 85%
 -> Sent Weather | Zone: Hadapsar      | Temp: 35.6°C | Humidity: 82%
 -> Sent Weather | Zone: Shivajinagar  | Temp: 35.4°C | Humidity: 83%

--- Emitting Weather Window: 14:56:56 ---
 -> Sent Weather | Zone: Hinjewadi     | Temp: 35.1°C | Humidity: 87%
 -> Sent Weather | Zone: FC Road       | Temp: 35.3°C | Humidity: 83%
 -> Sent Weather | Zone: Kothrud       | Temp: 35.1°C | Humidity: 86%
 -> Sent Weather | Zone: Hadapsar      | Temp: 35.5°C | Humidity: 82%
 -> Sent Weather | Zone: Shivajinagar  | Temp: 35.3°C | Humidity: 83%

--- Emitting Weather Window: 14:57:15 ---
 -> Sent Weather | Zone: Hinjewadi     | Temp: 35.1°C | Humidity: 87%
 -> Sent Weather | Zone: FC Road       | Temp: 35.2°C | Humidity: 83%
 -> Sent Weather | Zone: Kothrud       | Temp: 35.0°C | Humidity: 86%
⚠️ API Fetch error: HTTPSConnectionPool(host='api.open-meteo.com', port=443): Read timed out. (read timeout=10)
 -> Sent Weather | Zone: Hadapsar      | Temp: 31.9°C | Humidity: 59%
 -> Sent Weather | Zone: Shivajinagar  | Temp: 35.6°C | Humidity: 84%

--- Emitting Weather Window: 14:57:44 ---
 -> Sent Weather | Zone: Hinjewadi     | Temp: 35.0°C | Humidity: 87%
 -> Sent Weather | Zone: FC Road       | Temp: 35.5°C | Humidity: 84%
 -> Sent Weather | Zone: Kothrud       | Temp: 35.1°C | Humidity: 86%
 -> Sent Weather | Zone: Hadapsar      | Temp: 36.2°C | Humidity: 83%
 -> Sent Weather | Zone: Shivajinagar  | Temp: 35.3°C | Humidity: 83%

--- Emitting Weather Window: 14:58:04 ---
 -> Sent Weather | Zone: Hinjewadi     | Temp: 34.5°C | Humidity: 86%
 -> Sent Weather | Zone: FC Road       | Temp: 35.8°C | Humidity: 84%
 -> Sent Weather | Zone: Kothrud       | Temp: 34.5°C | Humidity: 85%
 -> Sent Weather | Zone: Hadapsar      | Temp: 36.1°C | Humidity: 83%
 -> Sent Weather | Zone: Shivajinagar  | Temp: 35.5°C | Humidity: 83%

--- Emitting Weather Window: 14:58:24 ---
 -> Sent Weather | Zone: Hinjewadi     | Temp: 35.0°C | Humidity: 87%
 -> Sent Weather | Zone: FC Road       | Temp: 35.8°C | Humidity: 84%
 -> Sent Weather | Zone: Kothrud       | Temp: 34.5°C | Humidity: 85%
 -> Sent Weather | Zone: Hadapsar      | Temp: 35.7°C | Humidity: 82%
 -> Sent Weather | Zone: Shivajinagar  | Temp: 35.8°C | Humidity: 84%

--- Emitting Weather Window: 14:58:44 ---
 -> Sent Weather | Zone: Hinjewadi     | Temp: 35.0°C | Humidity: 87%
 -> Sent Weather | Zone: FC Road       | Temp: 35.4°C | Humidity: 83%
 -> Sent Weather | Zone: Kothrud       | Temp: 34.7°C | Humidity: 85%
 -> Sent Weather | Zone: Hadapsar      | Temp: 36.1°C | Humidity: 83%
 -> Sent Weather | Zone: Shivajinagar  | Temp: 35.4°C | Humidity: 83%

--- Emitting Weather Window: 14:59:14 ---
 -> Sent Weather | Zone: Hinjewadi     | Temp: 34.8°C | Humidity: 87%
 -> Sent Weather | Zone: FC Road       | Temp: 35.2°C | Humidity: 83%
 -> Sent Weather | Zone: Kothrud       | Temp: 35.0°C | Humidity: 86%
 -> Sent Weather | Zone: Hadapsar      | Temp: 35.6°C | Humidity: 82%
 -> Sent Weather | Zone: Shivajinagar  | Temp: 35.4°C | Humidity: 83%

--- Emitting Weather Window: 14:59:37 ---
 -> Sent Weather | Zone: Hinjewadi     | Temp: 34.7°C | Humidity: 86%
 -> Sent Weather | Zone: FC Road       | Temp: 35.5°C | Humidity: 84%
 -> Sent Weather | Zone: Kothrud       | Temp: 34.9°C | Humidity: 86%
 -> Sent Weather | Zone: Hadapsar      | Temp: 35.9°C | Humidity: 83%
 -> Sent Weather | Zone: Shivajinagar  | Temp: 35.4°C | Humidity: 83%

--- Emitting Weather Window: 14:59:58 ---
 -> Sent Weather | Zone: Hinjewadi     | Temp: 34.5°C | Humidity: 86%
⚠️ API Fetch error: HTTPSConnectionPool(host='api.open-meteo.com', port=443): Read timed out. (read timeout=10)
 -> Sent Weather | Zone: FC Road       | Temp: 31.9°C | Humidity: 59%
 -> Sent Weather | Zone: Kothrud       | Temp: 34.7°C | Humidity: 86%
 -> Sent Weather | Zone: Hadapsar      | Temp: 35.7°C | Humidity: 82%
 -> Sent Weather | Zone: Shivajinagar  | Temp: 35.4°C | Humidity: 84%

--- Emitting Weather Window: 15:00:41 ---
 -> Sent Weather | Zone: Hinjewadi     | Temp: 34.5°C | Humidity: 86%
 -> Sent Weather | Zone: FC Road       | Temp: 35.2°C | Humidity: 84%
 -> Sent Weather | Zone: Kothrud       | Temp: 34.6°C | Humidity: 85%
 -> Sent Weather | Zone: Hadapsar      | Temp: 35.4°C | Humidity: 82%
 -> Sent Weather | Zone: Shivajinagar  | Temp: 34.9°C | Humidity: 83%

--- Emitting Weather Window: 15:01:05 ---
 -> Sent Weather | Zone: Hinjewadi     | Temp: 34.4°C | Humidity: 86%
 -> Sent Weather | Zone: FC Road       | Temp: 34.9°C | Humidity: 83%
 -> Sent Weather | Zone: Kothrud       | Temp: 34.3°C | Humidity: 85%
 -> Sent Weather | Zone: Hadapsar      | Temp: 35.8°C | Humidity: 83%
 -> Sent Weather | Zone: Shivajinagar  | Temp: 35.4°C | Humidity: 84%

--- Emitting Weather Window: 15:01:24 ---
 -> Sent Weather | Zone: Hinjewadi     | Temp: 34.8°C | Humidity: 87%
 -> Sent Weather | Zone: FC Road       | Temp: 35.1°C | Humidity: 83%
 -> Sent Weather | Zone: Kothrud       | Temp: 34.5°C | Humidity: 85%
 -> Sent Weather | Zone: Hadapsar      | Temp: 36.0°C | Humidity: 83%
 -> Sent Weather | Zone: Shivajinagar  | Temp: 34.9°C | Humidity: 83%

--- Emitting Weather Window: 15:01:44 ---
 -> Sent Weather | Zone: Hinjewadi     | Temp: 34.8°C | Humidity: 87%
 -> Sent Weather | Zone: FC Road       | Temp: 35.1°C | Humidity: 83%
 -> Sent Weather | Zone: Kothrud       | Temp: 34.9°C | Humidity: 86%
 -> Sent Weather | Zone: Hadapsar      | Temp: 35.5°C | Humidity: 82%
 -> Sent Weather | Zone: Shivajinagar  | Temp: 35.3°C | Humidity: 84%

--- Emitting Weather Window: 15:02:05 ---
 -> Sent Weather | Zone: Hinjewadi     | Temp: 34.4°C | Humidity: 86%
 -> Sent Weather | Zone: FC Road       | Temp: 35.5°C | Humidity: 84%
 -> Sent Weather | Zone: Kothrud       | Temp: 34.9°C | Humidity: 86%
 -> Sent Weather | Zone: Hadapsar      | Temp: 36.1°C | Humidity: 83%
 -> Sent Weather | Zone: Shivajinagar  | Temp: 34.9°C | Humidity: 83%

--- Emitting Weather Window: 15:02:26 ---
 -> Sent Weather | Zone: Hinjewadi     | Temp: 34.7°C | Humidity: 87%
 -> Sent Weather | Zone: FC Road       | Temp: 35.1°C | Humidity: 83%
 -> Sent Weather | Zone: Kothrud       | Temp: 34.4°C | Humidity: 85%
 -> Sent Weather | Zone: Hadapsar      | Temp: 35.4°C | Humidity: 82%
 -> Sent Weather | Zone: Shivajinagar  | Temp: 34.9°C | Humidity: 83%

--- Emitting Weather Window: 15:02:56 ---
 -> Sent Weather | Zone: Hinjewadi     | Temp: 34.8°C | Humidity: 87%
 -> Sent Weather | Zone: FC Road       | Temp: 35.2°C | Humidity: 84%
 -> Sent Weather | Zone: Kothrud       | Temp: 34.6°C | Humidity: 85%
 -> Sent Weather | Zone: Hadapsar      | Temp: 35.7°C | Humidity: 83%
 -> Sent Weather | Zone: Shivajinagar  | Temp: 35.4°C | Humidity: 84%

--- Emitting Weather Window: 15:03:18 ---
 -> Sent Weather | Zone: Hinjewadi     | Temp: 34.6°C | Humidity: 87%
 -> Sent Weather | Zone: FC Road       | Temp: 35.0°C | Humidity: 83%
 -> Sent Weather | Zone: Kothrud       | Temp: 34.4°C | Humidity: 85%
 -> Sent Weather | Zone: Hadapsar      | Temp: 35.8°C | Humidity: 83%
 -> Sent Weather | Zone: Shivajinagar  | Temp: 35.5°C | Humidity: 84%

--- Emitting Weather Window: 15:03:38 ---
 -> Sent Weather | Zone: Hinjewadi     | Temp: 34.9°C | Humidity: 87%
 -> Sent Weather | Zone: FC Road       | Temp: 35.2°C | Humidity: 84%
 -> Sent Weather | Zone: Kothrud       | Temp: 34.3°C | Humidity: 85%
 -> Sent Weather | Zone: Hadapsar      | Temp: 35.7°C | Humidity: 83%
 -> Sent Weather | Zone: Shivajinagar  | Temp: 35.0°C | Humidity: 83%

--- Emitting Weather Window: 15:03:57 ---
 -> Sent Weather | Zone: Hinjewadi     | Temp: 34.6°C | Humidity: 86%
 -> Sent Weather | Zone: FC Road       | Temp: 35.2°C | Humidity: 83%
 -> Sent Weather | Zone: Kothrud       | Temp: 34.7°C | Humidity: 86%
 -> Sent Weather | Zone: Hadapsar      | Temp: 35.6°C | Humidity: 82%
 -> Sent Weather | Zone: Shivajinagar  | Temp: 35.4°C | Humidity: 84%

--- Emitting Weather Window: 15:04:18 ---
 -> Sent Weather | Zone: Hinjewadi     | Temp: 34.8°C | Humidity: 87%
 -> Sent Weather | Zone: FC Road       | Temp: 35.4°C | Humidity: 84%
 -> Sent Weather | Zone: Kothrud       | Temp: 34.7°C | Humidity: 86%
 -> Sent Weather | Zone: Hadapsar      | Temp: 35.7°C | Humidity: 82%
 -> Sent Weather | Zone: Shivajinagar  | Temp: 35.4°C | Humidity: 84%

--- Emitting Weather Window: 15:04:38 ---
 -> Sent Weather | Zone: Hinjewadi     | Temp: 34.8°C | Humidity: 87%
 -> Sent Weather | Zone: FC Road       | Temp: 34.9°C | Humidity: 83%
 -> Sent Weather | Zone: Kothrud       | Temp: 34.5°C | Humidity: 85%
 -> Sent Weather | Zone: Hadapsar      | Temp: 35.4°C | Humidity: 82%
 -> Sent Weather | Zone: Shivajinagar  | Temp: 35.5°C | Humidity: 84%

--- Emitting Weather Window: 15:04:59 ---
 -> Sent Weather | Zone: Hinjewadi     | Temp: 34.4°C | Humidity: 86%
 -> Sent Weather | Zone: FC Road       | Temp: 35.3°C | Humidity: 84%
 -> Sent Weather | Zone: Kothrud       | Temp: 34.7°C | Humidity: 86%
 -> Sent Weather | Zone: Hadapsar      | Temp: 35.5°C | Humidity: 82%
 -> Sent Weather | Zone: Shivajinagar  | Temp: 35.2°C | Humidity: 84%

--- Emitting Weather Window: 15:05:19 ---
 -> Sent Weather | Zone: Hinjewadi     | Temp: 34.7°C | Humidity: 87%
 -> Sent Weather | Zone: FC Road       | Temp: 35.0°C | Humidity: 83%
 -> Sent Weather | Zone: Kothrud       | Temp: 34.8°C | Humidity: 86%
 -> Sent Weather | Zone: Hadapsar      | Temp: 35.5°C | Humidity: 82%
 -> Sent Weather | Zone: Shivajinagar  | Temp: 35.2°C | Humidity: 83%

--- Emitting Weather Window: 15:05:40 ---
 -> Sent Weather | Zone: Hinjewadi     | Temp: 34.8°C | Humidity: 87%
 -> Sent Weather | Zone: FC Road       | Temp: 35.4°C | Humidity: 84%
 -> Sent Weather | Zone: Kothrud       | Temp: 34.8°C | Humidity: 86%
 -> Sent Weather | Zone: Hadapsar      | Temp: 35.8°C | Humidity: 83%
 -> Sent Weather | Zone: Shivajinagar  | Temp: 35.5°C | Humidity: 84%

--- Emitting Weather Window: 15:06:01 ---
 -> Sent Weather | Zone: Hinjewadi     | Temp: 34.7°C | Humidity: 87%
 -> Sent Weather | Zone: FC Road       | Temp: 35.5°C | Humidity: 84%
 -> Sent Weather | Zone: Kothrud       | Temp: 34.3°C | Humidity: 85%
 -> Sent Weather | Zone: Hadapsar      | Temp: 36.0°C | Humidity: 83%
 -> Sent Weather | Zone: Shivajinagar  | Temp: 35.0°C | Humidity: 83%

--- Emitting Weather Window: 15:06:21 ---
 -> Sent Weather | Zone: Hinjewadi     | Temp: 34.5°C | Humidity: 86%
 -> Sent Weather | Zone: FC Road       | Temp: 35.2°C | Humidity: 84%
 -> Sent Weather | Zone: Kothrud       | Temp: 34.7°C | Humidity: 86%
 -> Sent Weather | Zone: Hadapsar      | Temp: 35.4°C | Humidity: 82%
 -> Sent Weather | Zone: Shivajinagar  | Temp: 35.0°C | Humidity: 83%

--- Emitting Weather Window: 15:06:41 ---
 -> Sent Weather | Zone: Hinjewadi     | Temp: 34.3°C | Humidity: 86%
 -> Sent Weather | Zone: FC Road       | Temp: 34.9°C | Humidity: 83%
 -> Sent Weather | Zone: Kothrud       | Temp: 34.9°C | Humidity: 86%
 -> Sent Weather | Zone: Hadapsar      | Temp: 35.4°C | Humidity: 82%
 -> Sent Weather | Zone: Shivajinagar  | Temp: 35.2°C | Humidity: 83%

--- Emitting Weather Window: 15:07:01 ---
 -> Sent Weather | Zone: Hinjewadi     | Temp: 34.4°C | Humidity: 86%
 -> Sent Weather | Zone: FC Road       | Temp: 34.9°C | Humidity: 83%
 -> Sent Weather | Zone: Kothrud       | Temp: 34.8°C | Humidity: 86%
 -> Sent Weather | Zone: Hadapsar      | Temp: 36.0°C | Humidity: 83%
 -> Sent Weather | Zone: Shivajinagar  | Temp: 35.2°C | Humidity: 83%

--- Emitting Weather Window: 15:07:23 ---
 -> Sent Weather | Zone: Hinjewadi     | Temp: 34.8°C | Humidity: 87%
 -> Sent Weather | Zone: FC Road       | Temp: 35.2°C | Humidity: 84%
 -> Sent Weather | Zone: Kothrud       | Temp: 34.5°C | Humidity: 85%
 -> Sent Weather | Zone: Hadapsar      | Temp: 35.5°C | Humidity: 82%
 -> Sent Weather | Zone: Shivajinagar  | Temp: 35.4°C | Humidity: 84%

--- Emitting Weather Window: 15:07:45 ---
 -> Sent Weather | Zone: Hinjewadi     | Temp: 34.8°C | Humidity: 87%
 -> Sent Weather | Zone: FC Road       | Temp: 35.2°C | Humidity: 84%
 -> Sent Weather | Zone: Kothrud       | Temp: 34.5°C | Humidity: 85%
 -> Sent Weather | Zone: Hadapsar      | Temp: 35.9°C | Humidity: 83%
 -> Sent Weather | Zone: Shivajinagar  | Temp: 35.1°C | Humidity: 83%

--- Emitting Weather Window: 15:08:04 ---
⚠️ API Fetch error: HTTPSConnectionPool(host='api.open-meteo.com', port=443): Read timed out. (read timeout=10)
 -> Sent Weather | Zone: Hinjewadi     | Temp: 31.9°C | Humidity: 59%
 -> Sent Weather | Zone: FC Road       | Temp: 34.9°C | Humidity: 83%
 -> Sent Weather | Zone: Kothrud       | Temp: 34.9°C | Humidity: 86%
 -> Sent Weather | Zone: Hadapsar      | Temp: 36.0°C | Humidity: 83%
 -> Sent Weather | Zone: Shivajinagar  | Temp: 35.0°C | Humidity: 83%

--- Emitting Weather Window: 15:08:35 ---
 -> Sent Weather | Zone: Hinjewadi     | Temp: 34.9°C | Humidity: 87%
 -> Sent Weather | Zone: FC Road       | Temp: 35.0°C | Humidity: 83%
 -> Sent Weather | Zone: Kothrud       | Temp: 34.7°C | Humidity: 86%
 -> Sent Weather | Zone: Hadapsar      | Temp: 35.9°C | Humidity: 83%
 -> Sent Weather | Zone: Shivajinagar  | Temp: 35.4°C | Humidity: 84%

--- Emitting Weather Window: 15:08:56 ---
 -> Sent Weather | Zone: Hinjewadi     | Temp: 34.8°C | Humidity: 87%
 -> Sent Weather | Zone: FC Road       | Temp: 35.5°C | Humidity: 84%
 -> Sent Weather | Zone: Kothrud       | Temp: 34.5°C | Humidity: 85%
 -> Sent Weather | Zone: Hadapsar      | Temp: 35.8°C | Humidity: 83%
 -> Sent Weather | Zone: Shivajinagar  | Temp: 35.5°C | Humidity: 84%

--- Emitting Weather Window: 15:09:16 ---
 -> Sent Weather | Zone: Hinjewadi     | Temp: 34.3°C | Humidity: 86%
 -> Sent Weather | Zone: FC Road       | Temp: 35.4°C | Humidity: 84%
 -> Sent Weather | Zone: Kothrud       | Temp: 34.7°C | Humidity: 86%
 -> Sent Weather | Zone: Hadapsar      | Temp: 35.5°C | Humidity: 82%
 -> Sent Weather | Zone: Shivajinagar  | Temp: 35.3°C | Humidity: 84%

--- Emitting Weather Window: 15:09:36 ---
 -> Sent Weather | Zone: Hinjewadi     | Temp: 34.8°C | Humidity: 87%
 -> Sent Weather | Zone: FC Road       | Temp: 35.2°C | Humidity: 83%
 -> Sent Weather | Zone: Kothrud       | Temp: 34.5°C | Humidity: 85%
 -> Sent Weather | Zone: Hadapsar      | Temp: 36.0°C | Humidity: 83%
 -> Sent Weather | Zone: Shivajinagar  | Temp: 35.0°C | Humidity: 83%

--- Emitting Weather Window: 15:09:56 ---
 -> Sent Weather | Zone: Hinjewadi     | Temp: 34.9°C | Humidity: 87%
 -> Sent Weather | Zone: FC Road       | Temp: 34.9°C | Humidity: 83%
 -> Sent Weather | Zone: Kothrud       | Temp: 34.5°C | Humidity: 85%
 -> Sent Weather | Zone: Hadapsar      | Temp: 35.9°C | Humidity: 83%
 -> Sent Weather | Zone: Shivajinagar  | Temp: 34.9°C | Humidity: 83%

--- Emitting Weather Window: 15:10:30 ---
 -> Sent Weather | Zone: Hinjewadi     | Temp: 34.4°C | Humidity: 86%
 -> Sent Weather | Zone: FC Road       | Temp: 35.0°C | Humidity: 83%
 -> Sent Weather | Zone: Kothrud       | Temp: 34.5°C | Humidity: 85%
 -> Sent Weather | Zone: Hadapsar      | Temp: 36.0°C | Humidity: 83%
 -> Sent Weather | Zone: Shivajinagar  | Temp: 35.4°C | Humidity: 84%

--- Emitting Weather Window: 15:10:49 ---
 -> Sent Weather | Zone: Hinjewadi     | Temp: 34.7°C | Humidity: 87%
 -> Sent Weather | Zone: FC Road       | Temp: 35.4°C | Humidity: 84%
 -> Sent Weather | Zone: Kothrud       | Temp: 34.4°C | Humidity: 85%
 -> Sent Weather | Zone: Hadapsar      | Temp: 35.7°C | Humidity: 82%
 -> Sent Weather | Zone: Shivajinagar  | Temp: 35.2°C | Humidity: 83%

--- Emitting Weather Window: 15:11:08 ---
 -> Sent Weather | Zone: Hinjewadi     | Temp: 34.7°C | Humidity: 87%
 -> Sent Weather | Zone: FC Road       | Temp: 35.3°C | Humidity: 84%
 -> Sent Weather | Zone: Kothrud       | Temp: 34.6°C | Humidity: 86%
 -> Sent Weather | Zone: Hadapsar      | Temp: 35.6°C | Humidity: 82%
 -> Sent Weather | Zone: Shivajinagar  | Temp: 35.0°C | Humidity: 83%

--- Emitting Weather Window: 15:11:28 ---
 -> Sent Weather | Zone: Hinjewadi     | Temp: 34.8°C | Humidity: 87%
 -> Sent Weather | Zone: FC Road       | Temp: 34.9°C | Humidity: 83%
 -> Sent Weather | Zone: Kothrud       | Temp: 34.4°C | Humidity: 85%
 -> Sent Weather | Zone: Hadapsar      | Temp: 35.6°C | Humidity: 82%
 -> Sent Weather | Zone: Shivajinagar  | Temp: 35.2°C | Humidity: 83%

--- Emitting Weather Window: 15:11:48 ---
 -> Sent Weather | Zone: Hinjewadi     | Temp: 34.4°C | Humidity: 86%
 -> Sent Weather | Zone: FC Road       | Temp: 35.0°C | Humidity: 83%
 -> Sent Weather | Zone: Kothrud       | Temp: 34.3°C | Humidity: 85%
 -> Sent Weather | Zone: Hadapsar      | Temp: 35.5°C | Humidity: 82%
 -> Sent Weather | Zone: Shivajinagar  | Temp: 35.5°C | Humidity: 84%

--- Emitting Weather Window: 15:12:07 ---
 -> Sent Weather | Zone: Hinjewadi     | Temp: 34.8°C | Humidity: 87%
 -> Sent Weather | Zone: FC Road       | Temp: 35.0°C | Humidity: 83%
 -> Sent Weather | Zone: Kothrud       | Temp: 34.8°C | Humidity: 86%
 -> Sent Weather | Zone: Hadapsar      | Temp: 35.5°C | Humidity: 82%
 -> Sent Weather | Zone: Shivajinagar  | Temp: 34.9°C | Humidity: 83%

--- Emitting Weather Window: 15:12:26 ---
 -> Sent Weather | Zone: Hinjewadi     | Temp: 34.7°C | Humidity: 87%
 -> Sent Weather | Zone: FC Road       | Temp: 35.0°C | Humidity: 83%
 -> Sent Weather | Zone: Kothrud       | Temp: 34.3°C | Humidity: 85%
 -> Sent Weather | Zone: Hadapsar      | Temp: 35.5°C | Humidity: 82%
 -> Sent Weather | Zone: Shivajinagar  | Temp: 34.9°C | Humidity: 83%

--- Emitting Weather Window: 15:12:45 ---
 -> Sent Weather | Zone: Hinjewadi     | Temp: 34.5°C | Humidity: 86%
 -> Sent Weather | Zone: FC Road       | Temp: 35.1°C | Humidity: 83%
 -> Sent Weather | Zone: Kothrud       | Temp: 34.5°C | Humidity: 85%
 -> Sent Weather | Zone: Hadapsar      | Temp: 35.9°C | Humidity: 83%
 -> Sent Weather | Zone: Shivajinagar  | Temp: 35.1°C | Humidity: 83%

--- Emitting Weather Window: 15:13:05 ---
Traceback (most recent call last):
  File "/home/gaurav/Downloads/PROJECT/weather_producer.py", line 5, in <module>
    from kafka import KafkaProducer
ModuleNotFoundError: No module named 'kafka'
✅ Weather Kafka Producer initialized.
🚀 Weather Streaming Engine Activated.

--- Emitting Weather Window: 22:20:02 ---
 -> Sent Weather | Zone: Hinjewadi     | Temp: 26.0°C | Humidity: 87%
 -> Sent Weather | Zone: FC Road       | Temp: 26.1°C | Humidity: 83%
 -> Sent Weather | Zone: Kothrud       | Temp: 25.7°C | Humidity: 86%
 -> Sent Weather | Zone: Hadapsar      | Temp: 26.4°C | Humidity: 82%
 -> Sent Weather | Zone: Shivajinagar  | Temp: 26.0°C | Humidity: 83%

--- Emitting Weather Window: 22:20:35 ---
 -> Sent Weather | Zone: Hinjewadi     | Temp: 26.1°C | Humidity: 87%
 -> Sent Weather | Zone: FC Road       | Temp: 26.0°C | Humidity: 83%
 -> Sent Weather | Zone: Kothrud       | Temp: 25.5°C | Humidity: 85%
 -> Sent Weather | Zone: Hadapsar      | Temp: 26.7°C | Humidity: 82%
 -> Sent Weather | Zone: Shivajinagar  | Temp: 26.2°C | Humidity: 84%

--- Emitting Weather Window: 22:20:54 ---
 -> Sent Weather | Zone: Hinjewadi     | Temp: 26.2°C | Humidity: 87%
 -> Sent Weather | Zone: FC Road       | Temp: 26.1°C | Humidity: 83%
 -> Sent Weather | Zone: Kothrud       | Temp: 25.5°C | Humidity: 85%
 -> Sent Weather | Zone: Hadapsar      | Temp: 26.7°C | Humidity: 82%
 -> Sent Weather | Zone: Shivajinagar  | Temp: 26.2°C | Humidity: 84%

--- Emitting Weather Window: 22:21:12 ---
 -> Sent Weather | Zone: Hinjewadi     | Temp: 25.9°C | Humidity: 87%
 -> Sent Weather | Zone: FC Road       | Temp: 25.9°C | Humidity: 83%
 -> Sent Weather | Zone: Kothrud       | Temp: 25.4°C | Humidity: 85%
 -> Sent Weather | Zone: Hadapsar      | Temp: 26.8°C | Humidity: 83%
 -> Sent Weather | Zone: Shivajinagar  | Temp: 26.3°C | Humidity: 84%

--- Emitting Weather Window: 22:21:31 ---
 -> Sent Weather | Zone: Hinjewadi     | Temp: 25.7°C | Humidity: 86%
 -> Sent Weather | Zone: FC Road       | Temp: 26.0°C | Humidity: 83%
 -> Sent Weather | Zone: Kothrud       | Temp: 25.4°C | Humidity: 85%
 -> Sent Weather | Zone: Hadapsar      | Temp: 26.6°C | Humidity: 82%
 -> Sent Weather | Zone: Shivajinagar  | Temp: 26.1°C | Humidity: 83%

--- Emitting Weather Window: 22:21:50 ---
 -> Sent Weather | Zone: Hinjewadi     | Temp: 26.0°C | Humidity: 87%
 -> Sent Weather | Zone: FC Road       | Temp: 25.9°C | Humidity: 83%
 -> Sent Weather | Zone: Kothrud       | Temp: 25.7°C | Humidity: 86%
 -> Sent Weather | Zone: Hadapsar      | Temp: 26.7°C | Humidity: 83%
 -> Sent Weather | Zone: Shivajinagar  | Temp: 26.0°C | Humidity: 83%

--- Emitting Weather Window: 22:22:09 ---
 -> Sent Weather | Zone: Hinjewadi     | Temp: 25.9°C | Humidity: 87%
 -> Sent Weather | Zone: FC Road       | Temp: 25.9°C | Humidity: 83%
 -> Sent Weather | Zone: Kothrud       | Temp: 25.6°C | Humidity: 86%
 -> Sent Weather | Zone: Hadapsar      | Temp: 26.8°C | Humidity: 83%
 -> Sent Weather | Zone: Shivajinagar  | Temp: 26.2°C | Humidity: 84%

--- Emitting Weather Window: 22:22:27 ---
 -> Sent Weather | Zone: Hinjewadi     | Temp: 25.9°C | Humidity: 87%
 -> Sent Weather | Zone: FC Road       | Temp: 26.3°C | Humidity: 84%
 -> Sent Weather | Zone: Kothrud       | Temp: 25.5°C | Humidity: 85%
 -> Sent Weather | Zone: Hadapsar      | Temp: 26.6°C | Humidity: 82%
 -> Sent Weather | Zone: Shivajinagar  | Temp: 26.0°C | Humidity: 83%

--- Emitting Weather Window: 22:22:46 ---
 -> Sent Weather | Zone: Hinjewadi     | Temp: 25.9°C | Humidity: 86%
 -> Sent Weather | Zone: FC Road       | Temp: 25.9°C | Humidity: 83%
 -> Sent Weather | Zone: Kothrud       | Temp: 25.6°C | Humidity: 86%
 -> Sent Weather | Zone: Hadapsar      | Temp: 26.5°C | Humidity: 82%
 -> Sent Weather | Zone: Shivajinagar  | Temp: 26.0°C | Humidity: 83%

--- Emitting Weather Window: 22:23:05 ---
 -> Sent Weather | Zone: Hinjewadi     | Temp: 25.9°C | Humidity: 86%
 -> Sent Weather | Zone: FC Road       | Temp: 25.9°C | Humidity: 83%
 -> Sent Weather | Zone: Kothrud       | Temp: 25.3°C | Humidity: 85%
 -> Sent Weather | Zone: Hadapsar      | Temp: 26.4°C | Humidity: 82%
 -> Sent Weather | Zone: Shivajinagar  | Temp: 26.0°C | Humidity: 83%

--- Emitting Weather Window: 22:23:23 ---
 -> Sent Weather | Zone: Hinjewadi     | Temp: 26.0°C | Humidity: 87%
 -> Sent Weather | Zone: FC Road       | Temp: 26.2°C | Humidity: 84%
 -> Sent Weather | Zone: Kothrud       | Temp: 25.3°C | Humidity: 85%
 -> Sent Weather | Zone: Hadapsar      | Temp: 26.5°C | Humidity: 82%
 -> Sent Weather | Zone: Shivajinagar  | Temp: 26.1°C | Humidity: 83%

--- Emitting Weather Window: 22:23:42 ---
 -> Sent Weather | Zone: Hinjewadi     | Temp: 25.8°C | Humidity: 86%
 -> Sent Weather | Zone: FC Road       | Temp: 26.3°C | Humidity: 84%
 -> Sent Weather | Zone: Kothrud       | Temp: 25.3°C | Humidity: 85%
 -> Sent Weather | Zone: Hadapsar      | Temp: 26.7°C | Humidity: 82%
 -> Sent Weather | Zone: Shivajinagar  | Temp: 26.3°C | Humidity: 84%

--- Emitting Weather Window: 22:24:00 ---
 -> Sent Weather | Zone: Hinjewadi     | Temp: 26.0°C | Humidity: 87%
 -> Sent Weather | Zone: FC Road       | Temp: 26.0°C | Humidity: 83%
 -> Sent Weather | Zone: Kothrud       | Temp: 25.3°C | Humidity: 85%
 -> Sent Weather | Zone: Hadapsar      | Temp: 26.5°C | Humidity: 82%
 -> Sent Weather | Zone: Shivajinagar  | Temp: 25.9°C | Humidity: 83%

--- Emitting Weather Window: 22:24:19 ---
 -> Sent Weather | Zone: Hinjewadi     | Temp: 25.9°C | Humidity: 87%
 -> Sent Weather | Zone: FC Road       | Temp: 26.0°C | Humidity: 83%
 -> Sent Weather | Zone: Kothrud       | Temp: 25.7°C | Humidity: 86%
 -> Sent Weather | Zone: Hadapsar      | Temp: 26.9°C | Humidity: 83%
 -> Sent Weather | Zone: Shivajinagar  | Temp: 26.0°C | Humidity: 83%

--- Emitting Weather Window: 22:24:38 ---
 -> Sent Weather | Zone: Hinjewadi     | Temp: 25.7°C | Humidity: 86%
 -> Sent Weather | Zone: FC Road       | Temp: 26.0°C | Humidity: 83%
 -> Sent Weather | Zone: Kothrud       | Temp: 25.3°C | Humidity: 85%
 -> Sent Weather | Zone: Hadapsar      | Temp: 26.8°C | Humidity: 83%
 -> Sent Weather | Zone: Shivajinagar  | Temp: 25.8°C | Humidity: 83%

--- Emitting Weather Window: 22:24:56 ---
 -> Sent Weather | Zone: Hinjewadi     | Temp: 25.8°C | Humidity: 86%
 -> Sent Weather | Zone: FC Road       | Temp: 25.9°C | Humidity: 83%
 -> Sent Weather | Zone: Kothrud       | Temp: 25.3°C | Humidity: 85%
 -> Sent Weather | Zone: Hadapsar      | Temp: 26.5°C | Humidity: 82%
 -> Sent Weather | Zone: Shivajinagar  | Temp: 26.3°C | Humidity: 84%
✅ Weather Kafka Producer initialized.
🚀 Weather Streaming Engine Activated.

--- Emitting Weather Window: 22:25:13 ---
 -> Sent Weather | Zone: Hinjewadi     | Temp: 26.0°C | Humidity: 87%
 -> Sent Weather | Zone: FC Road       | Temp: 26.3°C | Humidity: 84%
 -> Sent Weather | Zone: Kothrud       | Temp: 25.4°C | Humidity: 85%
 -> Sent Weather | Zone: Hadapsar      | Temp: 26.5°C | Humidity: 82%
 -> Sent Weather | Zone: Shivajinagar  | Temp: 26.3°C | Humidity: 84%

--- Emitting Weather Window: 22:25:31 ---
 -> Sent Weather | Zone: Hinjewadi     | Temp: 25.9°C | Humidity: 86%
 -> Sent Weather | Zone: FC Road       | Temp: 26.0°C | Humidity: 83%
 -> Sent Weather | Zone: Kothrud       | Temp: 25.3°C | Humidity: 85%
 -> Sent Weather | Zone: Hadapsar      | Temp: 26.6°C | Humidity: 82%
 -> Sent Weather | Zone: Shivajinagar  | Temp: 26.0°C | Humidity: 83%
✅ Weather Kafka Producer initialized.
🚀 Weather Streaming Engine Activated.

--- Emitting Weather Window: 22:25:51 ---
 -> Sent Weather | Zone: Hinjewadi     | Temp: 26.2°C | Humidity: 87%
 -> Sent Weather | Zone: FC Road       | Temp: 26.2°C | Humidity: 84%
 -> Sent Weather | Zone: Kothrud       | Temp: 25.7°C | Humidity: 86%
 -> Sent Weather | Zone: Hadapsar      | Temp: 26.7°C | Humidity: 83%
 -> Sent Weather | Zone: Shivajinagar  | Temp: 26.2°C | Humidity: 84%

--- Emitting Weather Window: 22:26:10 ---
 -> Sent Weather | Zone: Hinjewadi     | Temp: 26.1°C | Humidity: 87%
 -> Sent Weather | Zone: FC Road       | Temp: 26.2°C | Humidity: 84%
 -> Sent Weather | Zone: Kothrud       | Temp: 25.5°C | Humidity: 85%
 -> Sent Weather | Zone: Hadapsar      | Temp: 26.6°C | Humidity: 82%
 -> Sent Weather | Zone: Shivajinagar  | Temp: 26.3°C | Humidity: 84%

--- Emitting Weather Window: 22:26:28 ---
 -> Sent Weather | Zone: Hinjewadi     | Temp: 26.0°C | Humidity: 87%
 -> Sent Weather | Zone: FC Road       | Temp: 26.2°C | Humidity: 84%
 -> Sent Weather | Zone: Kothrud       | Temp: 25.4°C | Humidity: 85%
 -> Sent Weather | Zone: Hadapsar      | Temp: 26.7°C | Humidity: 83%
 -> Sent Weather | Zone: Shivajinagar  | Temp: 26.0°C | Humidity: 83%

--- Emitting Weather Window: 22:26:47 ---
 -> Sent Weather | Zone: Hinjewadi     | Temp: 25.9°C | Humidity: 86%
 -> Sent Weather | Zone: FC Road       | Temp: 25.9°C | Humidity: 83%
 -> Sent Weather | Zone: Kothrud       | Temp: 25.4°C | Humidity: 85%
 -> Sent Weather | Zone: Hadapsar      | Temp: 26.5°C | Humidity: 82%
 -> Sent Weather | Zone: Shivajinagar  | Temp: 26.0°C | Humidity: 83%

--- Emitting Weather Window: 22:27:05 ---
⚠️ API Fetch error: HTTPSConnectionPool(host='api.open-meteo.com', port=443): Read timed out. (read timeout=10)
 -> Sent Weather | Zone: Hinjewadi     | Temp: 31.9°C | Humidity: 59%
 -> Sent Weather | Zone: FC Road       | Temp: 26.1°C | Humidity: 83%
 -> Sent Weather | Zone: Kothrud       | Temp: 25.5°C | Humidity: 85%
 -> Sent Weather | Zone: Hadapsar      | Temp: 26.7°C | Humidity: 82%
 -> Sent Weather | Zone: Shivajinagar  | Temp: 26.3°C | Humidity: 84%

--- Emitting Weather Window: 22:27:34 ---
 -> Sent Weather | Zone: Hinjewadi     | Temp: 26.0°C | Humidity: 87%
 -> Sent Weather | Zone: FC Road       | Temp: 26.3°C | Humidity: 84%
 -> Sent Weather | Zone: Kothrud       | Temp: 25.7°C | Humidity: 86%
 -> Sent Weather | Zone: Hadapsar      | Temp: 26.6°C | Humidity: 82%
 -> Sent Weather | Zone: Shivajinagar  | Temp: 26.1°C | Humidity: 83%

--- Emitting Weather Window: 22:27:52 ---
 -> Sent Weather | Zone: Hinjewadi     | Temp: 25.7°C | Humidity: 86%
 -> Sent Weather | Zone: FC Road       | Temp: 26.0°C | Humidity: 83%
 -> Sent Weather | Zone: Kothrud       | Temp: 25.6°C | Humidity: 86%
 -> Sent Weather | Zone: Hadapsar      | Temp: 26.7°C | Humidity: 83%
 -> Sent Weather | Zone: Shivajinagar  | Temp: 26.0°C | Humidity: 83%

--- Emitting Weather Window: 22:28:11 ---
 -> Sent Weather | Zone: Hinjewadi     | Temp: 25.8°C | Humidity: 86%
 -> Sent Weather | Zone: FC Road       | Temp: 26.3°C | Humidity: 84%
 -> Sent Weather | Zone: Kothrud       | Temp: 25.5°C | Humidity: 86%
 -> Sent Weather | Zone: Hadapsar      | Temp: 26.9°C | Humidity: 83%
 -> Sent Weather | Zone: Shivajinagar  | Temp: 26.3°C | Humidity: 84%

--- Emitting Weather Window: 22:28:30 ---
 -> Sent Weather | Zone: Hinjewadi     | Temp: 26.1°C | Humidity: 87%
 -> Sent Weather | Zone: FC Road       | Temp: 26.1°C | Humidity: 84%
 -> Sent Weather | Zone: Kothrud       | Temp: 25.2°C | Humidity: 85%
 -> Sent Weather | Zone: Hadapsar      | Temp: 26.5°C | Humidity: 82%
 -> Sent Weather | Zone: Shivajinagar  | Temp: 26.2°C | Humidity: 84%

--- Emitting Weather Window: 22:28:48 ---
 -> Sent Weather | Zone: Hinjewadi     | Temp: 26.0°C | Humidity: 87%
 -> Sent Weather | Zone: FC Road       | Temp: 26.1°C | Humidity: 84%
 -> Sent Weather | Zone: Kothrud       | Temp: 25.7°C | Humidity: 86%
 -> Sent Weather | Zone: Hadapsar      | Temp: 26.8°C | Humidity: 83%
 -> Sent Weather | Zone: Shivajinagar  | Temp: 25.9°C | Humidity: 83%

--- Emitting Weather Window: 22:29:06 ---
 -> Sent Weather | Zone: Hinjewadi     | Temp: 26.1°C | Humidity: 87%
 -> Sent Weather | Zone: FC Road       | Temp: 26.0°C | Humidity: 83%
 -> Sent Weather | Zone: Kothrud       | Temp: 25.3°C | Humidity: 85%
 -> Sent Weather | Zone: Hadapsar      | Temp: 26.9°C | Humidity: 83%
 -> Sent Weather | Zone: Shivajinagar  | Temp: 25.9°C | Humidity: 83%

--- Emitting Weather Window: 22:29:25 ---
 -> Sent Weather | Zone: Hinjewadi     | Temp: 25.9°C | Humidity: 87%
 -> Sent Weather | Zone: FC Road       | Temp: 25.9°C | Humidity: 83%
 -> Sent Weather | Zone: Kothrud       | Temp: 25.7°C | Humidity: 86%
 -> Sent Weather | Zone: Hadapsar      | Temp: 26.5°C | Humidity: 82%
 -> Sent Weather | Zone: Shivajinagar  | Temp: 26.2°C | Humidity: 84%

--- Emitting Weather Window: 22:29:44 ---
 -> Sent Weather | Zone: Hinjewadi     | Temp: 25.7°C | Humidity: 86%
 -> Sent Weather | Zone: FC Road       | Temp: 26.1°C | Humidity: 83%
 -> Sent Weather | Zone: Kothrud       | Temp: 25.6°C | Humidity: 86%
 -> Sent Weather | Zone: Hadapsar      | Temp: 26.7°C | Humidity: 83%
 -> Sent Weather | Zone: Shivajinagar  | Temp: 26.1°C | Humidity: 84%

--- Emitting Weather Window: 22:30:03 ---
 -> Sent Weather | Zone: Hinjewadi     | Temp: 31.7°C | Humidity: 59%
⚠️ API Fetch error: HTTPSConnectionPool(host='api.open-meteo.com', port=443): Read timed out. (read timeout=10)
 -> Sent Weather | Zone: FC Road       | Temp: 32.2°C | Humidity: 60%
 -> Sent Weather | Zone: Kothrud       | Temp: 25.3°C | Humidity: 85%
 -> Sent Weather | Zone: Hadapsar      | Temp: 26.7°C | Humidity: 83%
 -> Sent Weather | Zone: Shivajinagar  | Temp: 25.8°C | Humidity: 83%

--- Emitting Weather Window: 22:30:45 ---
 -> Sent Weather | Zone: Hinjewadi     | Temp: 25.9°C | Humidity: 87%
 -> Sent Weather | Zone: FC Road       | Temp: 25.9°C | Humidity: 83%
 -> Sent Weather | Zone: Kothrud       | Temp: 25.3°C | Humidity: 85%
 -> Sent Weather | Zone: Hadapsar      | Temp: 26.5°C | Humidity: 82%
 -> Sent Weather | Zone: Shivajinagar  | Temp: 25.8°C | Humidity: 83%

--- Emitting Weather Window: 22:31:07 ---
 -> Sent Weather | Zone: Hinjewadi     | Temp: 25.5°C | Humidity: 86%
 -> Sent Weather | Zone: FC Road       | Temp: 26.2°C | Humidity: 84%
 -> Sent Weather | Zone: Kothrud       | Temp: 25.3°C | Humidity: 85%
 -> Sent Weather | Zone: Hadapsar      | Temp: 26.4°C | Humidity: 82%
 -> Sent Weather | Zone: Shivajinagar  | Temp: 26.0°C | Humidity: 84%

--- Emitting Weather Window: 22:31:26 ---
 -> Sent Weather | Zone: Hinjewadi     | Temp: 25.8°C | Humidity: 86%
 -> Sent Weather | Zone: FC Road       | Temp: 26.2°C | Humidity: 84%
 -> Sent Weather | Zone: Kothrud       | Temp: 25.6°C | Humidity: 86%
 -> Sent Weather | Zone: Hadapsar      | Temp: 26.3°C | Humidity: 82%
 -> Sent Weather | Zone: Shivajinagar  | Temp: 25.8°C | Humidity: 83%

--- Emitting Weather Window: 22:31:45 ---
 -> Sent Weather | Zone: Hinjewadi     | Temp: 25.9°C | Humidity: 87%
 -> Sent Weather | Zone: FC Road       | Temp: 25.7°C | Humidity: 83%
 -> Sent Weather | Zone: Kothrud       | Temp: 25.4°C | Humidity: 85%
 -> Sent Weather | Zone: Hadapsar      | Temp: 26.6°C | Humidity: 83%
 -> Sent Weather | Zone: Shivajinagar  | Temp: 26.1°C | Humidity: 84%

--- Emitting Weather Window: 22:32:19 ---
 -> Sent Weather | Zone: Hinjewadi     | Temp: 25.6°C | Humidity: 86%
 -> Sent Weather | Zone: FC Road       | Temp: 26.1°C | Humidity: 84%
 -> Sent Weather | Zone: Kothrud       | Temp: 25.6°C | Humidity: 86%
 -> Sent Weather | Zone: Hadapsar      | Temp: 26.7°C | Humidity: 83%
 -> Sent Weather | Zone: Shivajinagar  | Temp: 25.9°C | Humidity: 83%

--- Emitting Weather Window: 22:32:38 ---
 -> Sent Weather | Zone: Hinjewadi     | Temp: 25.9°C | Humidity: 87%
 -> Sent Weather | Zone: FC Road       | Temp: 25.9°C | Humidity: 83%
 -> Sent Weather | Zone: Kothrud       | Temp: 25.4°C | Humidity: 86%
 -> Sent Weather | Zone: Hadapsar      | Temp: 26.7°C | Humidity: 83%
 -> Sent Weather | Zone: Shivajinagar  | Temp: 26.1°C | Humidity: 84%

--- Emitting Weather Window: 22:32:57 ---
 -> Sent Weather | Zone: Hinjewadi     | Temp: 25.6°C | Humidity: 86%
 -> Sent Weather | Zone: FC Road       | Temp: 26.0°C | Humidity: 83%
 -> Sent Weather | Zone: Kothrud       | Temp: 25.2°C | Humidity: 85%
 -> Sent Weather | Zone: Hadapsar      | Temp: 26.6°C | Humidity: 83%
 -> Sent Weather | Zone: Shivajinagar  | Temp: 25.9°C | Humidity: 83%

--- Emitting Weather Window: 22:33:15 ---
 -> Sent Weather | Zone: Hinjewadi     | Temp: 25.8°C | Humidity: 86%
 -> Sent Weather | Zone: FC Road       | Temp: 26.1°C | Humidity: 84%
 -> Sent Weather | Zone: Kothrud       | Temp: 25.5°C | Humidity: 86%
 -> Sent Weather | Zone: Hadapsar      | Temp: 26.3°C | Humidity: 82%
 -> Sent Weather | Zone: Shivajinagar  | Temp: 25.9°C | Humidity: 83%

--- Emitting Weather Window: 22:33:33 ---
 -> Sent Weather | Zone: Hinjewadi     | Temp: 25.6°C | Humidity: 86%
 -> Sent Weather | Zone: FC Road       | Temp: 26.2°C | Humidity: 84%
 -> Sent Weather | Zone: Kothrud       | Temp: 25.2°C | Humidity: 85%
 -> Sent Weather | Zone: Hadapsar      | Temp: 26.7°C | Humidity: 83%
 -> Sent Weather | Zone: Shivajinagar  | Temp: 26.2°C | Humidity: 84%

--- Emitting Weather Window: 22:33:52 ---
 -> Sent Weather | Zone: Hinjewadi     | Temp: 25.8°C | Humidity: 87%
 -> Sent Weather | Zone: FC Road       | Temp: 25.9°C | Humidity: 83%
 -> Sent Weather | Zone: Kothrud       | Temp: 25.6°C | Humidity: 86%
 -> Sent Weather | Zone: Hadapsar      | Temp: 26.4°C | Humidity: 82%
 -> Sent Weather | Zone: Shivajinagar  | Temp: 26.1°C | Humidity: 84%

--- Emitting Weather Window: 22:34:11 ---
 -> Sent Weather | Zone: Hinjewadi     | Temp: 25.8°C | Humidity: 87%
 -> Sent Weather | Zone: FC Road       | Temp: 25.8°C | Humidity: 83%
 -> Sent Weather | Zone: Kothrud       | Temp: 25.5°C | Humidity: 86%
 -> Sent Weather | Zone: Hadapsar      | Temp: 26.7°C | Humidity: 83%
 -> Sent Weather | Zone: Shivajinagar  | Temp: 26.2°C | Humidity: 84%

--- Emitting Weather Window: 22:34:29 ---
 -> Sent Weather | Zone: Hinjewadi     | Temp: 25.7°C | Humidity: 86%
 -> Sent Weather | Zone: FC Road       | Temp: 25.8°C | Humidity: 83%
 -> Sent Weather | Zone: Kothrud       | Temp: 25.2°C | Humidity: 85%
 -> Sent Weather | Zone: Hadapsar      | Temp: 26.6°C | Humidity: 83%
 -> Sent Weather | Zone: Shivajinagar  | Temp: 26.2°C | Humidity: 84%

--- Emitting Weather Window: 22:34:48 ---
 -> Sent Weather | Zone: Hinjewadi     | Temp: 25.9°C | Humidity: 87%
 -> Sent Weather | Zone: FC Road       | Temp: 26.1°C | Humidity: 84%
 -> Sent Weather | Zone: Kothrud       | Temp: 25.3°C | Humidity: 85%
 -> Sent Weather | Zone: Hadapsar      | Temp: 26.6°C | Humidity: 83%
 -> Sent Weather | Zone: Shivajinagar  | Temp: 25.9°C | Humidity: 83%

--- Emitting Weather Window: 22:35:07 ---
 -> Sent Weather | Zone: Hinjewadi     | Temp: 26.0°C | Humidity: 87%
 -> Sent Weather | Zone: FC Road       | Temp: 26.2°C | Humidity: 84%
 -> Sent Weather | Zone: Kothrud       | Temp: 25.2°C | Humidity: 85%
 -> Sent Weather | Zone: Hadapsar      | Temp: 26.5°C | Humidity: 83%
 -> Sent Weather | Zone: Shivajinagar  | Temp: 26.0°C | Humidity: 83%

--- Emitting Weather Window: 22:35:25 ---
 -> Sent Weather | Zone: Hinjewadi     | Temp: 26.0°C | Humidity: 87%
 -> Sent Weather | Zone: FC Road       | Temp: 26.1°C | Humidity: 84%
 -> Sent Weather | Zone: Kothrud       | Temp: 25.2°C | Humidity: 85%
 -> Sent Weather | Zone: Hadapsar      | Temp: 26.6°C | Humidity: 83%
 -> Sent Weather | Zone: Shivajinagar  | Temp: 25.8°C | Humidity: 83%

--- Emitting Weather Window: 22:35:44 ---
 -> Sent Weather | Zone: Hinjewadi     | Temp: 25.6°C | Humidity: 86%
 -> Sent Weather | Zone: FC Road       | Temp: 26.1°C | Humidity: 84%
 -> Sent Weather | Zone: Kothrud       | Temp: 25.5°C | Humidity: 86%
 -> Sent Weather | Zone: Hadapsar      | Temp: 26.8°C | Humidity: 83%
 -> Sent Weather | Zone: Shivajinagar  | Temp: 26.0°C | Humidity: 84%

--- Emitting Weather Window: 22:36:03 ---
 -> Sent Weather | Zone: Hinjewadi     | Temp: 25.8°C | Humidity: 87%
 -> Sent Weather | Zone: FC Road       | Temp: 26.0°C | Humidity: 83%
 -> Sent Weather | Zone: Kothrud       | Temp: 25.5°C | Humidity: 86%
 -> Sent Weather | Zone: Hadapsar      | Temp: 26.8°C | Humidity: 83%
 -> Sent Weather | Zone: Shivajinagar  | Temp: 25.8°C | Humidity: 83%

--- Emitting Weather Window: 22:36:22 ---
 -> Sent Weather | Zone: Hinjewadi     | Temp: 25.8°C | Humidity: 87%
 -> Sent Weather | Zone: FC Road       | Temp: 25.9°C | Humidity: 83%
 -> Sent Weather | Zone: Kothrud       | Temp: 25.6°C | Humidity: 86%
 -> Sent Weather | Zone: Hadapsar      | Temp: 26.7°C | Humidity: 83%
 -> Sent Weather | Zone: Shivajinagar  | Temp: 26.0°C | Humidity: 83%

--- Emitting Weather Window: 22:36:41 ---
 -> Sent Weather | Zone: Hinjewadi     | Temp: 25.6°C | Humidity: 86%
 -> Sent Weather | Zone: FC Road       | Temp: 25.9°C | Humidity: 83%
 -> Sent Weather | Zone: Kothrud       | Temp: 25.2°C | Humidity: 85%
 -> Sent Weather | Zone: Hadapsar      | Temp: 26.6°C | Humidity: 83%
 -> Sent Weather | Zone: Shivajinagar  | Temp: 26.1°C | Humidity: 84%

--- Emitting Weather Window: 22:37:00 ---
 -> Sent Weather | Zone: Hinjewadi     | Temp: 25.7°C | Humidity: 86%
 -> Sent Weather | Zone: FC Road       | Temp: 25.8°C | Humidity: 83%
 -> Sent Weather | Zone: Kothrud       | Temp: 25.3°C | Humidity: 85%
 -> Sent Weather | Zone: Hadapsar      | Temp: 26.4°C | Humidity: 82%
 -> Sent Weather | Zone: Shivajinagar  | Temp: 26.2°C | Humidity: 84%

--- Emitting Weather Window: 22:37:18 ---
 -> Sent Weather | Zone: Hinjewadi     | Temp: 25.9°C | Humidity: 87%
 -> Sent Weather | Zone: FC Road       | Temp: 26.2°C | Humidity: 84%
 -> Sent Weather | Zone: Kothrud       | Temp: 25.6°C | Humidity: 86%
 -> Sent Weather | Zone: Hadapsar      | Temp: 26.8°C | Humidity: 83%
 -> Sent Weather | Zone: Shivajinagar  | Temp: 25.8°C | Humidity: 83%

--- Emitting Weather Window: 22:37:37 ---
 -> Sent Weather | Zone: Hinjewadi     | Temp: 25.9°C | Humidity: 87%
 -> Sent Weather | Zone: FC Road       | Temp: 26.2°C | Humidity: 84%
 -> Sent Weather | Zone: Kothrud       | Temp: 25.5°C | Humidity: 86%
 -> Sent Weather | Zone: Hadapsar      | Temp: 26.3°C | Humidity: 82%
 -> Sent Weather | Zone: Shivajinagar  | Temp: 26.2°C | Humidity: 84%

--- Emitting Weather Window: 22:37:55 ---
 -> Sent Weather | Zone: Hinjewadi     | Temp: 25.7°C | Humidity: 86%
 -> Sent Weather | Zone: FC Road       | Temp: 26.2°C | Humidity: 84%
 -> Sent Weather | Zone: Kothrud       | Temp: 25.4°C | Humidity: 85%
 -> Sent Weather | Zone: Hadapsar      | Temp: 26.4°C | Humidity: 82%
 -> Sent Weather | Zone: Shivajinagar  | Temp: 25.9°C | Humidity: 83%

--- Emitting Weather Window: 22:38:14 ---
 -> Sent Weather | Zone: Hinjewadi     | Temp: 26.0°C | Humidity: 87%
 -> Sent Weather | Zone: FC Road       | Temp: 26.1°C | Humidity: 84%
 -> Sent Weather | Zone: Kothrud       | Temp: 25.3°C | Humidity: 85%
 -> Sent Weather | Zone: Hadapsar      | Temp: 26.3°C | Humidity: 82%
 -> Sent Weather | Zone: Shivajinagar  | Temp: 26.2°C | Humidity: 84%

--- Emitting Weather Window: 22:38:33 ---
 -> Sent Weather | Zone: Hinjewadi     | Temp: 25.8°C | Humidity: 87%
 -> Sent Weather | Zone: FC Road       | Temp: 25.9°C | Humidity: 83%
 -> Sent Weather | Zone: Kothrud       | Temp: 25.6°C | Humidity: 86%
 -> Sent Weather | Zone: Hadapsar      | Temp: 26.4°C | Humidity: 82%
 -> Sent Weather | Zone: Shivajinagar  | Temp: 25.8°C | Humidity: 83%

--- Emitting Weather Window: 22:38:52 ---
 -> Sent Weather | Zone: Hinjewadi     | Temp: 25.7°C | Humidity: 86%
 -> Sent Weather | Zone: FC Road       | Temp: 25.8°C | Humidity: 83%
 -> Sent Weather | Zone: Kothrud       | Temp: 25.3°C | Humidity: 85%
 -> Sent Weather | Zone: Hadapsar      | Temp: 26.3°C | Humidity: 82%
 -> Sent Weather | Zone: Shivajinagar  | Temp: 25.7°C | Humidity: 83%

--- Emitting Weather Window: 22:39:10 ---
 -> Sent Weather | Zone: Hinjewadi     | Temp: 25.9°C | Humidity: 87%
 -> Sent Weather | Zone: FC Road       | Temp: 25.8°C | Humidity: 83%
 -> Sent Weather | Zone: Kothrud       | Temp: 25.1°C | Humidity: 85%
 -> Sent Weather | Zone: Hadapsar      | Temp: 26.7°C | Humidity: 83%
⚠️ API Fetch error: HTTPSConnectionPool(host='api.open-meteo.com', port=443): Read timed out. (read timeout=10)
 -> Sent Weather | Zone: Shivajinagar  | Temp: 31.7°C | Humidity: 59%

--- Emitting Weather Window: 22:39:38 ---
 -> Sent Weather | Zone: Hinjewadi     | Temp: 25.8°C | Humidity: 86%
 -> Sent Weather | Zone: FC Road       | Temp: 25.9°C | Humidity: 83%
 -> Sent Weather | Zone: Kothrud       | Temp: 25.6°C | Humidity: 86%
 -> Sent Weather | Zone: Hadapsar      | Temp: 26.4°C | Humidity: 82%
 -> Sent Weather | Zone: Shivajinagar  | Temp: 26.1°C | Humidity: 84%

--- Emitting Weather Window: 22:39:56 ---
 -> Sent Weather | Zone: Hinjewadi     | Temp: 25.7°C | Humidity: 86%
 -> Sent Weather | Zone: FC Road       | Temp: 26.1°C | Humidity: 84%
 -> Sent Weather | Zone: Kothrud       | Temp: 25.2°C | Humidity: 85%
 -> Sent Weather | Zone: Hadapsar      | Temp: 26.6°C | Humidity: 83%
 -> Sent Weather | Zone: Shivajinagar  | Temp: 26.1°C | Humidity: 84%

--- Emitting Weather Window: 22:40:29 ---
 -> Sent Weather | Zone: Hinjewadi     | Temp: 25.6°C | Humidity: 86%
 -> Sent Weather | Zone: FC Road       | Temp: 26.2°C | Humidity: 84%
 -> Sent Weather | Zone: Kothrud       | Temp: 25.4°C | Humidity: 86%
 -> Sent Weather | Zone: Hadapsar      | Temp: 26.5°C | Humidity: 82%
 -> Sent Weather | Zone: Shivajinagar  | Temp: 25.9°C | Humidity: 83%

--- Emitting Weather Window: 22:40:47 ---
 -> Sent Weather | Zone: Hinjewadi     | Temp: 26.0°C | Humidity: 87%
 -> Sent Weather | Zone: FC Road       | Temp: 26.0°C | Humidity: 83%
 -> Sent Weather | Zone: Kothrud       | Temp: 25.5°C | Humidity: 86%
 -> Sent Weather | Zone: Hadapsar      | Temp: 26.3°C | Humidity: 82%
 -> Sent Weather | Zone: Shivajinagar  | Temp: 25.9°C | Humidity: 83%

--- Emitting Weather Window: 22:41:06 ---
 -> Sent Weather | Zone: Hinjewadi     | Temp: 25.8°C | Humidity: 87%
 -> Sent Weather | Zone: FC Road       | Temp: 26.2°C | Humidity: 84%
 -> Sent Weather | Zone: Kothrud       | Temp: 25.4°C | Humidity: 85%
 -> Sent Weather | Zone: Hadapsar      | Temp: 26.5°C | Humidity: 82%
 -> Sent Weather | Zone: Shivajinagar  | Temp: 26.2°C | Humidity: 84%

--- Emitting Weather Window: 22:41:25 ---
 -> Sent Weather | Zone: Hinjewadi     | Temp: 26.0°C | Humidity: 87%
 -> Sent Weather | Zone: FC Road       | Temp: 26.2°C | Humidity: 84%
 -> Sent Weather | Zone: Kothrud       | Temp: 25.3°C | Humidity: 85%
 -> Sent Weather | Zone: Hadapsar      | Temp: 26.3°C | Humidity: 82%
 -> Sent Weather | Zone: Shivajinagar  | Temp: 25.7°C | Humidity: 83%

--- Emitting Weather Window: 22:41:43 ---
 -> Sent Weather | Zone: Hinjewadi     | Temp: 25.7°C | Humidity: 86%
 -> Sent Weather | Zone: FC Road       | Temp: 26.2°C | Humidity: 84%
 -> Sent Weather | Zone: Kothrud       | Temp: 25.3°C | Humidity: 85%
 -> Sent Weather | Zone: Hadapsar      | Temp: 26.7°C | Humidity: 83%
 -> Sent Weather | Zone: Shivajinagar  | Temp: 25.8°C | Humidity: 83%

--- Emitting Weather Window: 22:42:02 ---
 -> Sent Weather | Zone: Hinjewadi     | Temp: 25.6°C | Humidity: 86%
 -> Sent Weather | Zone: FC Road       | Temp: 26.0°C | Humidity: 84%
 -> Sent Weather | Zone: Kothrud       | Temp: 25.2°C | Humidity: 85%
 -> Sent Weather | Zone: Hadapsar      | Temp: 26.5°C | Humidity: 83%
 -> Sent Weather | Zone: Shivajinagar  | Temp: 26.1°C | Humidity: 84%

--- Emitting Weather Window: 22:42:20 ---
 -> Sent Weather | Zone: Hinjewadi     | Temp: 25.9°C | Humidity: 87%
⚠️ API Fetch error: HTTPSConnectionPool(host='api.open-meteo.com', port=443): Read timed out. (read timeout=10)
 -> Sent Weather | Zone: FC Road       | Temp: 31.9°C | Humidity: 59%
 -> Sent Weather | Zone: Kothrud       | Temp: 25.3°C | Humidity: 85%
 -> Sent Weather | Zone: Hadapsar      | Temp: 26.6°C | Humidity: 83%
 -> Sent Weather | Zone: Shivajinagar  | Temp: 26.0°C | Humidity: 83%

--- Emitting Weather Window: 22:42:49 ---
 -> Sent Weather | Zone: Hinjewadi     | Temp: 25.9°C | Humidity: 87%
 -> Sent Weather | Zone: FC Road       | Temp: 26.2°C | Humidity: 84%
 -> Sent Weather | Zone: Kothrud       | Temp: 25.5°C | Humidity: 86%
 -> Sent Weather | Zone: Hadapsar      | Temp: 26.4°C | Humidity: 82%
 -> Sent Weather | Zone: Shivajinagar  | Temp: 25.8°C | Humidity: 83%

--- Emitting Weather Window: 22:43:07 ---
 -> Sent Weather | Zone: Hinjewadi     | Temp: 25.7°C | Humidity: 86%
 -> Sent Weather | Zone: FC Road       | Temp: 26.2°C | Humidity: 84%
 -> Sent Weather | Zone: Kothrud       | Temp: 25.6°C | Humidity: 86%
 -> Sent Weather | Zone: Hadapsar      | Temp: 26.7°C | Humidity: 83%
 -> Sent Weather | Zone: Shivajinagar  | Temp: 26.2°C | Humidity: 84%

--- Emitting Weather Window: 22:43:26 ---
 -> Sent Weather | Zone: Hinjewadi     | Temp: 25.8°C | Humidity: 87%
 -> Sent Weather | Zone: FC Road       | Temp: 25.8°C | Humidity: 83%
 -> Sent Weather | Zone: Kothrud       | Temp: 25.4°C | Humidity: 86%
 -> Sent Weather | Zone: Hadapsar      | Temp: 26.5°C | Humidity: 82%
 -> Sent Weather | Zone: Shivajinagar  | Temp: 25.9°C | Humidity: 83%

--- Emitting Weather Window: 22:43:44 ---
 -> Sent Weather | Zone: Hinjewadi     | Temp: 25.7°C | Humidity: 86%
 -> Sent Weather | Zone: FC Road       | Temp: 26.2°C | Humidity: 84%
 -> Sent Weather | Zone: Kothrud       | Temp: 25.3°C | Humidity: 85%
 -> Sent Weather | Zone: Hadapsar      | Temp: 26.6°C | Humidity: 83%
 -> Sent Weather | Zone: Shivajinagar  | Temp: 25.9°C | Humidity: 83%

--- Emitting Weather Window: 22:44:03 ---
 -> Sent Weather | Zone: Hinjewadi     | Temp: 25.8°C | Humidity: 87%
 -> Sent Weather | Zone: FC Road       | Temp: 26.2°C | Humidity: 84%
 -> Sent Weather | Zone: Kothrud       | Temp: 25.6°C | Humidity: 86%
 -> Sent Weather | Zone: Hadapsar      | Temp: 26.4°C | Humidity: 82%
 -> Sent Weather | Zone: Shivajinagar  | Temp: 26.1°C | Humidity: 84%

--- Emitting Weather Window: 22:44:22 ---
 -> Sent Weather | Zone: Hinjewadi     | Temp: 26.0°C | Humidity: 87%
 -> Sent Weather | Zone: FC Road       | Temp: 26.0°C | Humidity: 83%
 -> Sent Weather | Zone: Kothrud       | Temp: 25.4°C | Humidity: 86%
 -> Sent Weather | Zone: Hadapsar      | Temp: 26.5°C | Humidity: 83%
 -> Sent Weather | Zone: Shivajinagar  | Temp: 26.2°C | Humidity: 84%

--- Emitting Weather Window: 22:44:40 ---
 -> Sent Weather | Zone: Hinjewadi     | Temp: 25.7°C | Humidity: 86%
 -> Sent Weather | Zone: FC Road       | Temp: 26.2°C | Humidity: 84%
 -> Sent Weather | Zone: Kothrud       | Temp: 25.3°C | Humidity: 85%
 -> Sent Weather | Zone: Hadapsar      | Temp: 26.3°C | Humidity: 82%
 -> Sent Weather | Zone: Shivajinagar  | Temp: 26.2°C | Humidity: 84%

--- Emitting Weather Window: 22:44:59 ---
⚠️ API Fetch error: HTTPSConnectionPool(host='api.open-meteo.com', port=443): Max retries exceeded with url: /v1/forecast?latitude=18.5912&longitude=73.7389&current_weather=True&hourly=relativehumidity_2m%2Cprecipitation%2Csurface_pressure (Caused by NameResolutionError("<urllib3.connection.HTTPSConnection object at 0x7f830a02a210>: Failed to resolve 'api.open-meteo.com' ([Errno -2] Name or service not known)"))
 -> Sent Weather | Zone: Hinjewadi     | Temp: 31.9°C | Humidity: 59%
⚠️ API Fetch error: HTTPSConnectionPool(host='api.open-meteo.com', port=443): Max retries exceeded with url: /v1/forecast?latitude=18.5236&longitude=73.8478&current_weather=True&hourly=relativehumidity_2m%2Cprecipitation%2Csurface_pressure (Caused by NameResolutionError("<urllib3.connection.HTTPSConnection object at 0x7f830a02ac90>: Failed to resolve 'api.open-meteo.com' ([Errno -2] Name or service not known)"))
 -> Sent Weather | Zone: FC Road       | Temp: 32.1°C | Humidity: 60%
⚠️ API Fetch error: HTTPSConnectionPool(host='api.open-meteo.com', port=443): Max retries exceeded with url: /v1/forecast?latitude=18.5074&longitude=73.8077&current_weather=True&hourly=relativehumidity_2m%2Cprecipitation%2Csurface_pressure (Caused by NameResolutionError("<urllib3.connection.HTTPSConnection object at 0x7f830a003bf0>: Failed to resolve 'api.open-meteo.com' ([Errno -2] Name or service not known)"))
 -> Sent Weather | Zone: Kothrud       | Temp: 32.2°C | Humidity: 60%
⚠️ API Fetch error: HTTPSConnectionPool(host='api.open-meteo.com', port=443): Max retries exceeded with url: /v1/forecast?latitude=18.5089&longitude=73.926&current_weather=True&hourly=relativehumidity_2m%2Cprecipitation%2Csurface_pressure (Caused by NameResolutionError("<urllib3.connection.HTTPSConnection object at 0x7f830a028e30>: Failed to resolve 'api.open-meteo.com' ([Errno -2] Name or service not known)"))
 -> Sent Weather | Zone: Hadapsar      | Temp: 31.8°C | Humidity: 59%
⚠️ API Fetch error: HTTPSConnectionPool(host='api.open-meteo.com', port=443): Max retries exceeded with url: /v1/forecast?latitude=18.5308&longitude=73.8474&current_weather=True&hourly=relativehumidity_2m%2Cprecipitation%2Csurface_pressure (Caused by NameResolutionError("<urllib3.connection.HTTPSConnection object at 0x7f830a02ade0>: Failed to resolve 'api.open-meteo.com' ([Errno -2] Name or service not known)"))
 -> Sent Weather | Zone: Shivajinagar  | Temp: 31.7°C | Humidity: 59%

--- Emitting Weather Window: 04:10:14 ---
 -> Sent Weather | Zone: Hinjewadi     | Temp: 24.9°C | Humidity: 86%
 -> Sent Weather | Zone: FC Road       | Temp: 25.4°C | Humidity: 84%
 -> Sent Weather | Zone: Kothrud       | Temp: 24.9°C | Humidity: 85%
 -> Sent Weather | Zone: Hadapsar      | Temp: 25.4°C | Humidity: 82%
 -> Sent Weather | Zone: Shivajinagar  | Temp: 25.1°C | Humidity: 83%
✅ Weather Kafka Producer initialized.
🚀 Weather Streaming Engine Activated.

--- Emitting Weather Window: 04:10:41 ---
 -> Sent Weather | Zone: Hinjewadi     | Temp: 25.0°C | Humidity: 86%
 -> Sent Weather | Zone: FC Road       | Temp: 25.2°C | Humidity: 84%
 -> Sent Weather | Zone: Kothrud       | Temp: 25.2°C | Humidity: 86%
 -> Sent Weather | Zone: Hadapsar      | Temp: 25.5°C | Humidity: 82%
 -> Sent Weather | Zone: Shivajinagar  | Temp: 25.2°C | Humidity: 84%

--- Emitting Weather Window: 04:11:00 ---
 -> Sent Weather | Zone: Hinjewadi     | Temp: 25.3°C | Humidity: 87%
 -> Sent Weather | Zone: FC Road       | Temp: 25.4°C | Humidity: 84%
 -> Sent Weather | Zone: Kothrud       | Temp: 24.9°C | Humidity: 85%
 -> Sent Weather | Zone: Hadapsar      | Temp: 25.3°C | Humidity: 82%
 -> Sent Weather | Zone: Shivajinagar  | Temp: 25.1°C | Humidity: 83%

--- Emitting Weather Window: 04:11:18 ---
 -> Sent Weather | Zone: Hinjewadi     | Temp: 25.3°C | Humidity: 87%
 -> Sent Weather | Zone: FC Road       | Temp: 25.0°C | Humidity: 83%
 -> Sent Weather | Zone: Kothrud       | Temp: 24.9°C | Humidity: 85%
 -> Sent Weather | Zone: Hadapsar      | Temp: 25.6°C | Humidity: 83%
 -> Sent Weather | Zone: Shivajinagar  | Temp: 25.3°C | Humidity: 84%

--- Emitting Weather Window: 04:11:37 ---
 -> Sent Weather | Zone: Hinjewadi     | Temp: 24.9°C | Humidity: 86%
 -> Sent Weather | Zone: FC Road       | Temp: 25.0°C | Humidity: 83%
 -> Sent Weather | Zone: Kothrud       | Temp: 25.1°C | Humidity: 86%
 -> Sent Weather | Zone: Hadapsar      | Temp: 25.5°C | Humidity: 82%
 -> Sent Weather | Zone: Shivajinagar  | Temp: 25.4°C | Humidity: 84%

--- Emitting Weather Window: 04:11:56 ---
 -> Sent Weather | Zone: Hinjewadi     | Temp: 24.9°C | Humidity: 86%
 -> Sent Weather | Zone: FC Road       | Temp: 25.0°C | Humidity: 83%
 -> Sent Weather | Zone: Kothrud       | Temp: 25.2°C | Humidity: 86%
 -> Sent Weather | Zone: Hadapsar      | Temp: 25.6°C | Humidity: 83%
 -> Sent Weather | Zone: Shivajinagar  | Temp: 25.1°C | Humidity: 83%

--- Emitting Weather Window: 04:12:15 ---
 -> Sent Weather | Zone: Hinjewadi     | Temp: 24.9°C | Humidity: 86%
 -> Sent Weather | Zone: FC Road       | Temp: 25.2°C | Humidity: 83%
 -> Sent Weather | Zone: Kothrud       | Temp: 24.9°C | Humidity: 85%
 -> Sent Weather | Zone: Hadapsar      | Temp: 25.4°C | Humidity: 82%
 -> Sent Weather | Zone: Shivajinagar  | Temp: 25.1°C | Humidity: 83%

--- Emitting Weather Window: 04:12:33 ---
 -> Sent Weather | Zone: Hinjewadi     | Temp: 25.1°C | Humidity: 87%
 -> Sent Weather | Zone: FC Road       | Temp: 25.2°C | Humidity: 84%
 -> Sent Weather | Zone: Kothrud       | Temp: 24.9°C | Humidity: 85%
 -> Sent Weather | Zone: Hadapsar      | Temp: 25.8°C | Humidity: 83%
 -> Sent Weather | Zone: Shivajinagar  | Temp: 25.1°C | Humidity: 83%

--- Emitting Weather Window: 04:12:52 ---
 -> Sent Weather | Zone: Hinjewadi     | Temp: 25.0°C | Humidity: 86%
 -> Sent Weather | Zone: FC Road       | Temp: 25.0°C | Humidity: 83%
 -> Sent Weather | Zone: Kothrud       | Temp: 25.0°C | Humidity: 86%
 -> Sent Weather | Zone: Hadapsar      | Temp: 25.7°C | Humidity: 83%
 -> Sent Weather | Zone: Shivajinagar  | Temp: 25.0°C | Humidity: 83%

--- Emitting Weather Window: 04:13:11 ---
 -> Sent Weather | Zone: Hinjewadi     | Temp: 25.3°C | Humidity: 87%
 -> Sent Weather | Zone: FC Road       | Temp: 25.0°C | Humidity: 83%
 -> Sent Weather | Zone: Kothrud       | Temp: 25.2°C | Humidity: 86%
 -> Sent Weather | Zone: Hadapsar      | Temp: 25.3°C | Humidity: 82%
 -> Sent Weather | Zone: Shivajinagar  | Temp: 25.3°C | Humidity: 84%

--- Emitting Weather Window: 04:13:30 ---
 -> Sent Weather | Zone: Hinjewadi     | Temp: 25.3°C | Humidity: 87%
 -> Sent Weather | Zone: FC Road       | Temp: 25.3°C | Humidity: 84%
 -> Sent Weather | Zone: Kothrud       | Temp: 24.9°C | Humidity: 85%
 -> Sent Weather | Zone: Hadapsar      | Temp: 25.6°C | Humidity: 83%
 -> Sent Weather | Zone: Shivajinagar  | Temp: 25.3°C | Humidity: 84%

--- Emitting Weather Window: 04:13:48 ---
 -> Sent Weather | Zone: Hinjewadi     | Temp: 25.2°C | Humidity: 87%
⚠️ API Fetch error: HTTPSConnectionPool(host='api.open-meteo.com', port=443): Read timed out. (read timeout=10)
 -> Sent Weather | Zone: FC Road       | Temp: 31.7°C | Humidity: 59%
 -> Sent Weather | Zone: Kothrud       | Temp: 25.1°C | Humidity: 86%
 -> Sent Weather | Zone: Hadapsar      | Temp: 25.4°C | Humidity: 82%
 -> Sent Weather | Zone: Shivajinagar  | Temp: 25.3°C | Humidity: 84%

--- Emitting Weather Window: 04:14:17 ---
 -> Sent Weather | Zone: Hinjewadi     | Temp: 24.9°C | Humidity: 86%
 -> Sent Weather | Zone: FC Road       | Temp: 25.1°C | Humidity: 83%
 -> Sent Weather | Zone: Kothrud       | Temp: 24.9°C | Humidity: 85%
 -> Sent Weather | Zone: Hadapsar      | Temp: 25.4°C | Humidity: 82%
 -> Sent Weather | Zone: Shivajinagar  | Temp: 25.2°C | Humidity: 83%

--- Emitting Weather Window: 04:14:35 ---
 -> Sent Weather | Zone: Hinjewadi     | Temp: 25.0°C | Humidity: 86%
 -> Sent Weather | Zone: FC Road       | Temp: 25.0°C | Humidity: 83%
 -> Sent Weather | Zone: Kothrud       | Temp: 24.9°C | Humidity: 85%
 -> Sent Weather | Zone: Hadapsar      | Temp: 25.4°C | Humidity: 82%
 -> Sent Weather | Zone: Shivajinagar  | Temp: 25.0°C | Humidity: 83%

--- Emitting Weather Window: 04:14:54 ---
 -> Sent Weather | Zone: Hinjewadi     | Temp: 25.2°C | Humidity: 87%
 -> Sent Weather | Zone: FC Road       | Temp: 24.9°C | Humidity: 83%
 -> Sent Weather | Zone: Kothrud       | Temp: 24.9°C | Humidity: 85%
 -> Sent Weather | Zone: Hadapsar      | Temp: 25.6°C | Humidity: 83%
 -> Sent Weather | Zone: Shivajinagar  | Temp: 25.3°C | Humidity: 84%

--- Emitting Weather Window: 04:15:13 ---
 -> Sent Weather | Zone: Hinjewadi     | Temp: 25.0°C | Humidity: 86%
 -> Sent Weather | Zone: FC Road       | Temp: 25.0°C | Humidity: 83%
 -> Sent Weather | Zone: Kothrud       | Temp: 25.0°C | Humidity: 85%
 -> Sent Weather | Zone: Hadapsar      | Temp: 25.4°C | Humidity: 82%
 -> Sent Weather | Zone: Shivajinagar  | Temp: 25.4°C | Humidity: 84%

--- Emitting Weather Window: 04:15:32 ---
 -> Sent Weather | Zone: Hinjewadi     | Temp: 25.1°C | Humidity: 87%
 -> Sent Weather | Zone: FC Road       | Temp: 25.0°C | Humidity: 83%
 -> Sent Weather | Zone: Kothrud       | Temp: 25.2°C | Humidity: 86%
 -> Sent Weather | Zone: Hadapsar      | Temp: 25.3°C | Humidity: 82%
 -> Sent Weather | Zone: Shivajinagar  | Temp: 25.3°C | Humidity: 84%

--- Emitting Weather Window: 04:15:51 ---
 -> Sent Weather | Zone: Hinjewadi     | Temp: 24.8°C | Humidity: 86%
 -> Sent Weather | Zone: FC Road       | Temp: 25.0°C | Humidity: 83%
 -> Sent Weather | Zone: Kothrud       | Temp: 25.0°C | Humidity: 86%
 -> Sent Weather | Zone: Hadapsar      | Temp: 25.6°C | Humidity: 83%
 -> Sent Weather | Zone: Shivajinagar  | Temp: 25.3°C | Humidity: 84%

--- Emitting Weather Window: 04:16:10 ---
 -> Sent Weather | Zone: Hinjewadi     | Temp: 24.8°C | Humidity: 86%
 -> Sent Weather | Zone: FC Road       | Temp: 25.3°C | Humidity: 84%
 -> Sent Weather | Zone: Kothrud       | Temp: 24.8°C | Humidity: 85%
 -> Sent Weather | Zone: Hadapsar      | Temp: 25.3°C | Humidity: 82%
 -> Sent Weather | Zone: Shivajinagar  | Temp: 25.3°C | Humidity: 84%

--- Emitting Weather Window: 04:16:29 ---
 -> Sent Weather | Zone: Hinjewadi     | Temp: 25.0°C | Humidity: 87%
 -> Sent Weather | Zone: FC Road       | Temp: 25.4°C | Humidity: 84%
 -> Sent Weather | Zone: Kothrud       | Temp: 24.9°C | Humidity: 85%
 -> Sent Weather | Zone: Hadapsar      | Temp: 25.5°C | Humidity: 83%
 -> Sent Weather | Zone: Shivajinagar  | Temp: 25.0°C | Humidity: 83%

--- Emitting Weather Window: 04:16:48 ---
 -> Sent Weather | Zone: Hinjewadi     | Temp: 25.0°C | Humidity: 86%
 -> Sent Weather | Zone: FC Road       | Temp: 25.1°C | Humidity: 83%
⚠️ API Fetch error: HTTPSConnectionPool(host='api.open-meteo.com', port=443): Read timed out. (read timeout=10)
 -> Sent Weather | Zone: Kothrud       | Temp: 32.2°C | Humidity: 60%
 -> Sent Weather | Zone: Hadapsar      | Temp: 25.3°C | Humidity: 82%
 -> Sent Weather | Zone: Shivajinagar  | Temp: 25.1°C | Humidity: 83%

--- Emitting Weather Window: 04:17:16 ---
 -> Sent Weather | Zone: Hinjewadi     | Temp: 24.8°C | Humidity: 86%
 -> Sent Weather | Zone: FC Road       | Temp: 25.1°C | Humidity: 83%
 -> Sent Weather | Zone: Kothrud       | Temp: 25.1°C | Humidity: 86%
 -> Sent Weather | Zone: Hadapsar      | Temp: 25.4°C | Humidity: 82%
 -> Sent Weather | Zone: Shivajinagar  | Temp: 25.4°C | Humidity: 84%

--- Emitting Weather Window: 04:17:35 ---
 -> Sent Weather | Zone: Hinjewadi     | Temp: 25.1°C | Humidity: 87%
 -> Sent Weather | Zone: FC Road       | Temp: 25.3°C | Humidity: 84%
 -> Sent Weather | Zone: Kothrud       | Temp: 25.0°C | Humidity: 85%
 -> Sent Weather | Zone: Hadapsar      | Temp: 25.4°C | Humidity: 82%
 -> Sent Weather | Zone: Shivajinagar  | Temp: 25.3°C | Humidity: 84%

--- Emitting Weather Window: 04:17:54 ---
 -> Sent Weather | Zone: Hinjewadi     | Temp: 24.8°C | Humidity: 86%
 -> Sent Weather | Zone: FC Road       | Temp: 25.3°C | Humidity: 84%
 -> Sent Weather | Zone: Kothrud       | Temp: 25.1°C | Humidity: 86%
 -> Sent Weather | Zone: Hadapsar      | Temp: 25.5°C | Humidity: 82%
 -> Sent Weather | Zone: Shivajinagar  | Temp: 25.2°C | Humidity: 83%

--- Emitting Weather Window: 04:18:13 ---
 -> Sent Weather | Zone: Hinjewadi     | Temp: 24.8°C | Humidity: 86%
⚠️ API Fetch error: HTTPSConnectionPool(host='api.open-meteo.com', port=443): Read timed out. (read timeout=10)
 -> Sent Weather | Zone: FC Road       | Temp: 32.0°C | Humidity: 59%
 -> Sent Weather | Zone: Kothrud       | Temp: 25.2°C | Humidity: 86%
 -> Sent Weather | Zone: Hadapsar      | Temp: 25.3°C | Humidity: 82%
 -> Sent Weather | Zone: Shivajinagar  | Temp: 25.4°C | Humidity: 84%

--- Emitting Weather Window: 04:18:41 ---
 -> Sent Weather | Zone: Hinjewadi     | Temp: 24.8°C | Humidity: 86%
 -> Sent Weather | Zone: FC Road       | Temp: 25.0°C | Humidity: 83%
 -> Sent Weather | Zone: Kothrud       | Temp: 25.2°C | Humidity: 86%
 -> Sent Weather | Zone: Hadapsar      | Temp: 25.4°C | Humidity: 82%
 -> Sent Weather | Zone: Shivajinagar  | Temp: 25.2°C | Humidity: 83%

--- Emitting Weather Window: 04:19:00 ---
 -> Sent Weather | Zone: Hinjewadi     | Temp: 24.9°C | Humidity: 86%
 -> Sent Weather | Zone: FC Road       | Temp: 25.0°C | Humidity: 83%
 -> Sent Weather | Zone: Kothrud       | Temp: 25.1°C | Humidity: 86%
 -> Sent Weather | Zone: Hadapsar      | Temp: 25.5°C | Humidity: 82%
 -> Sent Weather | Zone: Shivajinagar  | Temp: 25.0°C | Humidity: 83%

--- Emitting Weather Window: 04:19:19 ---
 -> Sent Weather | Zone: Hinjewadi     | Temp: 24.8°C | Humidity: 86%
 -> Sent Weather | Zone: FC Road       | Temp: 25.2°C | Humidity: 84%
 -> Sent Weather | Zone: Kothrud       | Temp: 24.9°C | Humidity: 85%
 -> Sent Weather | Zone: Hadapsar      | Temp: 25.3°C | Humidity: 82%
 -> Sent Weather | Zone: Shivajinagar  | Temp: 25.1°C | Humidity: 83%

--- Emitting Weather Window: 04:19:38 ---
 -> Sent Weather | Zone: Hinjewadi     | Temp: 24.8°C | Humidity: 86%
 -> Sent Weather | Zone: FC Road       | Temp: 25.1°C | Humidity: 83%
 -> Sent Weather | Zone: Kothrud       | Temp: 24.9°C | Humidity: 85%
 -> Sent Weather | Zone: Hadapsar      | Temp: 25.5°C | Humidity: 83%
 -> Sent Weather | Zone: Shivajinagar  | Temp: 25.1°C | Humidity: 83%

--- Emitting Weather Window: 04:19:57 ---
 -> Sent Weather | Zone: Hinjewadi     | Temp: 25.1°C | Humidity: 87%
 -> Sent Weather | Zone: FC Road       | Temp: 25.1°C | Humidity: 83%
 -> Sent Weather | Zone: Kothrud       | Temp: 25.2°C | Humidity: 86%
 -> Sent Weather | Zone: Hadapsar      | Temp: 25.4°C | Humidity: 82%
 -> Sent Weather | Zone: Shivajinagar  | Temp: 25.3°C | Humidity: 84%

--- Emitting Weather Window: 04:20:28 ---
 -> Sent Weather | Zone: Hinjewadi     | Temp: 24.8°C | Humidity: 86%
 -> Sent Weather | Zone: FC Road       | Temp: 25.4°C | Humidity: 84%
 -> Sent Weather | Zone: Kothrud       | Temp: 25.1°C | Humidity: 86%
 -> Sent Weather | Zone: Hadapsar      | Temp: 25.6°C | Humidity: 83%
 -> Sent Weather | Zone: Shivajinagar  | Temp: 25.3°C | Humidity: 84%

--- Emitting Weather Window: 04:20:46 ---
 -> Sent Weather | Zone: Hinjewadi     | Temp: 25.0°C | Humidity: 87%
 -> Sent Weather | Zone: FC Road       | Temp: 25.0°C | Humidity: 83%
 -> Sent Weather | Zone: Kothrud       | Temp: 25.0°C | Humidity: 86%
 -> Sent Weather | Zone: Hadapsar      | Temp: 25.3°C | Humidity: 82%
 -> Sent Weather | Zone: Shivajinagar  | Temp: 25.0°C | Humidity: 83%

--- Emitting Weather Window: 04:21:05 ---
 -> Sent Weather | Zone: Hinjewadi     | Temp: 25.2°C | Humidity: 87%
 -> Sent Weather | Zone: FC Road       | Temp: 25.3°C | Humidity: 84%
 -> Sent Weather | Zone: Kothrud       | Temp: 24.9°C | Humidity: 85%
⚠️ API Fetch error: HTTPSConnectionPool(host='api.open-meteo.com', port=443): Read timed out. (read timeout=10)
 -> Sent Weather | Zone: Hadapsar      | Temp: 32.0°C | Humidity: 59%
 -> Sent Weather | Zone: Shivajinagar  | Temp: 25.3°C | Humidity: 84%

--- Emitting Weather Window: 04:21:33 ---
 -> Sent Weather | Zone: Hinjewadi     | Temp: 25.2°C | Humidity: 87%
 -> Sent Weather | Zone: FC Road       | Temp: 25.3°C | Humidity: 84%
 -> Sent Weather | Zone: Kothrud       | Temp: 25.0°C | Humidity: 85%
 -> Sent Weather | Zone: Hadapsar      | Temp: 25.6°C | Humidity: 83%
 -> Sent Weather | Zone: Shivajinagar  | Temp: 25.4°C | Humidity: 84%

--- Emitting Weather Window: 04:21:52 ---
 -> Sent Weather | Zone: Hinjewadi     | Temp: 25.2°C | Humidity: 87%
 -> Sent Weather | Zone: FC Road       | Temp: 25.4°C | Humidity: 84%
 -> Sent Weather | Zone: Kothrud       | Temp: 25.2°C | Humidity: 86%
 -> Sent Weather | Zone: Hadapsar      | Temp: 25.4°C | Humidity: 82%
 -> Sent Weather | Zone: Shivajinagar  | Temp: 25.1°C | Humidity: 83%

--- Emitting Weather Window: 04:22:11 ---
 -> Sent Weather | Zone: Hinjewadi     | Temp: 24.9°C | Humidity: 86%
 -> Sent Weather | Zone: FC Road       | Temp: 25.1°C | Humidity: 83%
 -> Sent Weather | Zone: Kothrud       | Temp: 24.9°C | Humidity: 85%
 -> Sent Weather | Zone: Hadapsar      | Temp: 25.3°C | Humidity: 82%
 -> Sent Weather | Zone: Shivajinagar  | Temp: 25.4°C | Humidity: 84%

--- Emitting Weather Window: 04:22:30 ---
 -> Sent Weather | Zone: Hinjewadi     | Temp: 24.8°C | Humidity: 86%
 -> Sent Weather | Zone: FC Road       | Temp: 25.4°C | Humidity: 84%
 -> Sent Weather | Zone: Kothrud       | Temp: 24.8°C | Humidity: 85%
 -> Sent Weather | Zone: Hadapsar      | Temp: 25.3°C | Humidity: 82%
 -> Sent Weather | Zone: Shivajinagar  | Temp: 25.4°C | Humidity: 84%

--- Emitting Weather Window: 04:22:49 ---
 -> Sent Weather | Zone: Hinjewadi     | Temp: 25.2°C | Humidity: 87%
 -> Sent Weather | Zone: FC Road       | Temp: 25.1°C | Humidity: 83%
 -> Sent Weather | Zone: Kothrud       | Temp: 24.8°C | Humidity: 85%
 -> Sent Weather | Zone: Hadapsar      | Temp: 25.3°C | Humidity: 82%
 -> Sent Weather | Zone: Shivajinagar  | Temp: 25.4°C | Humidity: 84%

--- Emitting Weather Window: 04:23:08 ---
 -> Sent Weather | Zone: Hinjewadi     | Temp: 24.9°C | Humidity: 86%
 -> Sent Weather | Zone: FC Road       | Temp: 25.4°C | Humidity: 84%
 -> Sent Weather | Zone: Kothrud       | Temp: 24.9°C | Humidity: 85%
 -> Sent Weather | Zone: Hadapsar      | Temp: 25.3°C | Humidity: 82%
 -> Sent Weather | Zone: Shivajinagar  | Temp: 25.4°C | Humidity: 84%

--- Emitting Weather Window: 04:23:26 ---
 -> Sent Weather | Zone: Hinjewadi     | Temp: 24.8°C | Humidity: 86%
 -> Sent Weather | Zone: FC Road       | Temp: 25.0°C | Humidity: 83%
 -> Sent Weather | Zone: Kothrud       | Temp: 25.1°C | Humidity: 86%
 -> Sent Weather | Zone: Hadapsar      | Temp: 25.7°C | Humidity: 83%
 -> Sent Weather | Zone: Shivajinagar  | Temp: 25.3°C | Humidity: 84%

--- Emitting Weather Window: 04:23:45 ---
 -> Sent Weather | Zone: Hinjewadi     | Temp: 24.8°C | Humidity: 86%
 -> Sent Weather | Zone: FC Road       | Temp: 25.3°C | Humidity: 84%
 -> Sent Weather | Zone: Kothrud       | Temp: 25.0°C | Humidity: 86%
 -> Sent Weather | Zone: Hadapsar      | Temp: 25.6°C | Humidity: 83%
 -> Sent Weather | Zone: Shivajinagar  | Temp: 25.5°C | Humidity: 84%

--- Emitting Weather Window: 04:24:04 ---
 -> Sent Weather | Zone: Hinjewadi     | Temp: 24.8°C | Humidity: 86%
 -> Sent Weather | Zone: FC Road       | Temp: 25.0°C | Humidity: 83%
 -> Sent Weather | Zone: Kothrud       | Temp: 25.0°C | Humidity: 86%
 -> Sent Weather | Zone: Hadapsar      | Temp: 25.7°C | Humidity: 83%
 -> Sent Weather | Zone: Shivajinagar  | Temp: 25.4°C | Humidity: 84%

--- Emitting Weather Window: 04:24:23 ---
 -> Sent Weather | Zone: Hinjewadi     | Temp: 25.2°C | Humidity: 87%
 -> Sent Weather | Zone: FC Road       | Temp: 25.4°C | Humidity: 84%
 -> Sent Weather | Zone: Kothrud       | Temp: 24.9°C | Humidity: 85%
 -> Sent Weather | Zone: Hadapsar      | Temp: 25.7°C | Humidity: 83%
 -> Sent Weather | Zone: Shivajinagar  | Temp: 25.2°C | Humidity: 83%

--- Emitting Weather Window: 04:24:42 ---
 -> Sent Weather | Zone: Hinjewadi     | Temp: 25.2°C | Humidity: 87%
 -> Sent Weather | Zone: FC Road       | Temp: 25.2°C | Humidity: 84%
 -> Sent Weather | Zone: Kothrud       | Temp: 25.2°C | Humidity: 86%
 -> Sent Weather | Zone: Hadapsar      | Temp: 25.4°C | Humidity: 82%
 -> Sent Weather | Zone: Shivajinagar  | Temp: 25.4°C | Humidity: 84%

--- Emitting Weather Window: 04:25:01 ---
 -> Sent Weather | Zone: Hinjewadi     | Temp: 25.2°C | Humidity: 87%
 -> Sent Weather | Zone: FC Road       | Temp: 25.4°C | Humidity: 84%
 -> Sent Weather | Zone: Kothrud       | Temp: 25.0°C | Humidity: 86%
 -> Sent Weather | Zone: Hadapsar      | Temp: 25.3°C | Humidity: 82%
 -> Sent Weather | Zone: Shivajinagar  | Temp: 25.1°C | Humidity: 83%

--- Emitting Weather Window: 04:25:20 ---
 -> Sent Weather | Zone: Hinjewadi     | Temp: 25.2°C | Humidity: 87%
 -> Sent Weather | Zone: FC Road       | Temp: 25.0°C | Humidity: 83%
 -> Sent Weather | Zone: Kothrud       | Temp: 25.1°C | Humidity: 86%
 -> Sent Weather | Zone: Hadapsar      | Temp: 25.4°C | Humidity: 82%
 -> Sent Weather | Zone: Shivajinagar  | Temp: 25.0°C | Humidity: 83%

--- Emitting Weather Window: 04:25:38 ---
 -> Sent Weather | Zone: Hinjewadi     | Temp: 25.0°C | Humidity: 87%
 -> Sent Weather | Zone: FC Road       | Temp: 25.2°C | Humidity: 84%
 -> Sent Weather | Zone: Kothrud       | Temp: 24.9°C | Humidity: 85%
 -> Sent Weather | Zone: Hadapsar      | Temp: 25.3°C | Humidity: 82%
 -> Sent Weather | Zone: Shivajinagar  | Temp: 25.4°C | Humidity: 84%

--- Emitting Weather Window: 04:25:57 ---
 -> Sent Weather | Zone: Hinjewadi     | Temp: 25.1°C | Humidity: 87%
 -> Sent Weather | Zone: FC Road       | Temp: 25.3°C | Humidity: 84%
 -> Sent Weather | Zone: Kothrud       | Temp: 25.0°C | Humidity: 86%
 -> Sent Weather | Zone: Hadapsar      | Temp: 25.3°C | Humidity: 82%
 -> Sent Weather | Zone: Shivajinagar  | Temp: 25.3°C | Humidity: 84%

--- Emitting Weather Window: 04:26:16 ---
⚠️ API Fetch error: HTTPSConnectionPool(host='api.open-meteo.com', port=443): Read timed out. (read timeout=10)
 -> Sent Weather | Zone: Hinjewadi     | Temp: 31.8°C | Humidity: 59%
 -> Sent Weather | Zone: FC Road       | Temp: 25.0°C | Humidity: 83%
 -> Sent Weather | Zone: Kothrud       | Temp: 25.1°C | Humidity: 86%
 -> Sent Weather | Zone: Hadapsar      | Temp: 25.5°C | Humidity: 83%
 -> Sent Weather | Zone: Shivajinagar  | Temp: 25.3°C | Humidity: 84%

--- Emitting Weather Window: 04:26:44 ---
 -> Sent Weather | Zone: Hinjewadi     | Temp: 24.9°C | Humidity: 86%
 -> Sent Weather | Zone: FC Road       | Temp: 25.3°C | Humidity: 84%
 -> Sent Weather | Zone: Kothrud       | Temp: 25.2°C | Humidity: 86%
 -> Sent Weather | Zone: Hadapsar      | Temp: 25.7°C | Humidity: 83%
 -> Sent Weather | Zone: Shivajinagar  | Temp: 25.0°C | Humidity: 83%

--- Emitting Weather Window: 04:27:03 ---
 -> Sent Weather | Zone: Hinjewadi     | Temp: 25.0°C | Humidity: 87%
 -> Sent Weather | Zone: FC Road       | Temp: 25.0°C | Humidity: 83%
 -> Sent Weather | Zone: Kothrud       | Temp: 24.9°C | Humidity: 85%
 -> Sent Weather | Zone: Hadapsar      | Temp: 25.3°C | Humidity: 82%
 -> Sent Weather | Zone: Shivajinagar  | Temp: 25.0°C | Humidity: 83%

--- Emitting Weather Window: 04:27:22 ---
 -> Sent Weather | Zone: Hinjewadi     | Temp: 24.9°C | Humidity: 86%
 -> Sent Weather | Zone: FC Road       | Temp: 25.4°C | Humidity: 84%
 -> Sent Weather | Zone: Kothrud       | Temp: 25.1°C | Humidity: 86%
 -> Sent Weather | Zone: Hadapsar      | Temp: 25.3°C | Humidity: 82%
 -> Sent Weather | Zone: Shivajinagar  | Temp: 25.5°C | Humidity: 84%

--- Emitting Weather Window: 04:27:41 ---
⚠️ API Fetch error: HTTPSConnectionPool(host='api.open-meteo.com', port=443): Max retries exceeded with url: /v1/forecast?latitude=18.5912&longitude=73.7389&current_weather=True&hourly=relativehumidity_2m%2Cprecipitation%2Csurface_pressure (Caused by NameResolutionError("<urllib3.connection.HTTPSConnection object at 0x7cb51d5132c0>: Failed to resolve 'api.open-meteo.com' ([Errno -2] Name or service not known)"))
 -> Sent Weather | Zone: Hinjewadi     | Temp: 32.0°C | Humidity: 60%
⚠️ API Fetch error: HTTPSConnectionPool(host='api.open-meteo.com', port=443): Max retries exceeded with url: /v1/forecast?latitude=18.5236&longitude=73.8478&current_weather=True&hourly=relativehumidity_2m%2Cprecipitation%2Csurface_pressure (Caused by NameResolutionError("<urllib3.connection.HTTPSConnection object at 0x7cb51d53a990>: Failed to resolve 'api.open-meteo.com' ([Errno -2] Name or service not known)"))
 -> Sent Weather | Zone: FC Road       | Temp: 32.2°C | Humidity: 60%
⚠️ API Fetch error: HTTPSConnectionPool(host='api.open-meteo.com', port=443): Max retries exceeded with url: /v1/forecast?latitude=18.5074&longitude=73.8077&current_weather=True&hourly=relativehumidity_2m%2Cprecipitation%2Csurface_pressure (Caused by NameResolutionError("<urllib3.connection.HTTPSConnection object at 0x7cb51d538500>: Failed to resolve 'api.open-meteo.com' ([Errno -2] Name or service not known)"))
 -> Sent Weather | Zone: Kothrud       | Temp: 31.8°C | Humidity: 59%
⚠️ API Fetch error: HTTPSConnectionPool(host='api.open-meteo.com', port=443): Max retries exceeded with url: /v1/forecast?latitude=18.5089&longitude=73.926&current_weather=True&hourly=relativehumidity_2m%2Cprecipitation%2Csurface_pressure (Caused by NameResolutionError("<urllib3.connection.HTTPSConnection object at 0x7cb51d53b0b0>: Failed to resolve 'api.open-meteo.com' ([Errno -2] Name or service not known)"))
 -> Sent Weather | Zone: Hadapsar      | Temp: 31.9°C | Humidity: 59%
⚠️ API Fetch error: HTTPSConnectionPool(host='api.open-meteo.com', port=443): Max retries exceeded with url: /v1/forecast?latitude=18.5308&longitude=73.8474&current_weather=True&hourly=relativehumidity_2m%2Cprecipitation%2Csurface_pressure (Caused by NameResolutionError("<urllib3.connection.HTTPSConnection object at 0x7cb51d512db0>: Failed to resolve 'api.open-meteo.com' ([Errno -2] Name or service not known)"))
 -> Sent Weather | Zone: Shivajinagar  | Temp: 32.1°C | Humidity: 60%

--- Emitting Weather Window: 04:37:10 ---
 -> Sent Weather | Zone: Hinjewadi     | Temp: 24.8°C | Humidity: 86%
 -> Sent Weather | Zone: FC Road       | Temp: 25.3°C | Humidity: 84%
 -> Sent Weather | Zone: Kothrud       | Temp: 24.9°C | Humidity: 86%
 -> Sent Weather | Zone: Hadapsar      | Temp: 25.4°C | Humidity: 83%
 -> Sent Weather | Zone: Shivajinagar  | Temp: 25.4°C | Humidity: 84%

--- Emitting Weather Window: 04:37:29 ---
 -> Sent Weather | Zone: Hinjewadi     | Temp: 25.0°C | Humidity: 87%
 -> Sent Weather | Zone: FC Road       | Temp: 25.4°C | Humidity: 84%
 -> Sent Weather | Zone: Kothrud       | Temp: 24.7°C | Humidity: 85%
 -> Sent Weather | Zone: Hadapsar      | Temp: 25.3°C | Humidity: 82%
 -> Sent Weather | Zone: Shivajinagar  | Temp: 25.4°C | Humidity: 84%

--- Emitting Weather Window: 04:37:48 ---
 -> Sent Weather | Zone: Hinjewadi     | Temp: 25.0°C | Humidity: 86%
 -> Sent Weather | Zone: FC Road       | Temp: 25.0°C | Humidity: 83%
 -> Sent Weather | Zone: Kothrud       | Temp: 24.8°C | Humidity: 85%
 -> Sent Weather | Zone: Hadapsar      | Temp: 25.5°C | Humidity: 83%
 -> Sent Weather | Zone: Shivajinagar  | Temp: 25.4°C | Humidity: 84%

--- Emitting Weather Window: 04:38:07 ---
 -> Sent Weather | Zone: Hinjewadi     | Temp: 24.8°C | Humidity: 86%
 -> Sent Weather | Zone: FC Road       | Temp: 25.0°C | Humidity: 83%
 -> Sent Weather | Zone: Kothrud       | Temp: 24.7°C | Humidity: 85%
 -> Sent Weather | Zone: Hadapsar      | Temp: 25.2°C | Humidity: 82%
 -> Sent Weather | Zone: Shivajinagar  | Temp: 25.4°C | Humidity: 84%

--- Emitting Weather Window: 04:38:25 ---
 -> Sent Weather | Zone: Hinjewadi     | Temp: 25.0°C | Humidity: 87%
 -> Sent Weather | Zone: FC Road       | Temp: 25.4°C | Humidity: 84%
 -> Sent Weather | Zone: Kothrud       | Temp: 24.8°C | Humidity: 85%
 -> Sent Weather | Zone: Hadapsar      | Temp: 25.4°C | Humidity: 83%
 -> Sent Weather | Zone: Shivajinagar  | Temp: 25.2°C | Humidity: 83%

--- Emitting Weather Window: 04:38:44 ---
 -> Sent Weather | Zone: Hinjewadi     | Temp: 24.8°C | Humidity: 86%
 -> Sent Weather | Zone: FC Road       | Temp: 25.0°C | Humidity: 83%
 -> Sent Weather | Zone: Kothrud       | Temp: 24.9°C | Humidity: 85%
 -> Sent Weather | Zone: Hadapsar      | Temp: 25.4°C | Humidity: 83%
 -> Sent Weather | Zone: Shivajinagar  | Temp: 25.4°C | Humidity: 84%

--- Emitting Weather Window: 04:39:02 ---
 -> Sent Weather | Zone: Hinjewadi     | Temp: 25.2°C | Humidity: 87%
 -> Sent Weather | Zone: FC Road       | Temp: 25.2°C | Humidity: 84%
 -> Sent Weather | Zone: Kothrud       | Temp: 25.1°C | Humidity: 86%
 -> Sent Weather | Zone: Hadapsar      | Temp: 25.3°C | Humidity: 82%
 -> Sent Weather | Zone: Shivajinagar  | Temp: 25.4°C | Humidity: 84%

--- Emitting Weather Window: 04:39:21 ---
 -> Sent Weather | Zone: Hinjewadi     | Temp: 25.2°C | Humidity: 87%
 -> Sent Weather | Zone: FC Road       | Temp: 25.3°C | Humidity: 84%
 -> Sent Weather | Zone: Kothrud       | Temp: 24.7°C | Humidity: 85%
 -> Sent Weather | Zone: Hadapsar      | Temp: 25.1°C | Humidity: 82%
 -> Sent Weather | Zone: Shivajinagar  | Temp: 25.2°C | Humidity: 83%

--- Emitting Weather Window: 04:39:40 ---
 -> Sent Weather | Zone: Hinjewadi     | Temp: 25.1°C | Humidity: 87%
 -> Sent Weather | Zone: FC Road       | Temp: 25.4°C | Humidity: 84%
 -> Sent Weather | Zone: Kothrud       | Temp: 25.0°C | Humidity: 86%
 -> Sent Weather | Zone: Hadapsar      | Temp: 25.2°C | Humidity: 82%
 -> Sent Weather | Zone: Shivajinagar  | Temp: 25.0°C | Humidity: 83%

--- Emitting Weather Window: 04:39:59 ---
 -> Sent Weather | Zone: Hinjewadi     | Temp: 25.2°C | Humidity: 87%
 -> Sent Weather | Zone: FC Road       | Temp: 25.2°C | Humidity: 84%
 -> Sent Weather | Zone: Kothrud       | Temp: 25.1°C | Humidity: 86%
 -> Sent Weather | Zone: Hadapsar      | Temp: 25.5°C | Humidity: 83%
 -> Sent Weather | Zone: Shivajinagar  | Temp: 25.3°C | Humidity: 84%

--- Emitting Weather Window: 04:40:32 ---
 -> Sent Weather | Zone: Hinjewadi     | Temp: 25.1°C | Humidity: 87%
 -> Sent Weather | Zone: FC Road       | Temp: 25.2°C | Humidity: 84%
 -> Sent Weather | Zone: Kothrud       | Temp: 25.1°C | Humidity: 86%
 -> Sent Weather | Zone: Hadapsar      | Temp: 25.4°C | Humidity: 82%
 -> Sent Weather | Zone: Shivajinagar  | Temp: 25.0°C | Humidity: 83%

--- Emitting Weather Window: 04:40:51 ---
 -> Sent Weather | Zone: Hinjewadi     | Temp: 24.8°C | Humidity: 86%
 -> Sent Weather | Zone: FC Road       | Temp: 25.4°C | Humidity: 84%
 -> Sent Weather | Zone: Kothrud       | Temp: 24.7°C | Humidity: 85%
 -> Sent Weather | Zone: Hadapsar      | Temp: 25.3°C | Humidity: 82%
 -> Sent Weather | Zone: Shivajinagar  | Temp: 25.0°C | Humidity: 83%

--- Emitting Weather Window: 04:41:10 ---
 -> Sent Weather | Zone: Hinjewadi     | Temp: 25.0°C | Humidity: 86%
 -> Sent Weather | Zone: FC Road       | Temp: 25.3°C | Humidity: 84%
 -> Sent Weather | Zone: Kothrud       | Temp: 25.1°C | Humidity: 86%
 -> Sent Weather | Zone: Hadapsar      | Temp: 25.3°C | Humidity: 82%
 -> Sent Weather | Zone: Shivajinagar  | Temp: 25.4°C | Humidity: 84%

--- Emitting Weather Window: 04:41:28 ---
 -> Sent Weather | Zone: Hinjewadi     | Temp: 25.0°C | Humidity: 86%
 -> Sent Weather | Zone: FC Road       | Temp: 25.4°C | Humidity: 84%
 -> Sent Weather | Zone: Kothrud       | Temp: 24.8°C | Humidity: 85%
 -> Sent Weather | Zone: Hadapsar      | Temp: 25.4°C | Humidity: 82%
 -> Sent Weather | Zone: Shivajinagar  | Temp: 25.1°C | Humidity: 83%

--- Emitting Weather Window: 04:41:47 ---
 -> Sent Weather | Zone: Hinjewadi     | Temp: 25.1°C | Humidity: 87%
 -> Sent Weather | Zone: FC Road       | Temp: 25.3°C | Humidity: 84%
 -> Sent Weather | Zone: Kothrud       | Temp: 24.8°C | Humidity: 85%
 -> Sent Weather | Zone: Hadapsar      | Temp: 25.5°C | Humidity: 83%
 -> Sent Weather | Zone: Shivajinagar  | Temp: 25.1°C | Humidity: 83%

--- Emitting Weather Window: 04:42:05 ---
 -> Sent Weather | Zone: Hinjewadi     | Temp: 25.0°C | Humidity: 86%
 -> Sent Weather | Zone: FC Road       | Temp: 25.1°C | Humidity: 83%
 -> Sent Weather | Zone: Kothrud       | Temp: 24.9°C | Humidity: 85%
 -> Sent Weather | Zone: Hadapsar      | Temp: 25.3°C | Humidity: 82%
 -> Sent Weather | Zone: Shivajinagar  | Temp: 25.3°C | Humidity: 84%

--- Emitting Weather Window: 04:42:24 ---
 -> Sent Weather | Zone: Hinjewadi     | Temp: 25.2°C | Humidity: 87%
 -> Sent Weather | Zone: FC Road       | Temp: 25.0°C | Humidity: 83%
 -> Sent Weather | Zone: Kothrud       | Temp: 25.1°C | Humidity: 86%
 -> Sent Weather | Zone: Hadapsar      | Temp: 25.3°C | Humidity: 82%
 -> Sent Weather | Zone: Shivajinagar  | Temp: 25.2°C | Humidity: 83%

--- Emitting Weather Window: 04:42:43 ---
 -> Sent Weather | Zone: Hinjewadi     | Temp: 24.8°C | Humidity: 86%
 -> Sent Weather | Zone: FC Road       | Temp: 25.0°C | Humidity: 83%
 -> Sent Weather | Zone: Kothrud       | Temp: 24.7°C | Humidity: 85%
 -> Sent Weather | Zone: Hadapsar      | Temp: 25.6°C | Humidity: 83%
 -> Sent Weather | Zone: Shivajinagar  | Temp: 25.1°C | Humidity: 83%

--- Emitting Weather Window: 04:43:01 ---
 -> Sent Weather | Zone: Hinjewadi     | Temp: 24.9°C | Humidity: 86%
 -> Sent Weather | Zone: FC Road       | Temp: 25.2°C | Humidity: 83%
 -> Sent Weather | Zone: Kothrud       | Temp: 24.9°C | Humidity: 85%
 -> Sent Weather | Zone: Hadapsar      | Temp: 25.2°C | Humidity: 82%
⚠️ API Fetch error: HTTPSConnectionPool(host='api.open-meteo.com', port=443): Read timed out. (read timeout=10)
 -> Sent Weather | Zone: Shivajinagar  | Temp: 31.8°C | Humidity: 59%

--- Emitting Weather Window: 04:43:30 ---
 -> Sent Weather | Zone: Hinjewadi     | Temp: 24.9°C | Humidity: 86%
 -> Sent Weather | Zone: FC Road       | Temp: 25.0°C | Humidity: 83%
 -> Sent Weather | Zone: Kothrud       | Temp: 25.0°C | Humidity: 86%
 -> Sent Weather | Zone: Hadapsar      | Temp: 25.2°C | Humidity: 82%
 -> Sent Weather | Zone: Shivajinagar  | Temp: 25.2°C | Humidity: 83%

--- Emitting Weather Window: 04:43:49 ---
 -> Sent Weather | Zone: Hinjewadi     | Temp: 24.8°C | Humidity: 86%
 -> Sent Weather | Zone: FC Road       | Temp: 25.3°C | Humidity: 84%
 -> Sent Weather | Zone: Kothrud       | Temp: 24.9°C | Humidity: 85%
 -> Sent Weather | Zone: Hadapsar      | Temp: 25.5°C | Humidity: 83%
 -> Sent Weather | Zone: Shivajinagar  | Temp: 25.1°C | Humidity: 83%

--- Emitting Weather Window: 04:44:08 ---
 -> Sent Weather | Zone: Hinjewadi     | Temp: 24.9°C | Humidity: 86%
 -> Sent Weather | Zone: FC Road       | Temp: 25.0°C | Humidity: 83%
 -> Sent Weather | Zone: Kothrud       | Temp: 25.1°C | Humidity: 86%
 -> Sent Weather | Zone: Hadapsar      | Temp: 25.3°C | Humidity: 82%
 -> Sent Weather | Zone: Shivajinagar  | Temp: 25.4°C | Humidity: 84%

--- Emitting Weather Window: 04:44:27 ---
 -> Sent Weather | Zone: Hinjewadi     | Temp: 25.1°C | Humidity: 87%
 -> Sent Weather | Zone: FC Road       | Temp: 25.1°C | Humidity: 83%
 -> Sent Weather | Zone: Kothrud       | Temp: 25.1°C | Humidity: 86%
 -> Sent Weather | Zone: Hadapsar      | Temp: 25.4°C | Humidity: 82%
 -> Sent Weather | Zone: Shivajinagar  | Temp: 25.3°C | Humidity: 84%

--- Emitting Weather Window: 04:44:45 ---
 -> Sent Weather | Zone: Hinjewadi     | Temp: 24.8°C | Humidity: 86%
 -> Sent Weather | Zone: FC Road       | Temp: 25.4°C | Humidity: 84%
 -> Sent Weather | Zone: Kothrud       | Temp: 24.8°C | Humidity: 85%
 -> Sent Weather | Zone: Hadapsar      | Temp: 25.6°C | Humidity: 83%
 -> Sent Weather | Zone: Shivajinagar  | Temp: 25.4°C | Humidity: 84%

--- Emitting Weather Window: 04:45:04 ---
 -> Sent Weather | Zone: Hinjewadi     | Temp: 25.1°C | Humidity: 87%
 -> Sent Weather | Zone: FC Road       | Temp: 24.9°C | Humidity: 83%
 -> Sent Weather | Zone: Kothrud       | Temp: 24.9°C | Humidity: 85%
 -> Sent Weather | Zone: Hadapsar      | Temp: 25.5°C | Humidity: 83%
 -> Sent Weather | Zone: Shivajinagar  | Temp: 25.0°C | Humidity: 83%

--- Emitting Weather Window: 04:45:23 ---
 -> Sent Weather | Zone: Hinjewadi     | Temp: 25.0°C | Humidity: 87%
 -> Sent Weather | Zone: FC Road       | Temp: 25.1°C | Humidity: 84%
 -> Sent Weather | Zone: Kothrud       | Temp: 24.8°C | Humidity: 85%
 -> Sent Weather | Zone: Hadapsar      | Temp: 25.6°C | Humidity: 83%
 -> Sent Weather | Zone: Shivajinagar  | Temp: 25.3°C | Humidity: 84%

--- Emitting Weather Window: 04:45:41 ---
 -> Sent Weather | Zone: Hinjewadi     | Temp: 24.9°C | Humidity: 86%
 -> Sent Weather | Zone: FC Road       | Temp: 25.3°C | Humidity: 84%
 -> Sent Weather | Zone: Kothrud       | Temp: 24.7°C | Humidity: 85%
 -> Sent Weather | Zone: Hadapsar      | Temp: 25.5°C | Humidity: 83%
 -> Sent Weather | Zone: Shivajinagar  | Temp: 25.1°C | Humidity: 83%

--- Emitting Weather Window: 04:46:00 ---
 -> Sent Weather | Zone: Hinjewadi     | Temp: 24.8°C | Humidity: 86%
 -> Sent Weather | Zone: FC Road       | Temp: 25.1°C | Humidity: 84%
 -> Sent Weather | Zone: Kothrud       | Temp: 24.8°C | Humidity: 85%
 -> Sent Weather | Zone: Hadapsar      | Temp: 25.3°C | Humidity: 82%
 -> Sent Weather | Zone: Shivajinagar  | Temp: 25.2°C | Humidity: 84%

--- Emitting Weather Window: 04:46:19 ---
 -> Sent Weather | Zone: Hinjewadi     | Temp: 25.1°C | Humidity: 87%
 -> Sent Weather | Zone: FC Road       | Temp: 25.1°C | Humidity: 83%
 -> Sent Weather | Zone: Kothrud       | Temp: 24.9°C | Humidity: 85%
 -> Sent Weather | Zone: Hadapsar      | Temp: 25.5°C | Humidity: 83%
 -> Sent Weather | Zone: Shivajinagar  | Temp: 25.3°C | Humidity: 84%

--- Emitting Weather Window: 04:46:37 ---
 -> Sent Weather | Zone: Hinjewadi     | Temp: 25.2°C | Humidity: 87%
 -> Sent Weather | Zone: FC Road       | Temp: 25.2°C | Humidity: 84%
 -> Sent Weather | Zone: Kothrud       | Temp: 24.7°C | Humidity: 85%
 -> Sent Weather | Zone: Hadapsar      | Temp: 25.4°C | Humidity: 82%
 -> Sent Weather | Zone: Shivajinagar  | Temp: 25.0°C | Humidity: 83%

--- Emitting Weather Window: 04:46:56 ---
 -> Sent Weather | Zone: Hinjewadi     | Temp: 24.8°C | Humidity: 86%
 -> Sent Weather | Zone: FC Road       | Temp: 24.9°C | Humidity: 83%
 -> Sent Weather | Zone: Kothrud       | Temp: 25.1°C | Humidity: 86%
 -> Sent Weather | Zone: Hadapsar      | Temp: 25.6°C | Humidity: 83%
 -> Sent Weather | Zone: Shivajinagar  | Temp: 25.0°C | Humidity: 83%

--- Emitting Weather Window: 04:47:14 ---
 -> Sent Weather | Zone: Hinjewadi     | Temp: 25.2°C | Humidity: 87%
 -> Sent Weather | Zone: FC Road       | Temp: 24.9°C | Humidity: 83%
 -> Sent Weather | Zone: Kothrud       | Temp: 24.9°C | Humidity: 85%
 -> Sent Weather | Zone: Hadapsar      | Temp: 25.4°C | Humidity: 83%
 -> Sent Weather | Zone: Shivajinagar  | Temp: 25.1°C | Humidity: 84%

--- Emitting Weather Window: 04:47:33 ---
 -> Sent Weather | Zone: Hinjewadi     | Temp: 24.8°C | Humidity: 86%
 -> Sent Weather | Zone: FC Road       | Temp: 25.0°C | Humidity: 83%
 -> Sent Weather | Zone: Kothrud       | Temp: 24.7°C | Humidity: 85%
 -> Sent Weather | Zone: Hadapsar      | Temp: 25.5°C | Humidity: 83%
 -> Sent Weather | Zone: Shivajinagar  | Temp: 24.9°C | Humidity: 83%

--- Emitting Weather Window: 04:47:52 ---
 -> Sent Weather | Zone: Hinjewadi     | Temp: 24.9°C | Humidity: 86%
 -> Sent Weather | Zone: FC Road       | Temp: 25.2°C | Humidity: 84%
 -> Sent Weather | Zone: Kothrud       | Temp: 25.0°C | Humidity: 86%
 -> Sent Weather | Zone: Hadapsar      | Temp: 25.3°C | Humidity: 82%
 -> Sent Weather | Zone: Shivajinagar  | Temp: 25.1°C | Humidity: 83%

--- Emitting Weather Window: 04:48:10 ---
 -> Sent Weather | Zone: Hinjewadi     | Temp: 25.2°C | Humidity: 87%
 -> Sent Weather | Zone: FC Road       | Temp: 25.3°C | Humidity: 84%
 -> Sent Weather | Zone: Kothrud       | Temp: 24.7°C | Humidity: 85%
 -> Sent Weather | Zone: Hadapsar      | Temp: 25.5°C | Humidity: 83%
 -> Sent Weather | Zone: Shivajinagar  | Temp: 25.0°C | Humidity: 83%

--- Emitting Weather Window: 04:48:29 ---
 -> Sent Weather | Zone: Hinjewadi     | Temp: 25.2°C | Humidity: 87%
 -> Sent Weather | Zone: FC Road       | Temp: 25.1°C | Humidity: 83%
 -> Sent Weather | Zone: Kothrud       | Temp: 24.8°C | Humidity: 85%
 -> Sent Weather | Zone: Hadapsar      | Temp: 25.4°C | Humidity: 83%
 -> Sent Weather | Zone: Shivajinagar  | Temp: 25.3°C | Humidity: 84%

--- Emitting Weather Window: 04:48:48 ---
 -> Sent Weather | Zone: Hinjewadi     | Temp: 25.0°C | Humidity: 86%
 -> Sent Weather | Zone: FC Road       | Temp: 25.1°C | Humidity: 84%
 -> Sent Weather | Zone: Kothrud       | Temp: 24.9°C | Humidity: 85%
 -> Sent Weather | Zone: Hadapsar      | Temp: 25.2°C | Humidity: 82%
 -> Sent Weather | Zone: Shivajinagar  | Temp: 25.2°C | Humidity: 84%

--- Emitting Weather Window: 04:49:06 ---
 -> Sent Weather | Zone: Hinjewadi     | Temp: 24.8°C | Humidity: 86%
 -> Sent Weather | Zone: FC Road       | Temp: 25.1°C | Humidity: 84%
 -> Sent Weather | Zone: Kothrud       | Temp: 25.1°C | Humidity: 86%
 -> Sent Weather | Zone: Hadapsar      | Temp: 25.3°C | Humidity: 82%
 -> Sent Weather | Zone: Shivajinagar  | Temp: 25.1°C | Humidity: 83%

--- Emitting Weather Window: 04:49:25 ---
 -> Sent Weather | Zone: Hinjewadi     | Temp: 25.1°C | Humidity: 87%
 -> Sent Weather | Zone: FC Road       | Temp: 25.3°C | Humidity: 84%
 -> Sent Weather | Zone: Kothrud       | Temp: 24.8°C | Humidity: 85%
 -> Sent Weather | Zone: Hadapsar      | Temp: 25.2°C | Humidity: 82%
 -> Sent Weather | Zone: Shivajinagar  | Temp: 24.9°C | Humidity: 83%

--- Emitting Weather Window: 04:49:44 ---
 -> Sent Weather | Zone: Hinjewadi     | Temp: 24.9°C | Humidity: 86%
 -> Sent Weather | Zone: FC Road       | Temp: 25.2°C | Humidity: 84%
 -> Sent Weather | Zone: Kothrud       | Temp: 24.9°C | Humidity: 85%
 -> Sent Weather | Zone: Hadapsar      | Temp: 25.3°C | Humidity: 82%
 -> Sent Weather | Zone: Shivajinagar  | Temp: 24.9°C | Humidity: 83%

--- Emitting Weather Window: 04:50:03 ---
 -> Sent Weather | Zone: Hinjewadi     | Temp: 25.0°C | Humidity: 87%
 -> Sent Weather | Zone: FC Road       | Temp: 25.0°C | Humidity: 83%
 -> Sent Weather | Zone: Kothrud       | Temp: 24.9°C | Humidity: 86%
 -> Sent Weather | Zone: Hadapsar      | Temp: 25.3°C | Humidity: 82%
 -> Sent Weather | Zone: Shivajinagar  | Temp: 25.0°C | Humidity: 83%

--- Emitting Weather Window: 04:50:34 ---
 -> Sent Weather | Zone: Hinjewadi     | Temp: 25.1°C | Humidity: 87%
 -> Sent Weather | Zone: FC Road       | Temp: 25.2°C | Humidity: 84%
 -> Sent Weather | Zone: Kothrud       | Temp: 24.8°C | Humidity: 85%
 -> Sent Weather | Zone: Hadapsar      | Temp: 25.3°C | Humidity: 82%
 -> Sent Weather | Zone: Shivajinagar  | Temp: 25.1°C | Humidity: 83%

--- Emitting Weather Window: 04:50:53 ---
 -> Sent Weather | Zone: Hinjewadi     | Temp: 25.2°C | Humidity: 87%
 -> Sent Weather | Zone: FC Road       | Temp: 25.1°C | Humidity: 84%
 -> Sent Weather | Zone: Kothrud       | Temp: 24.9°C | Humidity: 85%
 -> Sent Weather | Zone: Hadapsar      | Temp: 25.2°C | Humidity: 82%
 -> Sent Weather | Zone: Shivajinagar  | Temp: 24.9°C | Humidity: 83%

--- Emitting Weather Window: 04:51:12 ---
 -> Sent Weather | Zone: Hinjewadi     | Temp: 24.8°C | Humidity: 86%
 -> Sent Weather | Zone: FC Road       | Temp: 25.3°C | Humidity: 84%
 -> Sent Weather | Zone: Kothrud       | Temp: 25.1°C | Humidity: 86%
 -> Sent Weather | Zone: Hadapsar      | Temp: 25.3°C | Humidity: 82%
 -> Sent Weather | Zone: Shivajinagar  | Temp: 25.3°C | Humidity: 84%

--- Emitting Weather Window: 04:51:31 ---
 -> Sent Weather | Zone: Hinjewadi     | Temp: 24.8°C | Humidity: 86%
 -> Sent Weather | Zone: FC Road       | Temp: 25.2°C | Humidity: 84%
 -> Sent Weather | Zone: Kothrud       | Temp: 25.1°C | Humidity: 86%
 -> Sent Weather | Zone: Hadapsar      | Temp: 25.6°C | Humidity: 83%
 -> Sent Weather | Zone: Shivajinagar  | Temp: 25.1°C | Humidity: 84%

--- Emitting Weather Window: 04:51:50 ---
 -> Sent Weather | Zone: Hinjewadi     | Temp: 25.2°C | Humidity: 87%
 -> Sent Weather | Zone: FC Road       | Temp: 25.0°C | Humidity: 83%
 -> Sent Weather | Zone: Kothrud       | Temp: 25.1°C | Humidity: 86%
 -> Sent Weather | Zone: Hadapsar      | Temp: 25.4°C | Humidity: 82%
 -> Sent Weather | Zone: Shivajinagar  | Temp: 25.2°C | Humidity: 84%

--- Emitting Weather Window: 04:52:09 ---
 -> Sent Weather | Zone: Hinjewadi     | Temp: 24.8°C | Humidity: 86%
 -> Sent Weather | Zone: FC Road       | Temp: 25.3°C | Humidity: 84%
 -> Sent Weather | Zone: Kothrud       | Temp: 25.0°C | Humidity: 86%
 -> Sent Weather | Zone: Hadapsar      | Temp: 25.4°C | Humidity: 82%
 -> Sent Weather | Zone: Shivajinagar  | Temp: 25.2°C | Humidity: 84%

--- Emitting Weather Window: 04:52:28 ---
 -> Sent Weather | Zone: Hinjewadi     | Temp: 24.8°C | Humidity: 86%
 -> Sent Weather | Zone: FC Road       | Temp: 25.0°C | Humidity: 83%
 -> Sent Weather | Zone: Kothrud       | Temp: 25.0°C | Humidity: 86%
 -> Sent Weather | Zone: Hadapsar      | Temp: 25.6°C | Humidity: 83%
 -> Sent Weather | Zone: Shivajinagar  | Temp: 25.1°C | Humidity: 84%

--- Emitting Weather Window: 04:52:47 ---
 -> Sent Weather | Zone: Hinjewadi     | Temp: 24.8°C | Humidity: 86%
 -> Sent Weather | Zone: FC Road       | Temp: 25.0°C | Humidity: 83%
 -> Sent Weather | Zone: Kothrud       | Temp: 25.0°C | Humidity: 86%
 -> Sent Weather | Zone: Hadapsar      | Temp: 25.3°C | Humidity: 82%
 -> Sent Weather | Zone: Shivajinagar  | Temp: 25.1°C | Humidity: 83%

--- Emitting Weather Window: 04:53:05 ---
 -> Sent Weather | Zone: Hinjewadi     | Temp: 25.1°C | Humidity: 87%
 -> Sent Weather | Zone: FC Road       | Temp: 25.1°C | Humidity: 84%
 -> Sent Weather | Zone: Kothrud       | Temp: 25.1°C | Humidity: 86%
 -> Sent Weather | Zone: Hadapsar      | Temp: 25.3°C | Humidity: 82%
 -> Sent Weather | Zone: Shivajinagar  | Temp: 25.1°C | Humidity: 83%

--- Emitting Weather Window: 04:53:24 ---
 -> Sent Weather | Zone: Hinjewadi     | Temp: 25.1°C | Humidity: 87%
 -> Sent Weather | Zone: FC Road       | Temp: 25.1°C | Humidity: 84%
 -> Sent Weather | Zone: Kothrud       | Temp: 24.9°C | Humidity: 85%
 -> Sent Weather | Zone: Hadapsar      | Temp: 25.6°C | Humidity: 83%
 -> Sent Weather | Zone: Shivajinagar  | Temp: 24.9°C | Humidity: 83%

--- Emitting Weather Window: 04:53:43 ---
 -> Sent Weather | Zone: Hinjewadi     | Temp: 25.0°C | Humidity: 87%
 -> Sent Weather | Zone: FC Road       | Temp: 25.0°C | Humidity: 83%
 -> Sent Weather | Zone: Kothrud       | Temp: 24.9°C | Humidity: 86%
 -> Sent Weather | Zone: Hadapsar      | Temp: 25.5°C | Humidity: 83%
 -> Sent Weather | Zone: Shivajinagar  | Temp: 24.9°C | Humidity: 83%

--- Emitting Weather Window: 04:54:02 ---
 -> Sent Weather | Zone: Hinjewadi     | Temp: 25.1°C | Humidity: 87%
 -> Sent Weather | Zone: FC Road       | Temp: 25.0°C | Humidity: 83%
 -> Sent Weather | Zone: Kothrud       | Temp: 24.7°C | Humidity: 85%
 -> Sent Weather | Zone: Hadapsar      | Temp: 25.3°C | Humidity: 82%
 -> Sent Weather | Zone: Shivajinagar  | Temp: 25.2°C | Humidity: 84%

--- Emitting Weather Window: 04:54:21 ---
 -> Sent Weather | Zone: Hinjewadi     | Temp: 25.2°C | Humidity: 87%
 -> Sent Weather | Zone: FC Road       | Temp: 25.2°C | Humidity: 84%
 -> Sent Weather | Zone: Kothrud       | Temp: 25.1°C | Humidity: 86%
 -> Sent Weather | Zone: Hadapsar      | Temp: 25.6°C | Humidity: 83%
 -> Sent Weather | Zone: Shivajinagar  | Temp: 25.2°C | Humidity: 84%

--- Emitting Weather Window: 04:54:40 ---
 -> Sent Weather | Zone: Hinjewadi     | Temp: 25.1°C | Humidity: 87%
 -> Sent Weather | Zone: FC Road       | Temp: 25.3°C | Humidity: 84%
 -> Sent Weather | Zone: Kothrud       | Temp: 25.0°C | Humidity: 86%
 -> Sent Weather | Zone: Hadapsar      | Temp: 25.5°C | Humidity: 83%
 -> Sent Weather | Zone: Shivajinagar  | Temp: 25.3°C | Humidity: 84%

--- Emitting Weather Window: 04:54:59 ---
 -> Sent Weather | Zone: Hinjewadi     | Temp: 24.8°C | Humidity: 86%
 -> Sent Weather | Zone: FC Road       | Temp: 25.1°C | Humidity: 84%
 -> Sent Weather | Zone: Kothrud       | Temp: 25.1°C | Humidity: 86%
 -> Sent Weather | Zone: Hadapsar      | Temp: 25.3°C | Humidity: 82%
 -> Sent Weather | Zone: Shivajinagar  | Temp: 25.0°C | Humidity: 83%

--- Emitting Weather Window: 04:55:17 ---
 -> Sent Weather | Zone: Hinjewadi     | Temp: 25.0°C | Humidity: 87%
 -> Sent Weather | Zone: FC Road       | Temp: 25.1°C | Humidity: 83%
 -> Sent Weather | Zone: Kothrud       | Temp: 24.7°C | Humidity: 85%
 -> Sent Weather | Zone: Hadapsar      | Temp: 25.4°C | Humidity: 83%
 -> Sent Weather | Zone: Shivajinagar  | Temp: 24.9°C | Humidity: 83%

--- Emitting Weather Window: 04:55:36 ---
 -> Sent Weather | Zone: Hinjewadi     | Temp: 25.1°C | Humidity: 87%
 -> Sent Weather | Zone: FC Road       | Temp: 25.0°C | Humidity: 83%
 -> Sent Weather | Zone: Kothrud       | Temp: 24.8°C | Humidity: 85%
 -> Sent Weather | Zone: Hadapsar      | Temp: 25.6°C | Humidity: 83%
 -> Sent Weather | Zone: Shivajinagar  | Temp: 25.2°C | Humidity: 84%

--- Emitting Weather Window: 04:55:55 ---
 -> Sent Weather | Zone: Hinjewadi     | Temp: 25.2°C | Humidity: 87%
 -> Sent Weather | Zone: FC Road       | Temp: 25.3°C | Humidity: 84%
 -> Sent Weather | Zone: Kothrud       | Temp: 24.7°C | Humidity: 85%
 -> Sent Weather | Zone: Hadapsar      | Temp: 25.6°C | Humidity: 83%
 -> Sent Weather | Zone: Shivajinagar  | Temp: 25.0°C | Humidity: 83%

--- Emitting Weather Window: 04:56:13 ---
 -> Sent Weather | Zone: Hinjewadi     | Temp: 25.1°C | Humidity: 87%
 -> Sent Weather | Zone: FC Road       | Temp: 25.3°C | Humidity: 84%
 -> Sent Weather | Zone: Kothrud       | Temp: 24.9°C | Humidity: 86%
 -> Sent Weather | Zone: Hadapsar      | Temp: 25.2°C | Humidity: 82%
 -> Sent Weather | Zone: Shivajinagar  | Temp: 25.3°C | Humidity: 84%

--- Emitting Weather Window: 04:56:32 ---
 -> Sent Weather | Zone: Hinjewadi     | Temp: 25.0°C | Humidity: 86%
 -> Sent Weather | Zone: FC Road       | Temp: 24.9°C | Humidity: 83%
 -> Sent Weather | Zone: Kothrud       | Temp: 24.7°C | Humidity: 85%
 -> Sent Weather | Zone: Hadapsar      | Temp: 25.2°C | Humidity: 82%
 -> Sent Weather | Zone: Shivajinagar  | Temp: 24.9°C | Humidity: 83%

--- Emitting Weather Window: 04:56:51 ---
 -> Sent Weather | Zone: Hinjewadi     | Temp: 25.2°C | Humidity: 87%
 -> Sent Weather | Zone: FC Road       | Temp: 24.9°C | Humidity: 83%
 -> Sent Weather | Zone: Kothrud       | Temp: 25.0°C | Humidity: 86%
 -> Sent Weather | Zone: Hadapsar      | Temp: 25.2°C | Humidity: 82%
 -> Sent Weather | Zone: Shivajinagar  | Temp: 25.0°C | Humidity: 83%

--- Emitting Weather Window: 04:57:10 ---
 -> Sent Weather | Zone: Hinjewadi     | Temp: 25.1°C | Humidity: 87%
 -> Sent Weather | Zone: FC Road       | Temp: 25.2°C | Humidity: 84%
 -> Sent Weather | Zone: Kothrud       | Temp: 24.7°C | Humidity: 85%
 -> Sent Weather | Zone: Hadapsar      | Temp: 25.5°C | Humidity: 83%
 -> Sent Weather | Zone: Shivajinagar  | Temp: 25.3°C | Humidity: 84%

--- Emitting Weather Window: 04:57:29 ---
 -> Sent Weather | Zone: Hinjewadi     | Temp: 25.2°C | Humidity: 87%
 -> Sent Weather | Zone: FC Road       | Temp: 25.2°C | Humidity: 84%
 -> Sent Weather | Zone: Kothrud       | Temp: 24.9°C | Humidity: 86%
 -> Sent Weather | Zone: Hadapsar      | Temp: 25.5°C | Humidity: 83%
 -> Sent Weather | Zone: Shivajinagar  | Temp: 25.0°C | Humidity: 83%

--- Emitting Weather Window: 04:57:48 ---
 -> Sent Weather | Zone: Hinjewadi     | Temp: 24.9°C | Humidity: 86%
 -> Sent Weather | Zone: FC Road       | Temp: 25.2°C | Humidity: 84%
 -> Sent Weather | Zone: Kothrud       | Temp: 24.8°C | Humidity: 85%
 -> Sent Weather | Zone: Hadapsar      | Temp: 25.6°C | Humidity: 83%
 -> Sent Weather | Zone: Shivajinagar  | Temp: 25.1°C | Humidity: 84%

--- Emitting Weather Window: 04:58:06 ---
 -> Sent Weather | Zone: Hinjewadi     | Temp: 24.8°C | Humidity: 86%
 -> Sent Weather | Zone: FC Road       | Temp: 24.9°C | Humidity: 83%
 -> Sent Weather | Zone: Kothrud       | Temp: 24.9°C | Humidity: 86%
 -> Sent Weather | Zone: Hadapsar      | Temp: 25.4°C | Humidity: 82%
 -> Sent Weather | Zone: Shivajinagar  | Temp: 25.2°C | Humidity: 84%

--- Emitting Weather Window: 04:58:25 ---
 -> Sent Weather | Zone: Hinjewadi     | Temp: 24.9°C | Humidity: 86%
 -> Sent Weather | Zone: FC Road       | Temp: 25.2°C | Humidity: 84%
 -> Sent Weather | Zone: Kothrud       | Temp: 25.0°C | Humidity: 86%
 -> Sent Weather | Zone: Hadapsar      | Temp: 25.3°C | Humidity: 82%
 -> Sent Weather | Zone: Shivajinagar  | Temp: 25.0°C | Humidity: 83%

--- Emitting Weather Window: 04:58:44 ---
 -> Sent Weather | Zone: Hinjewadi     | Temp: 24.9°C | Humidity: 86%
 -> Sent Weather | Zone: FC Road       | Temp: 25.1°C | Humidity: 84%
 -> Sent Weather | Zone: Kothrud       | Temp: 24.8°C | Humidity: 85%
 -> Sent Weather | Zone: Hadapsar      | Temp: 25.6°C | Humidity: 83%
 -> Sent Weather | Zone: Shivajinagar  | Temp: 25.1°C | Humidity: 83%

--- Emitting Weather Window: 04:59:04 ---
 -> Sent Weather | Zone: Hinjewadi     | Temp: 25.1°C | Humidity: 87%
 -> Sent Weather | Zone: FC Road       | Temp: 24.9°C | Humidity: 83%
 -> Sent Weather | Zone: Kothrud       | Temp: 25.1°C | Humidity: 86%
 -> Sent Weather | Zone: Hadapsar      | Temp: 25.6°C | Humidity: 83%
 -> Sent Weather | Zone: Shivajinagar  | Temp: 25.2°C | Humidity: 84%

--- Emitting Weather Window: 04:59:23 ---
 -> Sent Weather | Zone: Hinjewadi     | Temp: 25.2°C | Humidity: 87%
 -> Sent Weather | Zone: FC Road       | Temp: 24.9°C | Humidity: 83%
 -> Sent Weather | Zone: Kothrud       | Temp: 25.0°C | Humidity: 86%
 -> Sent Weather | Zone: Hadapsar      | Temp: 25.2°C | Humidity: 82%
 -> Sent Weather | Zone: Shivajinagar  | Temp: 25.1°C | Humidity: 83%

--- Emitting Weather Window: 04:59:41 ---
 -> Sent Weather | Zone: Hinjewadi     | Temp: 24.8°C | Humidity: 86%
 -> Sent Weather | Zone: FC Road       | Temp: 25.2°C | Humidity: 84%
 -> Sent Weather | Zone: Kothrud       | Temp: 24.7°C | Humidity: 85%
 -> Sent Weather | Zone: Hadapsar      | Temp: 25.6°C | Humidity: 83%
 -> Sent Weather | Zone: Shivajinagar  | Temp: 25.2°C | Humidity: 84%

--- Emitting Weather Window: 05:00:00 ---
 -> Sent Weather | Zone: Hinjewadi     | Temp: 24.8°C | Humidity: 86%
 -> Sent Weather | Zone: FC Road       | Temp: 25.0°C | Humidity: 83%
 -> Sent Weather | Zone: Kothrud       | Temp: 25.1°C | Humidity: 86%
 -> Sent Weather | Zone: Hadapsar      | Temp: 25.7°C | Humidity: 83%
 -> Sent Weather | Zone: Shivajinagar  | Temp: 25.1°C | Humidity: 84%

--- Emitting Weather Window: 05:00:40 ---
 -> Sent Weather | Zone: Hinjewadi     | Temp: 24.8°C | Humidity: 86%
 -> Sent Weather | Zone: FC Road       | Temp: 24.9°C | Humidity: 83%
 -> Sent Weather | Zone: Kothrud       | Temp: 24.7°C | Humidity: 85%
 -> Sent Weather | Zone: Hadapsar      | Temp: 25.2°C | Humidity: 82%
 -> Sent Weather | Zone: Shivajinagar  | Temp: 25.1°C | Humidity: 84%

--- Emitting Weather Window: 05:00:58 ---
 -> Sent Weather | Zone: Hinjewadi     | Temp: 25.0°C | Humidity: 86%
 -> Sent Weather | Zone: FC Road       | Temp: 25.1°C | Humidity: 83%
 -> Sent Weather | Zone: Kothrud       | Temp: 24.7°C | Humidity: 85%
 -> Sent Weather | Zone: Hadapsar      | Temp: 25.4°C | Humidity: 82%
 -> Sent Weather | Zone: Shivajinagar  | Temp: 25.0°C | Humidity: 83%

--- Emitting Weather Window: 05:01:17 ---
 -> Sent Weather | Zone: Hinjewadi     | Temp: 25.1°C | Humidity: 87%
 -> Sent Weather | Zone: FC Road       | Temp: 25.1°C | Humidity: 84%
 -> Sent Weather | Zone: Kothrud       | Temp: 24.7°C | Humidity: 85%
 -> Sent Weather | Zone: Hadapsar      | Temp: 25.6°C | Humidity: 83%
 -> Sent Weather | Zone: Shivajinagar  | Temp: 25.0°C | Humidity: 83%

--- Emitting Weather Window: 05:01:36 ---
 -> Sent Weather | Zone: Hinjewadi     | Temp: 24.8°C | Humidity: 86%
 -> Sent Weather | Zone: FC Road       | Temp: 25.3°C | Humidity: 84%
 -> Sent Weather | Zone: Kothrud       | Temp: 24.8°C | Humidity: 85%
 -> Sent Weather | Zone: Hadapsar      | Temp: 25.3°C | Humidity: 82%
 -> Sent Weather | Zone: Shivajinagar  | Temp: 25.1°C | Humidity: 83%

--- Emitting Weather Window: 05:01:55 ---
 -> Sent Weather | Zone: Hinjewadi     | Temp: 24.9°C | Humidity: 86%
 -> Sent Weather | Zone: FC Road       | Temp: 25.3°C | Humidity: 84%
 -> Sent Weather | Zone: Kothrud       | Temp: 24.7°C | Humidity: 85%
 -> Sent Weather | Zone: Hadapsar      | Temp: 25.5°C | Humidity: 83%
 -> Sent Weather | Zone: Shivajinagar  | Temp: 25.2°C | Humidity: 84%

--- Emitting Weather Window: 05:02:13 ---
 -> Sent Weather | Zone: Hinjewadi     | Temp: 25.1°C | Humidity: 87%
 -> Sent Weather | Zone: FC Road       | Temp: 25.2°C | Humidity: 84%
 -> Sent Weather | Zone: Kothrud       | Temp: 24.8°C | Humidity: 85%
 -> Sent Weather | Zone: Hadapsar      | Temp: 25.5°C | Humidity: 83%
 -> Sent Weather | Zone: Shivajinagar  | Temp: 25.2°C | Humidity: 84%

--- Emitting Weather Window: 05:02:32 ---
⚠️ API Fetch error: HTTPSConnectionPool(host='api.open-meteo.com', port=443): Read timed out. (read timeout=10)
 -> Sent Weather | Zone: Hinjewadi     | Temp: 32.1°C | Humidity: 60%
 -> Sent Weather | Zone: FC Road       | Temp: 25.0°C | Humidity: 83%
 -> Sent Weather | Zone: Kothrud       | Temp: 24.7°C | Humidity: 85%
 -> Sent Weather | Zone: Hadapsar      | Temp: 25.3°C | Humidity: 82%
 -> Sent Weather | Zone: Shivajinagar  | Temp: 25.2°C | Humidity: 84%

--- Emitting Weather Window: 05:03:01 ---
 -> Sent Weather | Zone: Hinjewadi     | Temp: 25.1°C | Humidity: 87%
 -> Sent Weather | Zone: FC Road       | Temp: 25.2°C | Humidity: 84%
 -> Sent Weather | Zone: Kothrud       | Temp: 24.8°C | Humidity: 85%
 -> Sent Weather | Zone: Hadapsar      | Temp: 25.3°C | Humidity: 82%
 -> Sent Weather | Zone: Shivajinagar  | Temp: 24.9°C | Humidity: 83%

--- Emitting Weather Window: 05:03:19 ---
 -> Sent Weather | Zone: Hinjewadi     | Temp: 24.9°C | Humidity: 86%
 -> Sent Weather | Zone: FC Road       | Temp: 25.0°C | Humidity: 83%
 -> Sent Weather | Zone: Kothrud       | Temp: 24.8°C | Humidity: 85%
 -> Sent Weather | Zone: Hadapsar      | Temp: 25.3°C | Humidity: 82%
 -> Sent Weather | Zone: Shivajinagar  | Temp: 25.2°C | Humidity: 84%

--- Emitting Weather Window: 05:03:38 ---
 -> Sent Weather | Zone: Hinjewadi     | Temp: 25.0°C | Humidity: 87%
 -> Sent Weather | Zone: FC Road       | Temp: 25.3°C | Humidity: 84%
 -> Sent Weather | Zone: Kothrud       | Temp: 24.9°C | Humidity: 85%
 -> Sent Weather | Zone: Hadapsar      | Temp: 25.3°C | Humidity: 82%
 -> Sent Weather | Zone: Shivajinagar  | Temp: 25.1°C | Humidity: 84%

--- Emitting Weather Window: 05:03:57 ---
 -> Sent Weather | Zone: Hinjewadi     | Temp: 24.8°C | Humidity: 86%
 -> Sent Weather | Zone: FC Road       | Temp: 25.3°C | Humidity: 84%
 -> Sent Weather | Zone: Kothrud       | Temp: 24.7°C | Humidity: 85%
 -> Sent Weather | Zone: Hadapsar      | Temp: 25.4°C | Humidity: 82%
 -> Sent Weather | Zone: Shivajinagar  | Temp: 25.2°C | Humidity: 84%

--- Emitting Weather Window: 05:04:16 ---
 -> Sent Weather | Zone: Hinjewadi     | Temp: 25.0°C | Humidity: 87%
 -> Sent Weather | Zone: FC Road       | Temp: 25.0°C | Humidity: 83%
 -> Sent Weather | Zone: Kothrud       | Temp: 24.9°C | Humidity: 86%
 -> Sent Weather | Zone: Hadapsar      | Temp: 25.6°C | Humidity: 83%
 -> Sent Weather | Zone: Shivajinagar  | Temp: 25.0°C | Humidity: 83%

--- Emitting Weather Window: 05:04:35 ---
 -> Sent Weather | Zone: Hinjewadi     | Temp: 24.8°C | Humidity: 86%
 -> Sent Weather | Zone: FC Road       | Temp: 25.2°C | Humidity: 84%
 -> Sent Weather | Zone: Kothrud       | Temp: 25.0°C | Humidity: 86%
 -> Sent Weather | Zone: Hadapsar      | Temp: 25.3°C | Humidity: 82%
 -> Sent Weather | Zone: Shivajinagar  | Temp: 24.9°C | Humidity: 83%

--- Emitting Weather Window: 05:04:53 ---
⚠️ API Fetch error: HTTPSConnectionPool(host='api.open-meteo.com', port=443): Read timed out. (read timeout=10)
 -> Sent Weather | Zone: Hinjewadi     | Temp: 32.1°C | Humidity: 60%
 -> Sent Weather | Zone: FC Road       | Temp: 25.2°C | Humidity: 84%
 -> Sent Weather | Zone: Kothrud       | Temp: 25.0°C | Humidity: 86%
 -> Sent Weather | Zone: Hadapsar      | Temp: 25.6°C | Humidity: 83%
 -> Sent Weather | Zone: Shivajinagar  | Temp: 25.3°C | Humidity: 84%

--- Emitting Weather Window: 05:05:22 ---
 -> Sent Weather | Zone: Hinjewadi     | Temp: 25.2°C | Humidity: 87%
 -> Sent Weather | Zone: FC Road       | Temp: 24.9°C | Humidity: 83%
 -> Sent Weather | Zone: Kothrud       | Temp: 25.1°C | Humidity: 86%
 -> Sent Weather | Zone: Hadapsar      | Temp: 25.6°C | Humidity: 83%
 -> Sent Weather | Zone: Shivajinagar  | Temp: 25.1°C | Humidity: 83%

--- Emitting Weather Window: 05:05:40 ---
 -> Sent Weather | Zone: Hinjewadi     | Temp: 25.1°C | Humidity: 87%
 -> Sent Weather | Zone: FC Road       | Temp: 24.9°C | Humidity: 83%
 -> Sent Weather | Zone: Kothrud       | Temp: 24.8°C | Humidity: 85%
 -> Sent Weather | Zone: Hadapsar      | Temp: 25.4°C | Humidity: 82%
 -> Sent Weather | Zone: Shivajinagar  | Temp: 25.2°C | Humidity: 84%

--- Emitting Weather Window: 05:05:59 ---
 -> Sent Weather | Zone: Hinjewadi     | Temp: 25.1°C | Humidity: 87%
 -> Sent Weather | Zone: FC Road       | Temp: 25.3°C | Humidity: 84%
 -> Sent Weather | Zone: Kothrud       | Temp: 24.7°C | Humidity: 85%
 -> Sent Weather | Zone: Hadapsar      | Temp: 25.5°C | Humidity: 83%
 -> Sent Weather | Zone: Shivajinagar  | Temp: 25.1°C | Humidity: 83%

--- Emitting Weather Window: 05:06:17 ---
 -> Sent Weather | Zone: Hinjewadi     | Temp: 24.9°C | Humidity: 86%
 -> Sent Weather | Zone: FC Road       | Temp: 25.4°C | Humidity: 84%
 -> Sent Weather | Zone: Kothrud       | Temp: 24.8°C | Humidity: 85%
 -> Sent Weather | Zone: Hadapsar      | Temp: 25.6°C | Humidity: 83%
 -> Sent Weather | Zone: Shivajinagar  | Temp: 25.0°C | Humidity: 83%

--- Emitting Weather Window: 05:06:36 ---
 -> Sent Weather | Zone: Hinjewadi     | Temp: 25.2°C | Humidity: 87%
 -> Sent Weather | Zone: FC Road       | Temp: 24.9°C | Humidity: 83%
 -> Sent Weather | Zone: Kothrud       | Temp: 24.7°C | Humidity: 85%
 -> Sent Weather | Zone: Hadapsar      | Temp: 25.5°C | Humidity: 83%
 -> Sent Weather | Zone: Shivajinagar  | Temp: 25.0°C | Humidity: 83%

--- Emitting Weather Window: 05:06:55 ---
 -> Sent Weather | Zone: Hinjewadi     | Temp: 25.0°C | Humidity: 86%
 -> Sent Weather | Zone: FC Road       | Temp: 25.0°C | Humidity: 83%
 -> Sent Weather | Zone: Kothrud       | Temp: 24.9°C | Humidity: 86%
 -> Sent Weather | Zone: Hadapsar      | Temp: 25.6°C | Humidity: 83%
 -> Sent Weather | Zone: Shivajinagar  | Temp: 25.0°C | Humidity: 83%

--- Emitting Weather Window: 05:07:13 ---
 -> Sent Weather | Zone: Hinjewadi     | Temp: 24.9°C | Humidity: 86%
 -> Sent Weather | Zone: FC Road       | Temp: 25.2°C | Humidity: 84%
 -> Sent Weather | Zone: Kothrud       | Temp: 24.7°C | Humidity: 85%
 -> Sent Weather | Zone: Hadapsar      | Temp: 25.3°C | Humidity: 82%
 -> Sent Weather | Zone: Shivajinagar  | Temp: 25.3°C | Humidity: 84%

--- Emitting Weather Window: 05:07:32 ---
 -> Sent Weather | Zone: Hinjewadi     | Temp: 25.0°C | Humidity: 86%
 -> Sent Weather | Zone: FC Road       | Temp: 24.9°C | Humidity: 83%
 -> Sent Weather | Zone: Kothrud       | Temp: 25.1°C | Humidity: 86%
 -> Sent Weather | Zone: Hadapsar      | Temp: 25.5°C | Humidity: 83%
 -> Sent Weather | Zone: Shivajinagar  | Temp: 24.9°C | Humidity: 83%

--- Emitting Weather Window: 05:07:52 ---
 -> Sent Weather | Zone: Hinjewadi     | Temp: 25.1°C | Humidity: 87%
 -> Sent Weather | Zone: FC Road       | Temp: 25.3°C | Humidity: 84%
 -> Sent Weather | Zone: Kothrud       | Temp: 24.8°C | Humidity: 85%
 -> Sent Weather | Zone: Hadapsar      | Temp: 25.3°C | Humidity: 82%
 -> Sent Weather | Zone: Shivajinagar  | Temp: 25.0°C | Humidity: 83%

--- Emitting Weather Window: 05:08:10 ---
 -> Sent Weather | Zone: Hinjewadi     | Temp: 24.9°C | Humidity: 86%
 -> Sent Weather | Zone: FC Road       | Temp: 25.0°C | Humidity: 83%
 -> Sent Weather | Zone: Kothrud       | Temp: 24.7°C | Humidity: 85%
 -> Sent Weather | Zone: Hadapsar      | Temp: 25.2°C | Humidity: 82%
⚠️ API Fetch error: HTTPSConnectionPool(host='api.open-meteo.com', port=443): Read timed out. (read timeout=10)
 -> Sent Weather | Zone: Shivajinagar  | Temp: 31.9°C | Humidity: 59%

--- Emitting Weather Window: 05:08:38 ---
 -> Sent Weather | Zone: Hinjewadi     | Temp: 24.9°C | Humidity: 86%
 -> Sent Weather | Zone: FC Road       | Temp: 25.1°C | Humidity: 84%
 -> Sent Weather | Zone: Kothrud       | Temp: 25.0°C | Humidity: 86%
 -> Sent Weather | Zone: Hadapsar      | Temp: 25.2°C | Humidity: 82%
 -> Sent Weather | Zone: Shivajinagar  | Temp: 25.1°C | Humidity: 84%

--- Emitting Weather Window: 05:08:57 ---
⚠️ API Fetch error: HTTPSConnectionPool(host='api.open-meteo.com', port=443): Read timed out. (read timeout=10)
 -> Sent Weather | Zone: Hinjewadi     | Temp: 32.1°C | Humidity: 60%
⚠️ API Fetch error: HTTPSConnectionPool(host='api.open-meteo.com', port=443): Read timed out. (read timeout=10)
 -> Sent Weather | Zone: FC Road       | Temp: 31.9°C | Humidity: 59%
 -> Sent Weather | Zone: Kothrud       | Temp: 24.8°C | Humidity: 85%
 -> Sent Weather | Zone: Hadapsar      | Temp: 25.3°C | Humidity: 82%
 -> Sent Weather | Zone: Shivajinagar  | Temp: 24.9°C | Humidity: 83%

--- Emitting Weather Window: 05:09:35 ---
 -> Sent Weather | Zone: Hinjewadi     | Temp: 25.0°C | Humidity: 87%
 -> Sent Weather | Zone: FC Road       | Temp: 25.0°C | Humidity: 83%
 -> Sent Weather | Zone: Kothrud       | Temp: 25.1°C | Humidity: 86%
 -> Sent Weather | Zone: Hadapsar      | Temp: 25.4°C | Humidity: 82%
 -> Sent Weather | Zone: Shivajinagar  | Temp: 25.0°C | Humidity: 83%

--- Emitting Weather Window: 05:09:54 ---
 -> Sent Weather | Zone: Hinjewadi     | Temp: 24.8°C | Humidity: 86%
 -> Sent Weather | Zone: FC Road       | Temp: 25.2°C | Humidity: 84%
 -> Sent Weather | Zone: Kothrud       | Temp: 25.1°C | Humidity: 86%
 -> Sent Weather | Zone: Hadapsar      | Temp: 25.5°C | Humidity: 83%
 -> Sent Weather | Zone: Shivajinagar  | Temp: 24.9°C | Humidity: 83%

--- Emitting Weather Window: 05:10:13 ---
 -> Sent Weather | Zone: Hinjewadi     | Temp: 25.1°C | Humidity: 87%
 -> Sent Weather | Zone: FC Road       | Temp: 25.1°C | Humidity: 83%
 -> Sent Weather | Zone: Kothrud       | Temp: 25.1°C | Humidity: 86%
 -> Sent Weather | Zone: Hadapsar      | Temp: 25.2°C | Humidity: 82%
 -> Sent Weather | Zone: Shivajinagar  | Temp: 24.9°C | Humidity: 83%

--- Emitting Weather Window: 05:10:34 ---
 -> Sent Weather | Zone: Hinjewadi     | Temp: 25.0°C | Humidity: 87%
 -> Sent Weather | Zone: FC Road       | Temp: 24.9°C | Humidity: 83%
 -> Sent Weather | Zone: Kothrud       | Temp: 24.8°C | Humidity: 85%
 -> Sent Weather | Zone: Hadapsar      | Temp: 25.2°C | Humidity: 82%
 -> Sent Weather | Zone: Shivajinagar  | Temp: 25.3°C | Humidity: 84%

--- Emitting Weather Window: 05:10:54 ---
 -> Sent Weather | Zone: Hinjewadi     | Temp: 25.1°C | Humidity: 87%
 -> Sent Weather | Zone: FC Road       | Temp: 24.9°C | Humidity: 83%
 -> Sent Weather | Zone: Kothrud       | Temp: 24.7°C | Humidity: 85%
 -> Sent Weather | Zone: Hadapsar      | Temp: 25.6°C | Humidity: 83%
 -> Sent Weather | Zone: Shivajinagar  | Temp: 25.3°C | Humidity: 84%

--- Emitting Weather Window: 05:11:12 ---
 -> Sent Weather | Zone: Hinjewadi     | Temp: 24.8°C | Humidity: 86%
 -> Sent Weather | Zone: FC Road       | Temp: 25.0°C | Humidity: 83%
 -> Sent Weather | Zone: Kothrud       | Temp: 24.8°C | Humidity: 85%
 -> Sent Weather | Zone: Hadapsar      | Temp: 25.4°C | Humidity: 83%
 -> Sent Weather | Zone: Shivajinagar  | Temp: 25.0°C | Humidity: 83%

--- Emitting Weather Window: 05:11:31 ---
 -> Sent Weather | Zone: Hinjewadi     | Temp: 25.2°C | Humidity: 87%
 -> Sent Weather | Zone: FC Road       | Temp: 25.1°C | Humidity: 83%
 -> Sent Weather | Zone: Kothrud       | Temp: 24.8°C | Humidity: 85%
 -> Sent Weather | Zone: Hadapsar      | Temp: 25.5°C | Humidity: 83%
 -> Sent Weather | Zone: Shivajinagar  | Temp: 25.2°C | Humidity: 84%

--- Emitting Weather Window: 05:11:50 ---
 -> Sent Weather | Zone: Hinjewadi     | Temp: 25.1°C | Humidity: 87%
 -> Sent Weather | Zone: FC Road       | Temp: 25.0°C | Humidity: 83%
 -> Sent Weather | Zone: Kothrud       | Temp: 25.1°C | Humidity: 86%
 -> Sent Weather | Zone: Hadapsar      | Temp: 25.3°C | Humidity: 82%
 -> Sent Weather | Zone: Shivajinagar  | Temp: 25.2°C | Humidity: 84%

--- Emitting Weather Window: 05:12:09 ---
 -> Sent Weather | Zone: Hinjewadi     | Temp: 25.1°C | Humidity: 87%
 -> Sent Weather | Zone: FC Road       | Temp: 24.9°C | Humidity: 83%
 -> Sent Weather | Zone: Kothrud       | Temp: 24.8°C | Humidity: 85%
⚠️ API Fetch error: HTTPSConnectionPool(host='api.open-meteo.com', port=443): Read timed out. (read timeout=10)
 -> Sent Weather | Zone: Hadapsar      | Temp: 32.0°C | Humidity: 59%
 -> Sent Weather | Zone: Shivajinagar  | Temp: 25.3°C | Humidity: 84%

--- Emitting Weather Window: 05:12:37 ---
 -> Sent Weather | Zone: Hinjewadi     | Temp: 25.2°C | Humidity: 87%
 -> Sent Weather | Zone: FC Road       | Temp: 24.9°C | Humidity: 83%
 -> Sent Weather | Zone: Kothrud       | Temp: 25.0°C | Humidity: 86%
 -> Sent Weather | Zone: Hadapsar      | Temp: 25.2°C | Humidity: 82%
 -> Sent Weather | Zone: Shivajinagar  | Temp: 25.2°C | Humidity: 84%

--- Emitting Weather Window: 05:12:56 ---
 -> Sent Weather | Zone: Hinjewadi     | Temp: 25.2°C | Humidity: 87%
 -> Sent Weather | Zone: FC Road       | Temp: 25.0°C | Humidity: 83%
 -> Sent Weather | Zone: Kothrud       | Temp: 25.1°C | Humidity: 86%
 -> Sent Weather | Zone: Hadapsar      | Temp: 25.5°C | Humidity: 83%
 -> Sent Weather | Zone: Shivajinagar  | Temp: 24.9°C | Humidity: 83%

--- Emitting Weather Window: 05:13:14 ---
 -> Sent Weather | Zone: Hinjewadi     | Temp: 24.8°C | Humidity: 86%
 -> Sent Weather | Zone: FC Road       | Temp: 25.1°C | Humidity: 84%
 -> Sent Weather | Zone: Kothrud       | Temp: 24.9°C | Humidity: 86%
 -> Sent Weather | Zone: Hadapsar      | Temp: 25.5°C | Humidity: 83%
 -> Sent Weather | Zone: Shivajinagar  | Temp: 24.9°C | Humidity: 83%

--- Emitting Weather Window: 05:13:33 ---
 -> Sent Weather | Zone: Hinjewadi     | Temp: 25.1°C | Humidity: 87%
 -> Sent Weather | Zone: FC Road       | Temp: 25.3°C | Humidity: 84%
 -> Sent Weather | Zone: Kothrud       | Temp: 25.1°C | Humidity: 86%
 -> Sent Weather | Zone: Hadapsar      | Temp: 25.6°C | Humidity: 83%
 -> Sent Weather | Zone: Shivajinagar  | Temp: 25.2°C | Humidity: 84%

--- Emitting Weather Window: 05:13:52 ---
 -> Sent Weather | Zone: Hinjewadi     | Temp: 24.8°C | Humidity: 86%
 -> Sent Weather | Zone: FC Road       | Temp: 25.2°C | Humidity: 84%
 -> Sent Weather | Zone: Kothrud       | Temp: 24.9°C | Humidity: 86%
 -> Sent Weather | Zone: Hadapsar      | Temp: 25.3°C | Humidity: 82%
 -> Sent Weather | Zone: Shivajinagar  | Temp: 25.1°C | Humidity: 83%

--- Emitting Weather Window: 05:14:11 ---
 -> Sent Weather | Zone: Hinjewadi     | Temp: 25.0°C | Humidity: 86%
 -> Sent Weather | Zone: FC Road       | Temp: 25.3°C | Humidity: 84%
 -> Sent Weather | Zone: Kothrud       | Temp: 24.8°C | Humidity: 85%
 -> Sent Weather | Zone: Hadapsar      | Temp: 25.6°C | Humidity: 83%
 -> Sent Weather | Zone: Shivajinagar  | Temp: 25.3°C | Humidity: 84%

--- Emitting Weather Window: 05:14:30 ---
 -> Sent Weather | Zone: Hinjewadi     | Temp: 24.9°C | Humidity: 86%
 -> Sent Weather | Zone: FC Road       | Temp: 24.9°C | Humidity: 83%
 -> Sent Weather | Zone: Kothrud       | Temp: 25.1°C | Humidity: 86%
 -> Sent Weather | Zone: Hadapsar      | Temp: 25.6°C | Humidity: 83%
 -> Sent Weather | Zone: Shivajinagar  | Temp: 25.0°C | Humidity: 83%

--- Emitting Weather Window: 05:14:49 ---
 -> Sent Weather | Zone: Hinjewadi     | Temp: 24.8°C | Humidity: 86%
 -> Sent Weather | Zone: FC Road       | Temp: 24.9°C | Humidity: 83%
 -> Sent Weather | Zone: Kothrud       | Temp: 25.1°C | Humidity: 86%
 -> Sent Weather | Zone: Hadapsar      | Temp: 25.2°C | Humidity: 82%
 -> Sent Weather | Zone: Shivajinagar  | Temp: 25.3°C | Humidity: 84%

--- Emitting Weather Window: 05:15:08 ---
 -> Sent Weather | Zone: Hinjewadi     | Temp: 24.9°C | Humidity: 86%
 -> Sent Weather | Zone: FC Road       | Temp: 25.1°C | Humidity: 84%
 -> Sent Weather | Zone: Kothrud       | Temp: 25.0°C | Humidity: 86%
 -> Sent Weather | Zone: Hadapsar      | Temp: 25.3°C | Humidity: 82%
 -> Sent Weather | Zone: Shivajinagar  | Temp: 24.8°C | Humidity: 83%

--- Emitting Weather Window: 05:15:26 ---
 -> Sent Weather | Zone: Hinjewadi     | Temp: 25.1°C | Humidity: 87%
 -> Sent Weather | Zone: FC Road       | Temp: 25.0°C | Humidity: 84%
 -> Sent Weather | Zone: Kothrud       | Temp: 24.8°C | Humidity: 85%
 -> Sent Weather | Zone: Hadapsar      | Temp: 25.2°C | Humidity: 82%
 -> Sent Weather | Zone: Shivajinagar  | Temp: 24.9°C | Humidity: 83%

--- Emitting Weather Window: 05:15:45 ---
 -> Sent Weather | Zone: Hinjewadi     | Temp: 25.1°C | Humidity: 87%
 -> Sent Weather | Zone: FC Road       | Temp: 24.8°C | Humidity: 83%
 -> Sent Weather | Zone: Kothrud       | Temp: 24.9°C | Humidity: 86%
 -> Sent Weather | Zone: Hadapsar      | Temp: 25.5°C | Humidity: 83%
 -> Sent Weather | Zone: Shivajinagar  | Temp: 24.9°C | Humidity: 83%

--- Emitting Weather Window: 05:16:03 ---
 -> Sent Weather | Zone: Hinjewadi     | Temp: 25.2°C | Humidity: 87%
 -> Sent Weather | Zone: FC Road       | Temp: 24.9°C | Humidity: 83%
 -> Sent Weather | Zone: Kothrud       | Temp: 24.7°C | Humidity: 85%
 -> Sent Weather | Zone: Hadapsar      | Temp: 25.5°C | Humidity: 83%
 -> Sent Weather | Zone: Shivajinagar  | Temp: 24.9°C | Humidity: 83%

--- Emitting Weather Window: 05:16:22 ---
 -> Sent Weather | Zone: Hinjewadi     | Temp: 25.0°C | Humidity: 87%
 -> Sent Weather | Zone: FC Road       | Temp: 25.0°C | Humidity: 84%
 -> Sent Weather | Zone: Kothrud       | Temp: 24.9°C | Humidity: 86%
 -> Sent Weather | Zone: Hadapsar      | Temp: 25.6°C | Humidity: 83%
 -> Sent Weather | Zone: Shivajinagar  | Temp: 24.9°C | Humidity: 83%

--- Emitting Weather Window: 05:16:41 ---
 -> Sent Weather | Zone: Hinjewadi     | Temp: 25.1°C | Humidity: 87%
 -> Sent Weather | Zone: FC Road       | Temp: 24.9°C | Humidity: 83%
 -> Sent Weather | Zone: Kothrud       | Temp: 24.9°C | Humidity: 86%
 -> Sent Weather | Zone: Hadapsar      | Temp: 25.4°C | Humidity: 82%
 -> Sent Weather | Zone: Shivajinagar  | Temp: 25.0°C | Humidity: 84%

--- Emitting Weather Window: 05:17:00 ---
 -> Sent Weather | Zone: Hinjewadi     | Temp: 25.0°C | Humidity: 87%
 -> Sent Weather | Zone: FC Road       | Temp: 25.1°C | Humidity: 84%
 -> Sent Weather | Zone: Kothrud       | Temp: 24.7°C | Humidity: 85%
 -> Sent Weather | Zone: Hadapsar      | Temp: 25.5°C | Humidity: 83%
 -> Sent Weather | Zone: Shivajinagar  | Temp: 24.9°C | Humidity: 83%

--- Emitting Weather Window: 05:17:19 ---
 -> Sent Weather | Zone: Hinjewadi     | Temp: 24.9°C | Humidity: 86%
⚠️ API Fetch error: HTTPSConnectionPool(host='api.open-meteo.com', port=443): Read timed out. (read timeout=10)
 -> Sent Weather | Zone: FC Road       | Temp: 32.3°C | Humidity: 60%
 -> Sent Weather | Zone: Kothrud       | Temp: 25.0°C | Humidity: 86%
 -> Sent Weather | Zone: Hadapsar      | Temp: 25.4°C | Humidity: 83%
 -> Sent Weather | Zone: Shivajinagar  | Temp: 25.1°C | Humidity: 84%

--- Emitting Weather Window: 05:17:47 ---
 -> Sent Weather | Zone: Hinjewadi     | Temp: 25.1°C | Humidity: 87%
 -> Sent Weather | Zone: FC Road       | Temp: 24.8°C | Humidity: 83%
 -> Sent Weather | Zone: Kothrud       | Temp: 24.6°C | Humidity: 85%
 -> Sent Weather | Zone: Hadapsar      | Temp: 25.6°C | Humidity: 83%
 -> Sent Weather | Zone: Shivajinagar  | Temp: 25.2°C | Humidity: 84%

--- Emitting Weather Window: 05:18:06 ---
 -> Sent Weather | Zone: Hinjewadi     | Temp: 25.2°C | Humidity: 87%
 -> Sent Weather | Zone: FC Road       | Temp: 25.2°C | Humidity: 84%
 -> Sent Weather | Zone: Kothrud       | Temp: 24.9°C | Humidity: 86%
 -> Sent Weather | Zone: Hadapsar      | Temp: 25.5°C | Humidity: 83%
 -> Sent Weather | Zone: Shivajinagar  | Temp: 25.1°C | Humidity: 84%

--- Emitting Weather Window: 05:18:25 ---
 -> Sent Weather | Zone: Hinjewadi     | Temp: 25.1°C | Humidity: 87%
 -> Sent Weather | Zone: FC Road       | Temp: 24.9°C | Humidity: 83%
 -> Sent Weather | Zone: Kothrud       | Temp: 24.9°C | Humidity: 86%
 -> Sent Weather | Zone: Hadapsar      | Temp: 25.5°C | Humidity: 83%
 -> Sent Weather | Zone: Shivajinagar  | Temp: 25.2°C | Humidity: 84%

--- Emitting Weather Window: 05:18:43 ---
 -> Sent Weather | Zone: Hinjewadi     | Temp: 24.9°C | Humidity: 86%
 -> Sent Weather | Zone: FC Road       | Temp: 25.1°C | Humidity: 84%
 -> Sent Weather | Zone: Kothrud       | Temp: 24.8°C | Humidity: 85%
 -> Sent Weather | Zone: Hadapsar      | Temp: 25.4°C | Humidity: 82%
 -> Sent Weather | Zone: Shivajinagar  | Temp: 25.2°C | Humidity: 84%

--- Emitting Weather Window: 05:19:02 ---
 -> Sent Weather | Zone: Hinjewadi     | Temp: 25.0°C | Humidity: 87%
 -> Sent Weather | Zone: FC Road       | Temp: 24.9°C | Humidity: 83%
 -> Sent Weather | Zone: Kothrud       | Temp: 24.9°C | Humidity: 86%
 -> Sent Weather | Zone: Hadapsar      | Temp: 25.4°C | Humidity: 83%
 -> Sent Weather | Zone: Shivajinagar  | Temp: 24.8°C | Humidity: 83%

--- Emitting Weather Window: 05:19:21 ---
 -> Sent Weather | Zone: Hinjewadi     | Temp: 24.8°C | Humidity: 86%
 -> Sent Weather | Zone: FC Road       | Temp: 24.9°C | Humidity: 83%
 -> Sent Weather | Zone: Kothrud       | Temp: 24.7°C | Humidity: 85%
 -> Sent Weather | Zone: Hadapsar      | Temp: 25.5°C | Humidity: 83%
 -> Sent Weather | Zone: Shivajinagar  | Temp: 24.9°C | Humidity: 83%

--- Emitting Weather Window: 05:19:40 ---
 -> Sent Weather | Zone: Hinjewadi     | Temp: 25.0°C | Humidity: 87%
 -> Sent Weather | Zone: FC Road       | Temp: 25.2°C | Humidity: 84%
 -> Sent Weather | Zone: Kothrud       | Temp: 24.6°C | Humidity: 85%
 -> Sent Weather | Zone: Hadapsar      | Temp: 25.3°C | Humidity: 82%
 -> Sent Weather | Zone: Shivajinagar  | Temp: 25.0°C | Humidity: 84%

--- Emitting Weather Window: 05:19:59 ---
 -> Sent Weather | Zone: Hinjewadi     | Temp: 25.0°C | Humidity: 87%
 -> Sent Weather | Zone: FC Road       | Temp: 24.8°C | Humidity: 83%
 -> Sent Weather | Zone: Kothrud       | Temp: 25.0°C | Humidity: 86%
 -> Sent Weather | Zone: Hadapsar      | Temp: 25.4°C | Humidity: 82%
 -> Sent Weather | Zone: Shivajinagar  | Temp: 24.8°C | Humidity: 83%

--- Emitting Weather Window: 05:20:33 ---
 -> Sent Weather | Zone: Hinjewadi     | Temp: 24.8°C | Humidity: 86%
 -> Sent Weather | Zone: FC Road       | Temp: 24.8°C | Humidity: 83%
 -> Sent Weather | Zone: Kothrud       | Temp: 25.0°C | Humidity: 86%
 -> Sent Weather | Zone: Hadapsar      | Temp: 25.5°C | Humidity: 83%
 -> Sent Weather | Zone: Shivajinagar  | Temp: 25.2°C | Humidity: 84%

--- Emitting Weather Window: 05:20:52 ---
 -> Sent Weather | Zone: Hinjewadi     | Temp: 25.0°C | Humidity: 86%
 -> Sent Weather | Zone: FC Road       | Temp: 25.2°C | Humidity: 84%
 -> Sent Weather | Zone: Kothrud       | Temp: 24.7°C | Humidity: 85%
 -> Sent Weather | Zone: Hadapsar      | Temp: 25.3°C | Humidity: 82%
 -> Sent Weather | Zone: Shivajinagar  | Temp: 24.8°C | Humidity: 83%

--- Emitting Weather Window: 05:21:11 ---
 -> Sent Weather | Zone: Hinjewadi     | Temp: 25.1°C | Humidity: 87%
 -> Sent Weather | Zone: FC Road       | Temp: 25.0°C | Humidity: 83%
 -> Sent Weather | Zone: Kothrud       | Temp: 24.9°C | Humidity: 86%
 -> Sent Weather | Zone: Hadapsar      | Temp: 25.5°C | Humidity: 83%
 -> Sent Weather | Zone: Shivajinagar  | Temp: 25.0°C | Humidity: 83%

--- Emitting Weather Window: 05:21:30 ---
 -> Sent Weather | Zone: Hinjewadi     | Temp: 25.1°C | Humidity: 87%
 -> Sent Weather | Zone: FC Road       | Temp: 25.1°C | Humidity: 84%
 -> Sent Weather | Zone: Kothrud       | Temp: 24.6°C | Humidity: 85%
 -> Sent Weather | Zone: Hadapsar      | Temp: 25.6°C | Humidity: 83%
 -> Sent Weather | Zone: Shivajinagar  | Temp: 25.1°C | Humidity: 84%

--- Emitting Weather Window: 05:21:49 ---
 -> Sent Weather | Zone: Hinjewadi     | Temp: 25.1°C | Humidity: 87%
 -> Sent Weather | Zone: FC Road       | Temp: 25.2°C | Humidity: 84%
 -> Sent Weather | Zone: Kothrud       | Temp: 24.9°C | Humidity: 86%
 -> Sent Weather | Zone: Hadapsar      | Temp: 25.2°C | Humidity: 82%
 -> Sent Weather | Zone: Shivajinagar  | Temp: 24.8°C | Humidity: 83%

--- Emitting Weather Window: 05:22:07 ---
 -> Sent Weather | Zone: Hinjewadi     | Temp: 25.2°C | Humidity: 87%
 -> Sent Weather | Zone: FC Road       | Temp: 25.0°C | Humidity: 84%
 -> Sent Weather | Zone: Kothrud       | Temp: 24.7°C | Humidity: 85%
 -> Sent Weather | Zone: Hadapsar      | Temp: 25.2°C | Humidity: 82%
 -> Sent Weather | Zone: Shivajinagar  | Temp: 24.9°C | Humidity: 83%

--- Emitting Weather Window: 05:22:26 ---
 -> Sent Weather | Zone: Hinjewadi     | Temp: 24.8°C | Humidity: 86%
 -> Sent Weather | Zone: FC Road       | Temp: 25.0°C | Humidity: 83%
 -> Sent Weather | Zone: Kothrud       | Temp: 24.9°C | Humidity: 86%
 -> Sent Weather | Zone: Hadapsar      | Temp: 25.2°C | Humidity: 82%
 -> Sent Weather | Zone: Shivajinagar  | Temp: 25.1°C | Humidity: 84%

--- Emitting Weather Window: 05:22:45 ---
 -> Sent Weather | Zone: Hinjewadi     | Temp: 24.9°C | Humidity: 86%
 -> Sent Weather | Zone: FC Road       | Temp: 25.2°C | Humidity: 84%
 -> Sent Weather | Zone: Kothrud       | Temp: 24.7°C | Humidity: 85%
 -> Sent Weather | Zone: Hadapsar      | Temp: 25.6°C | Humidity: 83%
 -> Sent Weather | Zone: Shivajinagar  | Temp: 24.9°C | Humidity: 83%

--- Emitting Weather Window: 05:23:03 ---
 -> Sent Weather | Zone: Hinjewadi     | Temp: 25.2°C | Humidity: 87%
 -> Sent Weather | Zone: FC Road       | Temp: 25.1°C | Humidity: 84%
 -> Sent Weather | Zone: Kothrud       | Temp: 24.9°C | Humidity: 86%
 -> Sent Weather | Zone: Hadapsar      | Temp: 25.2°C | Humidity: 82%
 -> Sent Weather | Zone: Shivajinagar  | Temp: 24.8°C | Humidity: 83%

--- Emitting Weather Window: 05:23:22 ---
 -> Sent Weather | Zone: Hinjewadi     | Temp: 24.9°C | Humidity: 86%
 -> Sent Weather | Zone: FC Road       | Temp: 25.1°C | Humidity: 84%
 -> Sent Weather | Zone: Kothrud       | Temp: 24.8°C | Humidity: 86%
 -> Sent Weather | Zone: Hadapsar      | Temp: 25.6°C | Humidity: 83%
 -> Sent Weather | Zone: Shivajinagar  | Temp: 25.2°C | Humidity: 84%

--- Emitting Weather Window: 05:23:41 ---
 -> Sent Weather | Zone: Hinjewadi     | Temp: 24.9°C | Humidity: 86%
 -> Sent Weather | Zone: FC Road       | Temp: 25.2°C | Humidity: 84%
 -> Sent Weather | Zone: Kothrud       | Temp: 25.0°C | Humidity: 86%
 -> Sent Weather | Zone: Hadapsar      | Temp: 25.4°C | Humidity: 82%
 -> Sent Weather | Zone: Shivajinagar  | Temp: 24.8°C | Humidity: 83%

--- Emitting Weather Window: 05:24:00 ---
 -> Sent Weather | Zone: Hinjewadi     | Temp: 25.2°C | Humidity: 87%
 -> Sent Weather | Zone: FC Road       | Temp: 25.1°C | Humidity: 84%
 -> Sent Weather | Zone: Kothrud       | Temp: 25.0°C | Humidity: 86%
 -> Sent Weather | Zone: Hadapsar      | Temp: 25.2°C | Humidity: 82%
 -> Sent Weather | Zone: Shivajinagar  | Temp: 25.0°C | Humidity: 84%

--- Emitting Weather Window: 05:24:19 ---
 -> Sent Weather | Zone: Hinjewadi     | Temp: 25.2°C | Humidity: 87%
 -> Sent Weather | Zone: FC Road       | Temp: 24.9°C | Humidity: 83%
 -> Sent Weather | Zone: Kothrud       | Temp: 24.8°C | Humidity: 85%
 -> Sent Weather | Zone: Hadapsar      | Temp: 25.3°C | Humidity: 82%
 -> Sent Weather | Zone: Shivajinagar  | Temp: 25.0°C | Humidity: 83%

--- Emitting Weather Window: 05:24:37 ---
 -> Sent Weather | Zone: Hinjewadi     | Temp: 24.9°C | Humidity: 86%
 -> Sent Weather | Zone: FC Road       | Temp: 25.0°C | Humidity: 83%
 -> Sent Weather | Zone: Kothrud       | Temp: 25.0°C | Humidity: 86%
 -> Sent Weather | Zone: Hadapsar      | Temp: 25.4°C | Humidity: 82%
 -> Sent Weather | Zone: Shivajinagar  | Temp: 24.8°C | Humidity: 83%

--- Emitting Weather Window: 05:24:56 ---
 -> Sent Weather | Zone: Hinjewadi     | Temp: 25.1°C | Humidity: 87%
 -> Sent Weather | Zone: FC Road       | Temp: 25.2°C | Humidity: 84%
 -> Sent Weather | Zone: Kothrud       | Temp: 24.9°C | Humidity: 86%
 -> Sent Weather | Zone: Hadapsar      | Temp: 25.4°C | Humidity: 82%
 -> Sent Weather | Zone: Shivajinagar  | Temp: 25.2°C | Humidity: 84%

--- Emitting Weather Window: 05:25:15 ---
 -> Sent Weather | Zone: Hinjewadi     | Temp: 25.2°C | Humidity: 87%
 -> Sent Weather | Zone: FC Road       | Temp: 25.2°C | Humidity: 84%
 -> Sent Weather | Zone: Kothrud       | Temp: 24.9°C | Humidity: 86%
 -> Sent Weather | Zone: Hadapsar      | Temp: 25.1°C | Humidity: 82%
 -> Sent Weather | Zone: Shivajinagar  | Temp: 24.8°C | Humidity: 83%

--- Emitting Weather Window: 05:25:33 ---
 -> Sent Weather | Zone: Hinjewadi     | Temp: 25.0°C | Humidity: 86%
 -> Sent Weather | Zone: FC Road       | Temp: 25.2°C | Humidity: 84%
 -> Sent Weather | Zone: Kothrud       | Temp: 24.6°C | Humidity: 85%
 -> Sent Weather | Zone: Hadapsar      | Temp: 25.6°C | Humidity: 83%
 -> Sent Weather | Zone: Shivajinagar  | Temp: 25.1°C | Humidity: 84%

--- Emitting Weather Window: 05:25:52 ---
 -> Sent Weather | Zone: Hinjewadi     | Temp: 25.1°C | Humidity: 87%
 -> Sent Weather | Zone: FC Road       | Temp: 24.9°C | Humidity: 83%
 -> Sent Weather | Zone: Kothrud       | Temp: 24.9°C | Humidity: 86%
 -> Sent Weather | Zone: Hadapsar      | Temp: 25.4°C | Humidity: 83%
 -> Sent Weather | Zone: Shivajinagar  | Temp: 25.0°C | Humidity: 83%

--- Emitting Weather Window: 05:26:11 ---
 -> Sent Weather | Zone: Hinjewadi     | Temp: 24.9°C | Humidity: 86%
 -> Sent Weather | Zone: FC Road       | Temp: 24.9°C | Humidity: 83%
 -> Sent Weather | Zone: Kothrud       | Temp: 24.8°C | Humidity: 85%
 -> Sent Weather | Zone: Hadapsar      | Temp: 25.2°C | Humidity: 82%
 -> Sent Weather | Zone: Shivajinagar  | Temp: 25.0°C | Humidity: 84%

--- Emitting Weather Window: 05:26:29 ---
 -> Sent Weather | Zone: Hinjewadi     | Temp: 24.9°C | Humidity: 86%
 -> Sent Weather | Zone: FC Road       | Temp: 24.8°C | Humidity: 83%
 -> Sent Weather | Zone: Kothrud       | Temp: 25.0°C | Humidity: 86%
 -> Sent Weather | Zone: Hadapsar      | Temp: 25.4°C | Humidity: 83%
 -> Sent Weather | Zone: Shivajinagar  | Temp: 25.2°C | Humidity: 84%

--- Emitting Weather Window: 05:26:48 ---
 -> Sent Weather | Zone: Hinjewadi     | Temp: 25.0°C | Humidity: 87%
 -> Sent Weather | Zone: FC Road       | Temp: 25.0°C | Humidity: 84%
 -> Sent Weather | Zone: Kothrud       | Temp: 24.8°C | Humidity: 85%
 -> Sent Weather | Zone: Hadapsar      | Temp: 25.5°C | Humidity: 83%
 -> Sent Weather | Zone: Shivajinagar  | Temp: 25.2°C | Humidity: 84%

--- Emitting Weather Window: 05:27:07 ---
 -> Sent Weather | Zone: Hinjewadi     | Temp: 25.2°C | Humidity: 87%
 -> Sent Weather | Zone: FC Road       | Temp: 25.1°C | Humidity: 84%
 -> Sent Weather | Zone: Kothrud       | Temp: 25.0°C | Humidity: 86%
 -> Sent Weather | Zone: Hadapsar      | Temp: 25.3°C | Humidity: 82%
 -> Sent Weather | Zone: Shivajinagar  | Temp: 25.2°C | Humidity: 84%

--- Emitting Weather Window: 05:27:25 ---
 -> Sent Weather | Zone: Hinjewadi     | Temp: 24.9°C | Humidity: 86%
 -> Sent Weather | Zone: FC Road       | Temp: 25.2°C | Humidity: 84%
 -> Sent Weather | Zone: Kothrud       | Temp: 24.7°C | Humidity: 85%
 -> Sent Weather | Zone: Hadapsar      | Temp: 25.5°C | Humidity: 83%
 -> Sent Weather | Zone: Shivajinagar  | Temp: 24.8°C | Humidity: 83%

--- Emitting Weather Window: 05:27:44 ---
 -> Sent Weather | Zone: Hinjewadi     | Temp: 24.9°C | Humidity: 86%
 -> Sent Weather | Zone: FC Road       | Temp: 25.2°C | Humidity: 84%
 -> Sent Weather | Zone: Kothrud       | Temp: 24.8°C | Humidity: 85%
 -> Sent Weather | Zone: Hadapsar      | Temp: 25.6°C | Humidity: 83%
 -> Sent Weather | Zone: Shivajinagar  | Temp: 25.2°C | Humidity: 84%

--- Emitting Weather Window: 05:28:03 ---
 -> Sent Weather | Zone: Hinjewadi     | Temp: 25.0°C | Humidity: 87%
 -> Sent Weather | Zone: FC Road       | Temp: 25.0°C | Humidity: 84%
 -> Sent Weather | Zone: Kothrud       | Temp: 25.0°C | Humidity: 86%
 -> Sent Weather | Zone: Hadapsar      | Temp: 25.4°C | Humidity: 83%
 -> Sent Weather | Zone: Shivajinagar  | Temp: 24.8°C | Humidity: 83%

--- Emitting Weather Window: 05:28:21 ---
 -> Sent Weather | Zone: Hinjewadi     | Temp: 25.0°C | Humidity: 86%
 -> Sent Weather | Zone: FC Road       | Temp: 25.1°C | Humidity: 84%
 -> Sent Weather | Zone: Kothrud       | Temp: 25.0°C | Humidity: 86%
 -> Sent Weather | Zone: Hadapsar      | Temp: 25.4°C | Humidity: 82%
 -> Sent Weather | Zone: Shivajinagar  | Temp: 25.2°C | Humidity: 84%

--- Emitting Weather Window: 05:28:40 ---
 -> Sent Weather | Zone: Hinjewadi     | Temp: 25.2°C | Humidity: 87%
 -> Sent Weather | Zone: FC Road       | Temp: 24.9°C | Humidity: 83%
 -> Sent Weather | Zone: Kothrud       | Temp: 24.6°C | Humidity: 85%
 -> Sent Weather | Zone: Hadapsar      | Temp: 25.4°C | Humidity: 82%
 -> Sent Weather | Zone: Shivajinagar  | Temp: 24.9°C | Humidity: 83%

--- Emitting Weather Window: 05:28:58 ---
 -> Sent Weather | Zone: Hinjewadi     | Temp: 24.9°C | Humidity: 86%
 -> Sent Weather | Zone: FC Road       | Temp: 25.0°C | Humidity: 84%
 -> Sent Weather | Zone: Kothrud       | Temp: 24.9°C | Humidity: 86%
 -> Sent Weather | Zone: Hadapsar      | Temp: 25.6°C | Humidity: 83%
 -> Sent Weather | Zone: Shivajinagar  | Temp: 24.9°C | Humidity: 83%

--- Emitting Weather Window: 05:29:17 ---
 -> Sent Weather | Zone: Hinjewadi     | Temp: 25.2°C | Humidity: 87%
 -> Sent Weather | Zone: FC Road       | Temp: 25.2°C | Humidity: 84%
 -> Sent Weather | Zone: Kothrud       | Temp: 24.6°C | Humidity: 85%
 -> Sent Weather | Zone: Hadapsar      | Temp: 25.2°C | Humidity: 82%
 -> Sent Weather | Zone: Shivajinagar  | Temp: 24.8°C | Humidity: 83%

--- Emitting Weather Window: 05:29:36 ---
 -> Sent Weather | Zone: Hinjewadi     | Temp: 25.2°C | Humidity: 87%
 -> Sent Weather | Zone: FC Road       | Temp: 24.9°C | Humidity: 83%
 -> Sent Weather | Zone: Kothrud       | Temp: 25.0°C | Humidity: 86%
 -> Sent Weather | Zone: Hadapsar      | Temp: 25.6°C | Humidity: 83%
 -> Sent Weather | Zone: Shivajinagar  | Temp: 24.9°C | Humidity: 83%

--- Emitting Weather Window: 05:29:55 ---
 -> Sent Weather | Zone: Hinjewadi     | Temp: 25.0°C | Humidity: 87%
 -> Sent Weather | Zone: FC Road       | Temp: 24.9°C | Humidity: 83%
 -> Sent Weather | Zone: Kothrud       | Temp: 24.8°C | Humidity: 86%
 -> Sent Weather | Zone: Hadapsar      | Temp: 25.2°C | Humidity: 82%
 -> Sent Weather | Zone: Shivajinagar  | Temp: 25.2°C | Humidity: 84%

--- Emitting Weather Window: 05:30:13 ---
 -> Sent Weather | Zone: Hinjewadi     | Temp: 25.2°C | Humidity: 86%
 -> Sent Weather | Zone: FC Road       | Temp: 25.2°C | Humidity: 84%
 -> Sent Weather | Zone: Kothrud       | Temp: 24.9°C | Humidity: 87%
 -> Sent Weather | Zone: Hadapsar      | Temp: 25.6°C | Humidity: 82%
 -> Sent Weather | Zone: Shivajinagar  | Temp: 25.2°C | Humidity: 84%

--- Emitting Weather Window: 05:30:50 ---
 -> Sent Weather | Zone: Hinjewadi     | Temp: 25.1°C | Humidity: 86%
 -> Sent Weather | Zone: FC Road       | Temp: 25.1°C | Humidity: 84%
 -> Sent Weather | Zone: Kothrud       | Temp: 24.9°C | Humidity: 87%
 -> Sent Weather | Zone: Hadapsar      | Temp: 25.4°C | Humidity: 82%
 -> Sent Weather | Zone: Shivajinagar  | Temp: 24.8°C | Humidity: 83%

--- Emitting Weather Window: 05:31:15 ---
 -> Sent Weather | Zone: Hinjewadi     | Temp: 25.1°C | Humidity: 86%
 -> Sent Weather | Zone: FC Road       | Temp: 24.8°C | Humidity: 83%
 -> Sent Weather | Zone: Kothrud       | Temp: 24.7°C | Humidity: 86%
 -> Sent Weather | Zone: Hadapsar      | Temp: 25.6°C | Humidity: 82%
 -> Sent Weather | Zone: Shivajinagar  | Temp: 25.2°C | Humidity: 84%

--- Emitting Weather Window: 05:31:36 ---
 -> Sent Weather | Zone: Hinjewadi     | Temp: 25.0°C | Humidity: 85%
 -> Sent Weather | Zone: FC Road       | Temp: 25.0°C | Humidity: 84%
 -> Sent Weather | Zone: Kothrud       | Temp: 24.6°C | Humidity: 86%
 -> Sent Weather | Zone: Hadapsar      | Temp: 25.6°C | Humidity: 82%
 -> Sent Weather | Zone: Shivajinagar  | Temp: 25.2°C | Humidity: 84%

--- Emitting Weather Window: 05:31:56 ---
 -> Sent Weather | Zone: Hinjewadi     | Temp: 24.8°C | Humidity: 85%
 -> Sent Weather | Zone: FC Road       | Temp: 24.8°C | Humidity: 83%
 -> Sent Weather | Zone: Kothrud       | Temp: 24.7°C | Humidity: 86%
 -> Sent Weather | Zone: Hadapsar      | Temp: 25.2°C | Humidity: 81%
 -> Sent Weather | Zone: Shivajinagar  | Temp: 24.9°C | Humidity: 83%

--- Emitting Weather Window: 05:32:16 ---
 -> Sent Weather | Zone: Hinjewadi     | Temp: 24.8°C | Humidity: 85%
 -> Sent Weather | Zone: FC Road       | Temp: 25.2°C | Humidity: 84%
 -> Sent Weather | Zone: Kothrud       | Temp: 24.9°C | Humidity: 87%
 -> Sent Weather | Zone: Hadapsar      | Temp: 25.5°C | Humidity: 82%
 -> Sent Weather | Zone: Shivajinagar  | Temp: 25.1°C | Humidity: 84%

--- Emitting Weather Window: 05:32:35 ---
 -> Sent Weather | Zone: Hinjewadi     | Temp: 25.0°C | Humidity: 85%
 -> Sent Weather | Zone: FC Road       | Temp: 24.8°C | Humidity: 83%
 -> Sent Weather | Zone: Kothrud       | Temp: 24.8°C | Humidity: 87%
 -> Sent Weather | Zone: Hadapsar      | Temp: 25.2°C | Humidity: 81%
 -> Sent Weather | Zone: Shivajinagar  | Temp: 25.2°C | Humidity: 84%

--- Emitting Weather Window: 05:32:55 ---
 -> Sent Weather | Zone: Hinjewadi     | Temp: 25.0°C | Humidity: 86%
 -> Sent Weather | Zone: FC Road       | Temp: 25.2°C | Humidity: 84%
 -> Sent Weather | Zone: Kothrud       | Temp: 24.6°C | Humidity: 86%
 -> Sent Weather | Zone: Hadapsar      | Temp: 25.2°C | Humidity: 81%
 -> Sent Weather | Zone: Shivajinagar  | Temp: 24.9°C | Humidity: 83%

--- Emitting Weather Window: 05:33:13 ---
 -> Sent Weather | Zone: Hinjewadi     | Temp: 25.1°C | Humidity: 86%
 -> Sent Weather | Zone: FC Road       | Temp: 24.8°C | Humidity: 83%
 -> Sent Weather | Zone: Kothrud       | Temp: 25.0°C | Humidity: 87%
 -> Sent Weather | Zone: Hadapsar      | Temp: 25.6°C | Humidity: 82%
 -> Sent Weather | Zone: Shivajinagar  | Temp: 25.0°C | Humidity: 84%

--- Emitting Weather Window: 05:33:32 ---
 -> Sent Weather | Zone: Hinjewadi     | Temp: 25.0°C | Humidity: 86%
 -> Sent Weather | Zone: FC Road       | Temp: 25.1°C | Humidity: 84%
 -> Sent Weather | Zone: Kothrud       | Temp: 24.6°C | Humidity: 86%
 -> Sent Weather | Zone: Hadapsar      | Temp: 25.4°C | Humidity: 82%
 -> Sent Weather | Zone: Shivajinagar  | Temp: 24.8°C | Humidity: 83%

--- Emitting Weather Window: 05:33:51 ---
 -> Sent Weather | Zone: Hinjewadi     | Temp: 25.0°C | Humidity: 85%
 -> Sent Weather | Zone: FC Road       | Temp: 25.1°C | Humidity: 84%
 -> Sent Weather | Zone: Kothrud       | Temp: 24.9°C | Humidity: 87%
 -> Sent Weather | Zone: Hadapsar      | Temp: 25.6°C | Humidity: 82%
 -> Sent Weather | Zone: Shivajinagar  | Temp: 25.1°C | Humidity: 84%

--- Emitting Weather Window: 05:34:10 ---
 -> Sent Weather | Zone: Hinjewadi     | Temp: 25.1°C | Humidity: 86%
 -> Sent Weather | Zone: FC Road       | Temp: 24.8°C | Humidity: 83%
 -> Sent Weather | Zone: Kothrud       | Temp: 25.0°C | Humidity: 87%
 -> Sent Weather | Zone: Hadapsar      | Temp: 25.6°C | Humidity: 82%
 -> Sent Weather | Zone: Shivajinagar  | Temp: 25.1°C | Humidity: 84%

--- Emitting Weather Window: 05:34:29 ---
 -> Sent Weather | Zone: Hinjewadi     | Temp: 25.0°C | Humidity: 86%
 -> Sent Weather | Zone: FC Road       | Temp: 25.2°C | Humidity: 84%
 -> Sent Weather | Zone: Kothrud       | Temp: 24.9°C | Humidity: 87%
 -> Sent Weather | Zone: Hadapsar      | Temp: 25.2°C | Humidity: 81%
 -> Sent Weather | Zone: Shivajinagar  | Temp: 24.8°C | Humidity: 83%

--- Emitting Weather Window: 05:34:47 ---
 -> Sent Weather | Zone: Hinjewadi     | Temp: 25.2°C | Humidity: 86%
 -> Sent Weather | Zone: FC Road       | Temp: 24.8°C | Humidity: 83%
 -> Sent Weather | Zone: Kothrud       | Temp: 25.0°C | Humidity: 87%
 -> Sent Weather | Zone: Hadapsar      | Temp: 25.4°C | Humidity: 82%
 -> Sent Weather | Zone: Shivajinagar  | Temp: 25.1°C | Humidity: 84%

--- Emitting Weather Window: 05:35:06 ---
 -> Sent Weather | Zone: Hinjewadi     | Temp: 25.0°C | Humidity: 85%
 -> Sent Weather | Zone: FC Road       | Temp: 24.8°C | Humidity: 83%
 -> Sent Weather | Zone: Kothrud       | Temp: 24.9°C | Humidity: 87%
 -> Sent Weather | Zone: Hadapsar      | Temp: 25.6°C | Humidity: 82%
 -> Sent Weather | Zone: Shivajinagar  | Temp: 25.0°C | Humidity: 84%

--- Emitting Weather Window: 05:35:25 ---
 -> Sent Weather | Zone: Hinjewadi     | Temp: 25.0°C | Humidity: 85%
 -> Sent Weather | Zone: FC Road       | Temp: 25.1°C | Humidity: 84%
 -> Sent Weather | Zone: Kothrud       | Temp: 24.6°C | Humidity: 86%
 -> Sent Weather | Zone: Hadapsar      | Temp: 25.6°C | Humidity: 82%
 -> Sent Weather | Zone: Shivajinagar  | Temp: 25.2°C | Humidity: 84%

--- Emitting Weather Window: 05:35:44 ---
 -> Sent Weather | Zone: Hinjewadi     | Temp: 24.9°C | Humidity: 85%
 -> Sent Weather | Zone: FC Road       | Temp: 25.2°C | Humidity: 84%
 -> Sent Weather | Zone: Kothrud       | Temp: 25.0°C | Humidity: 87%
 -> Sent Weather | Zone: Hadapsar      | Temp: 25.2°C | Humidity: 81%
 -> Sent Weather | Zone: Shivajinagar  | Temp: 25.1°C | Humidity: 84%

--- Emitting Weather Window: 05:36:02 ---
 -> Sent Weather | Zone: Hinjewadi     | Temp: 24.8°C | Humidity: 85%
 -> Sent Weather | Zone: FC Road       | Temp: 25.0°C | Humidity: 84%
 -> Sent Weather | Zone: Kothrud       | Temp: 24.7°C | Humidity: 86%
 -> Sent Weather | Zone: Hadapsar      | Temp: 25.5°C | Humidity: 82%
 -> Sent Weather | Zone: Shivajinagar  | Temp: 25.1°C | Humidity: 84%

--- Emitting Weather Window: 05:36:21 ---
 -> Sent Weather | Zone: Hinjewadi     | Temp: 25.0°C | Humidity: 85%
 -> Sent Weather | Zone: FC Road       | Temp: 24.8°C | Humidity: 83%
 -> Sent Weather | Zone: Kothrud       | Temp: 24.9°C | Humidity: 87%
 -> Sent Weather | Zone: Hadapsar      | Temp: 25.4°C | Humidity: 81%
 -> Sent Weather | Zone: Shivajinagar  | Temp: 24.8°C | Humidity: 83%

--- Emitting Weather Window: 05:36:40 ---
 -> Sent Weather | Zone: Hinjewadi     | Temp: 25.0°C | Humidity: 85%
 -> Sent Weather | Zone: FC Road       | Temp: 24.8°C | Humidity: 83%
 -> Sent Weather | Zone: Kothrud       | Temp: 24.9°C | Humidity: 87%
 -> Sent Weather | Zone: Hadapsar      | Temp: 25.3°C | Humidity: 81%
 -> Sent Weather | Zone: Shivajinagar  | Temp: 24.8°C | Humidity: 83%

--- Emitting Weather Window: 05:36:58 ---
 -> Sent Weather | Zone: Hinjewadi     | Temp: 25.1°C | Humidity: 86%
 -> Sent Weather | Zone: FC Road       | Temp: 25.1°C | Humidity: 84%
 -> Sent Weather | Zone: Kothrud       | Temp: 24.8°C | Humidity: 86%
 -> Sent Weather | Zone: Hadapsar      | Temp: 25.6°C | Humidity: 82%
 -> Sent Weather | Zone: Shivajinagar  | Temp: 24.9°C | Humidity: 83%

--- Emitting Weather Window: 05:37:17 ---
 -> Sent Weather | Zone: Hinjewadi     | Temp: 25.2°C | Humidity: 86%
 -> Sent Weather | Zone: FC Road       | Temp: 25.1°C | Humidity: 84%
 -> Sent Weather | Zone: Kothrud       | Temp: 24.7°C | Humidity: 86%
 -> Sent Weather | Zone: Hadapsar      | Temp: 25.3°C | Humidity: 81%
 -> Sent Weather | Zone: Shivajinagar  | Temp: 25.2°C | Humidity: 84%

--- Emitting Weather Window: 05:37:36 ---
 -> Sent Weather | Zone: Hinjewadi     | Temp: 25.2°C | Humidity: 86%
 -> Sent Weather | Zone: FC Road       | Temp: 25.1°C | Humidity: 84%
 -> Sent Weather | Zone: Kothrud       | Temp: 24.9°C | Humidity: 87%
 -> Sent Weather | Zone: Hadapsar      | Temp: 25.2°C | Humidity: 81%
 -> Sent Weather | Zone: Shivajinagar  | Temp: 25.0°C | Humidity: 84%

--- Emitting Weather Window: 05:37:55 ---
 -> Sent Weather | Zone: Hinjewadi     | Temp: 25.1°C | Humidity: 86%
 -> Sent Weather | Zone: FC Road       | Temp: 25.0°C | Humidity: 84%
 -> Sent Weather | Zone: Kothrud       | Temp: 24.6°C | Humidity: 86%
 -> Sent Weather | Zone: Hadapsar      | Temp: 25.4°C | Humidity: 82%
 -> Sent Weather | Zone: Shivajinagar  | Temp: 25.0°C | Humidity: 84%

--- Emitting Weather Window: 05:38:14 ---
 -> Sent Weather | Zone: Hinjewadi     | Temp: 25.2°C | Humidity: 86%
 -> Sent Weather | Zone: FC Road       | Temp: 24.8°C | Humidity: 83%
 -> Sent Weather | Zone: Kothrud       | Temp: 24.6°C | Humidity: 86%
 -> Sent Weather | Zone: Hadapsar      | Temp: 25.6°C | Humidity: 82%
 -> Sent Weather | Zone: Shivajinagar  | Temp: 24.9°C | Humidity: 83%

--- Emitting Weather Window: 05:38:33 ---
 -> Sent Weather | Zone: Hinjewadi     | Temp: 25.1°C | Humidity: 86%
 -> Sent Weather | Zone: FC Road       | Temp: 25.0°C | Humidity: 84%
 -> Sent Weather | Zone: Kothrud       | Temp: 24.7°C | Humidity: 86%
 -> Sent Weather | Zone: Hadapsar      | Temp: 25.6°C | Humidity: 82%
 -> Sent Weather | Zone: Shivajinagar  | Temp: 24.9°C | Humidity: 83%

--- Emitting Weather Window: 05:38:52 ---
 -> Sent Weather | Zone: Hinjewadi     | Temp: 24.9°C | Humidity: 85%
 -> Sent Weather | Zone: FC Road       | Temp: 24.8°C | Humidity: 83%
 -> Sent Weather | Zone: Kothrud       | Temp: 24.6°C | Humidity: 86%
 -> Sent Weather | Zone: Hadapsar      | Temp: 25.3°C | Humidity: 81%
 -> Sent Weather | Zone: Shivajinagar  | Temp: 24.9°C | Humidity: 83%

--- Emitting Weather Window: 05:39:11 ---
 -> Sent Weather | Zone: Hinjewadi     | Temp: 24.8°C | Humidity: 85%
 -> Sent Weather | Zone: FC Road       | Temp: 25.1°C | Humidity: 84%
 -> Sent Weather | Zone: Kothrud       | Temp: 24.6°C | Humidity: 86%
 -> Sent Weather | Zone: Hadapsar      | Temp: 25.2°C | Humidity: 81%
 -> Sent Weather | Zone: Shivajinagar  | Temp: 25.1°C | Humidity: 84%

--- Emitting Weather Window: 05:39:30 ---
 -> Sent Weather | Zone: Hinjewadi     | Temp: 25.1°C | Humidity: 86%
 -> Sent Weather | Zone: FC Road       | Temp: 25.2°C | Humidity: 84%
 -> Sent Weather | Zone: Kothrud       | Temp: 24.6°C | Humidity: 86%
 -> Sent Weather | Zone: Hadapsar      | Temp: 25.3°C | Humidity: 81%
 -> Sent Weather | Zone: Shivajinagar  | Temp: 24.8°C | Humidity: 83%

--- Emitting Weather Window: 05:39:49 ---
 -> Sent Weather | Zone: Hinjewadi     | Temp: 25.1°C | Humidity: 86%
 -> Sent Weather | Zone: FC Road       | Temp: 24.9°C | Humidity: 83%
 -> Sent Weather | Zone: Kothrud       | Temp: 24.9°C | Humidity: 87%
 -> Sent Weather | Zone: Hadapsar      | Temp: 25.2°C | Humidity: 81%
 -> Sent Weather | Zone: Shivajinagar  | Temp: 25.0°C | Humidity: 83%

--- Emitting Weather Window: 05:40:08 ---
 -> Sent Weather | Zone: Hinjewadi     | Temp: 24.8°C | Humidity: 85%
 -> Sent Weather | Zone: FC Road       | Temp: 24.8°C | Humidity: 83%
 -> Sent Weather | Zone: Kothrud       | Temp: 24.8°C | Humidity: 86%
 -> Sent Weather | Zone: Hadapsar      | Temp: 25.5°C | Humidity: 82%
 -> Sent Weather | Zone: Shivajinagar  | Temp: 25.1°C | Humidity: 84%

--- Emitting Weather Window: 05:40:35 ---
 -> Sent Weather | Zone: Hinjewadi     | Temp: 25.0°C | Humidity: 86%
 -> Sent Weather | Zone: FC Road       | Temp: 25.1°C | Humidity: 84%
 -> Sent Weather | Zone: Kothrud       | Temp: 24.9°C | Humidity: 87%
 -> Sent Weather | Zone: Hadapsar      | Temp: 25.6°C | Humidity: 82%
 -> Sent Weather | Zone: Shivajinagar  | Temp: 24.9°C | Humidity: 83%

--- Emitting Weather Window: 05:40:54 ---
 -> Sent Weather | Zone: Hinjewadi     | Temp: 25.2°C | Humidity: 86%
 -> Sent Weather | Zone: FC Road       | Temp: 25.1°C | Humidity: 84%
 -> Sent Weather | Zone: Kothrud       | Temp: 25.0°C | Humidity: 87%
 -> Sent Weather | Zone: Hadapsar      | Temp: 25.3°C | Humidity: 81%
 -> Sent Weather | Zone: Shivajinagar  | Temp: 24.8°C | Humidity: 83%

--- Emitting Weather Window: 05:41:13 ---
 -> Sent Weather | Zone: Hinjewadi     | Temp: 25.0°C | Humidity: 85%
 -> Sent Weather | Zone: FC Road       | Temp: 25.0°C | Humidity: 83%
 -> Sent Weather | Zone: Kothrud       | Temp: 24.8°C | Humidity: 87%
 -> Sent Weather | Zone: Hadapsar      | Temp: 25.3°C | Humidity: 81%
 -> Sent Weather | Zone: Shivajinagar  | Temp: 25.2°C | Humidity: 84%

--- Emitting Weather Window: 05:41:32 ---
 -> Sent Weather | Zone: Hinjewadi     | Temp: 25.2°C | Humidity: 86%
 -> Sent Weather | Zone: FC Road       | Temp: 25.0°C | Humidity: 83%
 -> Sent Weather | Zone: Kothrud       | Temp: 24.8°C | Humidity: 86%
 -> Sent Weather | Zone: Hadapsar      | Temp: 25.2°C | Humidity: 81%
 -> Sent Weather | Zone: Shivajinagar  | Temp: 25.1°C | Humidity: 84%

--- Emitting Weather Window: 05:41:52 ---
 -> Sent Weather | Zone: Hinjewadi     | Temp: 25.1°C | Humidity: 86%
 -> Sent Weather | Zone: FC Road       | Temp: 24.9°C | Humidity: 83%
 -> Sent Weather | Zone: Kothrud       | Temp: 24.9°C | Humidity: 87%
 -> Sent Weather | Zone: Hadapsar      | Temp: 25.4°C | Humidity: 82%
 -> Sent Weather | Zone: Shivajinagar  | Temp: 25.1°C | Humidity: 84%

--- Emitting Weather Window: 05:42:11 ---
 -> Sent Weather | Zone: Hinjewadi     | Temp: 24.9°C | Humidity: 85%
 -> Sent Weather | Zone: FC Road       | Temp: 25.2°C | Humidity: 84%
 -> Sent Weather | Zone: Kothrud       | Temp: 24.9°C | Humidity: 87%
 -> Sent Weather | Zone: Hadapsar      | Temp: 25.4°C | Humidity: 81%
 -> Sent Weather | Zone: Shivajinagar  | Temp: 24.9°C | Humidity: 83%

--- Emitting Weather Window: 05:42:30 ---
 -> Sent Weather | Zone: Hinjewadi     | Temp: 25.2°C | Humidity: 86%
 -> Sent Weather | Zone: FC Road       | Temp: 25.1°C | Humidity: 84%
 -> Sent Weather | Zone: Kothrud       | Temp: 24.7°C | Humidity: 86%
 -> Sent Weather | Zone: Hadapsar      | Temp: 25.3°C | Humidity: 81%
 -> Sent Weather | Zone: Shivajinagar  | Temp: 25.1°C | Humidity: 84%

--- Emitting Weather Window: 05:42:49 ---
 -> Sent Weather | Zone: Hinjewadi     | Temp: 24.8°C | Humidity: 85%
 -> Sent Weather | Zone: FC Road       | Temp: 25.1°C | Humidity: 84%
 -> Sent Weather | Zone: Kothrud       | Temp: 24.7°C | Humidity: 86%
 -> Sent Weather | Zone: Hadapsar      | Temp: 25.2°C | Humidity: 81%
 -> Sent Weather | Zone: Shivajinagar  | Temp: 25.0°C | Humidity: 84%

--- Emitting Weather Window: 05:43:08 ---
 -> Sent Weather | Zone: Hinjewadi     | Temp: 25.1°C | Humidity: 86%
 -> Sent Weather | Zone: FC Road       | Temp: 25.1°C | Humidity: 84%
 -> Sent Weather | Zone: Kothrud       | Temp: 24.7°C | Humidity: 86%
 -> Sent Weather | Zone: Hadapsar      | Temp: 25.5°C | Humidity: 82%
 -> Sent Weather | Zone: Shivajinagar  | Temp: 25.1°C | Humidity: 84%

--- Emitting Weather Window: 05:43:26 ---
 -> Sent Weather | Zone: Hinjewadi     | Temp: 25.2°C | Humidity: 86%
 -> Sent Weather | Zone: FC Road       | Temp: 24.9°C | Humidity: 83%
 -> Sent Weather | Zone: Kothrud       | Temp: 25.0°C | Humidity: 87%
 -> Sent Weather | Zone: Hadapsar      | Temp: 25.3°C | Humidity: 81%
 -> Sent Weather | Zone: Shivajinagar  | Temp: 25.0°C | Humidity: 84%

--- Emitting Weather Window: 05:43:45 ---
 -> Sent Weather | Zone: Hinjewadi     | Temp: 25.0°C | Humidity: 86%
 -> Sent Weather | Zone: FC Road       | Temp: 25.1°C | Humidity: 84%
 -> Sent Weather | Zone: Kothrud       | Temp: 24.7°C | Humidity: 86%
 -> Sent Weather | Zone: Hadapsar      | Temp: 25.3°C | Humidity: 81%
 -> Sent Weather | Zone: Shivajinagar  | Temp: 24.9°C | Humidity: 83%

--- Emitting Weather Window: 05:44:04 ---
 -> Sent Weather | Zone: Hinjewadi     | Temp: 24.8°C | Humidity: 85%
 -> Sent Weather | Zone: FC Road       | Temp: 25.0°C | Humidity: 83%
 -> Sent Weather | Zone: Kothrud       | Temp: 24.8°C | Humidity: 87%
 -> Sent Weather | Zone: Hadapsar      | Temp: 25.3°C | Humidity: 81%
 -> Sent Weather | Zone: Shivajinagar  | Temp: 24.9°C | Humidity: 83%

--- Emitting Weather Window: 05:44:23 ---
 -> Sent Weather | Zone: Hinjewadi     | Temp: 25.2°C | Humidity: 86%
 -> Sent Weather | Zone: FC Road       | Temp: 24.8°C | Humidity: 83%
 -> Sent Weather | Zone: Kothrud       | Temp: 24.9°C | Humidity: 87%
 -> Sent Weather | Zone: Hadapsar      | Temp: 25.6°C | Humidity: 82%
 -> Sent Weather | Zone: Shivajinagar  | Temp: 24.8°C | Humidity: 83%

--- Emitting Weather Window: 05:44:42 ---
 -> Sent Weather | Zone: Hinjewadi     | Temp: 25.1°C | Humidity: 86%
 -> Sent Weather | Zone: FC Road       | Temp: 24.8°C | Humidity: 83%
 -> Sent Weather | Zone: Kothrud       | Temp: 24.7°C | Humidity: 86%
 -> Sent Weather | Zone: Hadapsar      | Temp: 25.6°C | Humidity: 82%
 -> Sent Weather | Zone: Shivajinagar  | Temp: 24.8°C | Humidity: 83%

--- Emitting Weather Window: 05:45:01 ---
 -> Sent Weather | Zone: Hinjewadi     | Temp: 25.1°C | Humidity: 86%
 -> Sent Weather | Zone: FC Road       | Temp: 24.8°C | Humidity: 83%
 -> Sent Weather | Zone: Kothrud       | Temp: 24.6°C | Humidity: 86%
 -> Sent Weather | Zone: Hadapsar      | Temp: 25.6°C | Humidity: 82%
 -> Sent Weather | Zone: Shivajinagar  | Temp: 25.0°C | Humidity: 83%

--- Emitting Weather Window: 05:45:21 ---
 -> Sent Weather | Zone: Hinjewadi     | Temp: 24.9°C | Humidity: 85%
 -> Sent Weather | Zone: FC Road       | Temp: 24.8°C | Humidity: 83%
 -> Sent Weather | Zone: Kothrud       | Temp: 24.9°C | Humidity: 87%
 -> Sent Weather | Zone: Hadapsar      | Temp: 25.2°C | Humidity: 81%
 -> Sent Weather | Zone: Shivajinagar  | Temp: 24.9°C | Humidity: 83%

--- Emitting Weather Window: 05:45:40 ---
 -> Sent Weather | Zone: Hinjewadi     | Temp: 25.0°C | Humidity: 86%
 -> Sent Weather | Zone: FC Road       | Temp: 24.8°C | Humidity: 83%
 -> Sent Weather | Zone: Kothrud       | Temp: 25.0°C | Humidity: 87%
 -> Sent Weather | Zone: Hadapsar      | Temp: 25.3°C | Humidity: 81%
 -> Sent Weather | Zone: Shivajinagar  | Temp: 24.9°C | Humidity: 83%

--- Emitting Weather Window: 05:45:59 ---
 -> Sent Weather | Zone: Hinjewadi     | Temp: 24.8°C | Humidity: 85%
 -> Sent Weather | Zone: FC Road       | Temp: 25.0°C | Humidity: 83%
 -> Sent Weather | Zone: Kothrud       | Temp: 24.7°C | Humidity: 86%
⚠️ API Fetch error: HTTPSConnectionPool(host='api.open-meteo.com', port=443): Read timed out. (read timeout=10)
 -> Sent Weather | Zone: Hadapsar      | Temp: 32.0°C | Humidity: 60%
 -> Sent Weather | Zone: Shivajinagar  | Temp: 24.8°C | Humidity: 83%

--- Emitting Weather Window: 05:46:28 ---
 -> Sent Weather | Zone: Hinjewadi     | Temp: 25.2°C | Humidity: 86%
 -> Sent Weather | Zone: FC Road       | Temp: 25.0°C | Humidity: 84%
 -> Sent Weather | Zone: Kothrud       | Temp: 24.8°C | Humidity: 86%
 -> Sent Weather | Zone: Hadapsar      | Temp: 25.2°C | Humidity: 81%
 -> Sent Weather | Zone: Shivajinagar  | Temp: 24.8°C | Humidity: 83%

--- Emitting Weather Window: 05:46:47 ---
 -> Sent Weather | Zone: Hinjewadi     | Temp: 24.9°C | Humidity: 85%
 -> Sent Weather | Zone: FC Road       | Temp: 24.8°C | Humidity: 83%
 -> Sent Weather | Zone: Kothrud       | Temp: 24.8°C | Humidity: 87%
 -> Sent Weather | Zone: Hadapsar      | Temp: 25.4°C | Humidity: 82%
 -> Sent Weather | Zone: Shivajinagar  | Temp: 25.1°C | Humidity: 84%

--- Emitting Weather Window: 05:47:06 ---
 -> Sent Weather | Zone: Hinjewadi     | Temp: 25.2°C | Humidity: 86%
 -> Sent Weather | Zone: FC Road       | Temp: 25.2°C | Humidity: 84%
 -> Sent Weather | Zone: Kothrud       | Temp: 24.8°C | Humidity: 87%
 -> Sent Weather | Zone: Hadapsar      | Temp: 25.6°C | Humidity: 82%
 -> Sent Weather | Zone: Shivajinagar  | Temp: 25.1°C | Humidity: 84%

--- Emitting Weather Window: 05:47:25 ---
 -> Sent Weather | Zone: Hinjewadi     | Temp: 25.1°C | Humidity: 86%
 -> Sent Weather | Zone: FC Road       | Temp: 24.8°C | Humidity: 83%
 -> Sent Weather | Zone: Kothrud       | Temp: 24.7°C | Humidity: 86%
 -> Sent Weather | Zone: Hadapsar      | Temp: 25.4°C | Humidity: 84%
 -> Sent Weather | Zone: Shivajinagar  | Temp: 25.1°C | Humidity: 86%

--- Emitting Weather Window: 05:47:44 ---
 -> Sent Weather | Zone: Hinjewadi     | Temp: 24.9°C | Humidity: 86%
 -> Sent Weather | Zone: FC Road       | Temp: 24.8°C | Humidity: 85%
 -> Sent Weather | Zone: Kothrud       | Temp: 24.9°C | Humidity: 88%
 -> Sent Weather | Zone: Hadapsar      | Temp: 25.2°C | Humidity: 83%
 -> Sent Weather | Zone: Shivajinagar  | Temp: 25.2°C | Humidity: 86%

--- Emitting Weather Window: 05:48:03 ---
 -> Sent Weather | Zone: Hinjewadi     | Temp: 24.9°C | Humidity: 86%
 -> Sent Weather | Zone: FC Road       | Temp: 25.2°C | Humidity: 86%
 -> Sent Weather | Zone: Kothrud       | Temp: 25.0°C | Humidity: 88%
 -> Sent Weather | Zone: Hadapsar      | Temp: 25.3°C | Humidity: 83%
 -> Sent Weather | Zone: Shivajinagar  | Temp: 24.9°C | Humidity: 85%

--- Emitting Weather Window: 05:48:22 ---
 -> Sent Weather | Zone: Hinjewadi     | Temp: 25.1°C | Humidity: 87%
 -> Sent Weather | Zone: FC Road       | Temp: 25.2°C | Humidity: 86%
 -> Sent Weather | Zone: Kothrud       | Temp: 24.8°C | Humidity: 88%
 -> Sent Weather | Zone: Hadapsar      | Temp: 25.4°C | Humidity: 84%
 -> Sent Weather | Zone: Shivajinagar  | Temp: 24.8°C | Humidity: 85%

--- Emitting Weather Window: 05:48:41 ---
 -> Sent Weather | Zone: Hinjewadi     | Temp: 24.8°C | Humidity: 86%
 -> Sent Weather | Zone: FC Road       | Temp: 24.8°C | Humidity: 85%
 -> Sent Weather | Zone: Kothrud       | Temp: 25.0°C | Humidity: 88%
 -> Sent Weather | Zone: Hadapsar      | Temp: 25.4°C | Humidity: 83%
 -> Sent Weather | Zone: Shivajinagar  | Temp: 24.9°C | Humidity: 85%

--- Emitting Weather Window: 05:49:00 ---
 -> Sent Weather | Zone: Hinjewadi     | Temp: 24.9°C | Humidity: 86%
 -> Sent Weather | Zone: FC Road       | Temp: 25.0°C | Humidity: 86%
 -> Sent Weather | Zone: Kothrud       | Temp: 24.8°C | Humidity: 87%
 -> Sent Weather | Zone: Hadapsar      | Temp: 25.4°C | Humidity: 83%
 -> Sent Weather | Zone: Shivajinagar  | Temp: 25.2°C | Humidity: 86%

--- Emitting Weather Window: 05:49:20 ---
 -> Sent Weather | Zone: Hinjewadi     | Temp: 25.1°C | Humidity: 87%
 -> Sent Weather | Zone: FC Road       | Temp: 24.8°C | Humidity: 85%
 -> Sent Weather | Zone: Kothrud       | Temp: 24.7°C | Humidity: 87%
 -> Sent Weather | Zone: Hadapsar      | Temp: 25.2°C | Humidity: 83%
 -> Sent Weather | Zone: Shivajinagar  | Temp: 25.0°C | Humidity: 86%

--- Emitting Weather Window: 05:49:39 ---
 -> Sent Weather | Zone: Hinjewadi     | Temp: 24.8°C | Humidity: 86%
 -> Sent Weather | Zone: FC Road       | Temp: 25.2°C | Humidity: 86%
 -> Sent Weather | Zone: Kothrud       | Temp: 25.0°C | Humidity: 88%
 -> Sent Weather | Zone: Hadapsar      | Temp: 25.2°C | Humidity: 83%
 -> Sent Weather | Zone: Shivajinagar  | Temp: 25.0°C | Humidity: 86%

--- Emitting Weather Window: 06:47:34 ---
⚠️ API Fetch error: HTTPSConnectionPool(host='api.open-meteo.com', port=443): Max retries exceeded with url: /v1/forecast?latitude=18.5912&longitude=73.7389&current_weather=True&hourly=relativehumidity_2m%2Cprecipitation%2Csurface_pressure (Caused by NameResolutionError("<urllib3.connection.HTTPSConnection object at 0x7cb51d513620>: Failed to resolve 'api.open-meteo.com' ([Errno -2] Name or service not known)"))
 -> Sent Weather | Zone: Hinjewadi     | Temp: 31.7°C | Humidity: 59%
⚠️ API Fetch error: HTTPSConnectionPool(host='api.open-meteo.com', port=443): Max retries exceeded with url: /v1/forecast?latitude=18.5236&longitude=73.8478&current_weather=True&hourly=relativehumidity_2m%2Cprecipitation%2Csurface_pressure (Caused by NameResolutionError("<urllib3.connection.HTTPSConnection object at 0x7cb51d53ae10>: Failed to resolve 'api.open-meteo.com' ([Errno -2] Name or service not known)"))
 -> Sent Weather | Zone: FC Road       | Temp: 32.0°C | Humidity: 60%
⚠️ API Fetch error: HTTPSConnectionPool(host='api.open-meteo.com', port=443): Max retries exceeded with url: /v1/forecast?latitude=18.5074&longitude=73.8077&current_weather=True&hourly=relativehumidity_2m%2Cprecipitation%2Csurface_pressure (Caused by NameResolutionError("<urllib3.connection.HTTPSConnection object at 0x7cb51d53b710>: Failed to resolve 'api.open-meteo.com' ([Errno -2] Name or service not known)"))
 -> Sent Weather | Zone: Kothrud       | Temp: 31.9°C | Humidity: 59%
⚠️ API Fetch error: HTTPSConnectionPool(host='api.open-meteo.com', port=443): Max retries exceeded with url: /v1/forecast?latitude=18.5089&longitude=73.926&current_weather=True&hourly=relativehumidity_2m%2Cprecipitation%2Csurface_pressure (Caused by NameResolutionError("<urllib3.connection.HTTPSConnection object at 0x7cb51d5387d0>: Failed to resolve 'api.open-meteo.com' ([Errno -2] Name or service not known)"))
 -> Sent Weather | Zone: Hadapsar      | Temp: 31.7°C | Humidity: 59%
⚠️ API Fetch error: HTTPSConnectionPool(host='api.open-meteo.com', port=443): Max retries exceeded with url: /v1/forecast?latitude=18.5308&longitude=73.8474&current_weather=True&hourly=relativehumidity_2m%2Cprecipitation%2Csurface_pressure (Caused by NameResolutionError("<urllib3.connection.HTTPSConnection object at 0x7cb51d56caa0>: Failed to resolve 'api.open-meteo.com' ([Errno -2] Name or service not known)"))
 -> Sent Weather | Zone: Shivajinagar  | Temp: 32.2°C | Humidity: 60%

--- Emitting Weather Window: 06:47:49 ---
 -> Sent Weather | Zone: Hinjewadi     | Temp: 25.5°C | Humidity: 85%
 -> Sent Weather | Zone: FC Road       | Temp: 25.5°C | Humidity: 85%
 -> Sent Weather | Zone: Kothrud       | Temp: 25.3°C | Humidity: 86%
 -> Sent Weather | Zone: Hadapsar      | Temp: 25.9°C | Humidity: 85%
 -> Sent Weather | Zone: Shivajinagar  | Temp: 25.5°C | Humidity: 85%

--- Emitting Weather Window: 06:48:08 ---
 -> Sent Weather | Zone: Hinjewadi     | Temp: 25.7°C | Humidity: 86%
 -> Sent Weather | Zone: FC Road       | Temp: 25.3°C | Humidity: 84%
 -> Sent Weather | Zone: Kothrud       | Temp: 25.2°C | Humidity: 86%
 -> Sent Weather | Zone: Hadapsar      | Temp: 26.1°C | Humidity: 85%
 -> Sent Weather | Zone: Shivajinagar  | Temp: 25.6°C | Humidity: 85%

--- Emitting Weather Window: 06:48:26 ---
 -> Sent Weather | Zone: Hinjewadi     | Temp: 25.7°C | Humidity: 86%
 -> Sent Weather | Zone: FC Road       | Temp: 25.7°C | Humidity: 85%
 -> Sent Weather | Zone: Kothrud       | Temp: 25.4°C | Humidity: 87%
 -> Sent Weather | Zone: Hadapsar      | Temp: 26.1°C | Humidity: 85%
 -> Sent Weather | Zone: Shivajinagar  | Temp: 25.4°C | Humidity: 84%

--- Emitting Weather Window: 06:48:45 ---
 -> Sent Weather | Zone: Hinjewadi     | Temp: 25.7°C | Humidity: 86%
 -> Sent Weather | Zone: FC Road       | Temp: 25.7°C | Humidity: 85%
 -> Sent Weather | Zone: Kothrud       | Temp: 25.6°C | Humidity: 87%
 -> Sent Weather | Zone: Hadapsar      | Temp: 26.1°C | Humidity: 85%
 -> Sent Weather | Zone: Shivajinagar  | Temp: 25.6°C | Humidity: 85%

--- Emitting Weather Window: 06:49:04 ---
 -> Sent Weather | Zone: Hinjewadi     | Temp: 25.4°C | Humidity: 85%
 -> Sent Weather | Zone: FC Road       | Temp: 25.5°C | Humidity: 84%
 -> Sent Weather | Zone: Kothrud       | Temp: 25.6°C | Humidity: 87%
 -> Sent Weather | Zone: Hadapsar      | Temp: 25.9°C | Humidity: 85%
 -> Sent Weather | Zone: Shivajinagar  | Temp: 25.7°C | Humidity: 85%

--- Emitting Weather Window: 06:49:23 ---
 -> Sent Weather | Zone: Hinjewadi     | Temp: 25.3°C | Humidity: 85%
⚠️ API Fetch error: HTTPSConnectionPool(host='api.open-meteo.com', port=443): Read timed out. (read timeout=10)
 -> Sent Weather | Zone: FC Road       | Temp: 31.7°C | Humidity: 59%
 -> Sent Weather | Zone: Kothrud       | Temp: 25.4°C | Humidity: 86%
 -> Sent Weather | Zone: Hadapsar      | Temp: 25.9°C | Humidity: 85%
 -> Sent Weather | Zone: Shivajinagar  | Temp: 25.7°C | Humidity: 85%

--- Emitting Weather Window: 06:49:52 ---
 -> Sent Weather | Zone: Hinjewadi     | Temp: 25.3°C | Humidity: 85%
 -> Sent Weather | Zone: FC Road       | Temp: 25.5°C | Humidity: 84%
 -> Sent Weather | Zone: Kothrud       | Temp: 25.5°C | Humidity: 87%
 -> Sent Weather | Zone: Hadapsar      | Temp: 25.9°C | Humidity: 85%
 -> Sent Weather | Zone: Shivajinagar  | Temp: 25.4°C | Humidity: 84%

--- Emitting Weather Window: 06:50:10 ---
 -> Sent Weather | Zone: Hinjewadi     | Temp: 25.5°C | Humidity: 85%
 -> Sent Weather | Zone: FC Road       | Temp: 25.6°C | Humidity: 85%
 -> Sent Weather | Zone: Kothrud       | Temp: 25.3°C | Humidity: 86%
 -> Sent Weather | Zone: Hadapsar      | Temp: 25.6°C | Humidity: 84%
 -> Sent Weather | Zone: Shivajinagar  | Temp: 25.3°C | Humidity: 84%

--- Emitting Weather Window: 06:50:35 ---
 -> Sent Weather | Zone: Hinjewadi     | Temp: 25.5°C | Humidity: 86%
 -> Sent Weather | Zone: FC Road       | Temp: 25.7°C | Humidity: 85%
 -> Sent Weather | Zone: Kothrud       | Temp: 25.5°C | Humidity: 87%
 -> Sent Weather | Zone: Hadapsar      | Temp: 25.8°C | Humidity: 84%
 -> Sent Weather | Zone: Shivajinagar  | Temp: 25.7°C | Humidity: 85%

--- Emitting Weather Window: 06:50:53 ---
 -> Sent Weather | Zone: Hinjewadi     | Temp: 25.7°C | Humidity: 86%
 -> Sent Weather | Zone: FC Road       | Temp: 25.6°C | Humidity: 85%
 -> Sent Weather | Zone: Kothrud       | Temp: 25.2°C | Humidity: 86%
 -> Sent Weather | Zone: Hadapsar      | Temp: 26.0°C | Humidity: 85%
 -> Sent Weather | Zone: Shivajinagar  | Temp: 25.4°C | Humidity: 84%

--- Emitting Weather Window: 06:51:12 ---
 -> Sent Weather | Zone: Hinjewadi     | Temp: 25.7°C | Humidity: 86%
 -> Sent Weather | Zone: FC Road       | Temp: 25.5°C | Humidity: 85%
 -> Sent Weather | Zone: Kothrud       | Temp: 25.2°C | Humidity: 86%
 -> Sent Weather | Zone: Hadapsar      | Temp: 25.9°C | Humidity: 85%
 -> Sent Weather | Zone: Shivajinagar  | Temp: 25.4°C | Humidity: 84%

--- Emitting Weather Window: 06:51:31 ---
 -> Sent Weather | Zone: Hinjewadi     | Temp: 25.6°C | Humidity: 86%
 -> Sent Weather | Zone: FC Road       | Temp: 25.5°C | Humidity: 85%
 -> Sent Weather | Zone: Kothrud       | Temp: 25.3°C | Humidity: 86%
 -> Sent Weather | Zone: Hadapsar      | Temp: 26.0°C | Humidity: 85%
 -> Sent Weather | Zone: Shivajinagar  | Temp: 25.6°C | Humidity: 85%

--- Emitting Weather Window: 06:51:51 ---
 -> Sent Weather | Zone: Hinjewadi     | Temp: 25.3°C | Humidity: 85%
 -> Sent Weather | Zone: FC Road       | Temp: 25.3°C | Humidity: 84%
 -> Sent Weather | Zone: Kothrud       | Temp: 25.6°C | Humidity: 87%
 -> Sent Weather | Zone: Hadapsar      | Temp: 25.9°C | Humidity: 85%
 -> Sent Weather | Zone: Shivajinagar  | Temp: 25.7°C | Humidity: 85%

--- Emitting Weather Window: 06:52:09 ---
 -> Sent Weather | Zone: Hinjewadi     | Temp: 25.5°C | Humidity: 85%
 -> Sent Weather | Zone: FC Road       | Temp: 25.3°C | Humidity: 84%
 -> Sent Weather | Zone: Kothrud       | Temp: 25.5°C | Humidity: 87%
 -> Sent Weather | Zone: Hadapsar      | Temp: 26.0°C | Humidity: 85%
 -> Sent Weather | Zone: Shivajinagar  | Temp: 25.4°C | Humidity: 84%

--- Emitting Weather Window: 06:52:28 ---
 -> Sent Weather | Zone: Hinjewadi     | Temp: 25.2°C | Humidity: 85%
 -> Sent Weather | Zone: FC Road       | Temp: 25.4°C | Humidity: 84%
 -> Sent Weather | Zone: Kothrud       | Temp: 25.5°C | Humidity: 87%
 -> Sent Weather | Zone: Hadapsar      | Temp: 25.9°C | Humidity: 85%
 -> Sent Weather | Zone: Shivajinagar  | Temp: 25.4°C | Humidity: 84%

--- Emitting Weather Window: 07:41:16 ---
⚠️ API Fetch error: HTTPSConnectionPool(host='api.open-meteo.com', port=443): Max retries exceeded with url: /v1/forecast?latitude=18.5912&longitude=73.7389&current_weather=True&hourly=relativehumidity_2m%2Cprecipitation%2Csurface_pressure (Caused by NameResolutionError("<urllib3.connection.HTTPSConnection object at 0x7cb51d5389e0>: Failed to resolve 'api.open-meteo.com' ([Errno -2] Name or service not known)"))
 -> Sent Weather | Zone: Hinjewadi     | Temp: 32.2°C | Humidity: 60%
⚠️ API Fetch error: HTTPSConnectionPool(host='api.open-meteo.com', port=443): Max retries exceeded with url: /v1/forecast?latitude=18.5236&longitude=73.8478&current_weather=True&hourly=relativehumidity_2m%2Cprecipitation%2Csurface_pressure (Caused by NameResolutionError("<urllib3.connection.HTTPSConnection object at 0x7cb51d513d40>: Failed to resolve 'api.open-meteo.com' ([Errno -2] Name or service not known)"))
 -> Sent Weather | Zone: FC Road       | Temp: 31.8°C | Humidity: 59%
⚠️ API Fetch error: HTTPSConnectionPool(host='api.open-meteo.com', port=443): Max retries exceeded with url: /v1/forecast?latitude=18.5074&longitude=73.8077&current_weather=True&hourly=relativehumidity_2m%2Cprecipitation%2Csurface_pressure (Caused by NameResolutionError("<urllib3.connection.HTTPSConnection object at 0x7cb51d4e9ee0>: Failed to resolve 'api.open-meteo.com' ([Errno -2] Name or service not known)"))
 -> Sent Weather | Zone: Kothrud       | Temp: 32.1°C | Humidity: 60%
⚠️ API Fetch error: HTTPSConnectionPool(host='api.open-meteo.com', port=443): Max retries exceeded with url: /v1/forecast?latitude=18.5089&longitude=73.926&current_weather=True&hourly=relativehumidity_2m%2Cprecipitation%2Csurface_pressure (Caused by NameResolutionError("<urllib3.connection.HTTPSConnection object at 0x7cb51dbb91f0>: Failed to resolve 'api.open-meteo.com' ([Errno -2] Name or service not known)"))
 -> Sent Weather | Zone: Hadapsar      | Temp: 31.8°C | Humidity: 59%
⚠️ API Fetch error: HTTPSConnectionPool(host='api.open-meteo.com', port=443): Max retries exceeded with url: /v1/forecast?latitude=18.5308&longitude=73.8474&current_weather=True&hourly=relativehumidity_2m%2Cprecipitation%2Csurface_pressure (Caused by NameResolutionError("<urllib3.connection.HTTPSConnection object at 0x7cb51d5139b0>: Failed to resolve 'api.open-meteo.com' ([Errno -2] Name or service not known)"))
 -> Sent Weather | Zone: Shivajinagar  | Temp: 31.9°C | Humidity: 59%

--- Emitting Weather Window: 07:41:31 ---
 -> Sent Weather | Zone: Hinjewadi     | Temp: 26.4°C | Humidity: 85%
 -> Sent Weather | Zone: FC Road       | Temp: 26.2°C | Humidity: 84%
 -> Sent Weather | Zone: Kothrud       | Temp: 26.0°C | Humidity: 86%
 -> Sent Weather | Zone: Hadapsar      | Temp: 26.7°C | Humidity: 84%
 -> Sent Weather | Zone: Shivajinagar  | Temp: 26.4°C | Humidity: 85%

--- Emitting Weather Window: 07:41:52 ---
 -> Sent Weather | Zone: Hinjewadi     | Temp: 26.2°C | Humidity: 85%
 -> Sent Weather | Zone: FC Road       | Temp: 26.6°C | Humidity: 85%
 -> Sent Weather | Zone: Kothrud       | Temp: 26.2°C | Humidity: 86%
 -> Sent Weather | Zone: Hadapsar      | Temp: 27.1°C | Humidity: 85%
 -> Sent Weather | Zone: Shivajinagar  | Temp: 26.4°C | Humidity: 84%

--- Emitting Weather Window: 07:42:13 ---
 -> Sent Weather | Zone: Hinjewadi     | Temp: 26.4°C | Humidity: 85%
 -> Sent Weather | Zone: FC Road       | Temp: 26.3°C | Humidity: 84%
 -> Sent Weather | Zone: Kothrud       | Temp: 26.3°C | Humidity: 87%
 -> Sent Weather | Zone: Hadapsar      | Temp: 27.0°C | Humidity: 85%
 -> Sent Weather | Zone: Shivajinagar  | Temp: 26.6°C | Humidity: 85%
✅ Weather Kafka Producer initialized.
🚀 Weather Streaming Engine Activated.

--- Emitting Weather Window: 07:42:41 ---
 -> Sent Weather | Zone: Hinjewadi     | Temp: 26.5°C | Humidity: 86%
 -> Sent Weather | Zone: FC Road       | Temp: 26.4°C | Humidity: 85%
 -> Sent Weather | Zone: Kothrud       | Temp: 26.3°C | Humidity: 87%
 -> Sent Weather | Zone: Hadapsar      | Temp: 26.9°C | Humidity: 85%
 -> Sent Weather | Zone: Shivajinagar  | Temp: 26.6°C | Humidity: 85%

--- Emitting Weather Window: 07:43:02 ---
 -> Sent Weather | Zone: Hinjewadi     | Temp: 26.3°C | Humidity: 85%
 -> Sent Weather | Zone: FC Road       | Temp: 26.4°C | Humidity: 84%
 -> Sent Weather | Zone: Kothrud       | Temp: 26.0°C | Humidity: 86%
 -> Sent Weather | Zone: Hadapsar      | Temp: 26.9°C | Humidity: 85%
 -> Sent Weather | Zone: Shivajinagar  | Temp: 26.4°C | Humidity: 85%

--- Emitting Weather Window: 07:43:23 ---
 -> Sent Weather | Zone: Hinjewadi     | Temp: 26.5°C | Humidity: 86%
 -> Sent Weather | Zone: FC Road       | Temp: 26.6°C | Humidity: 85%
 -> Sent Weather | Zone: Kothrud       | Temp: 26.0°C | Humidity: 86%
 -> Sent Weather | Zone: Hadapsar      | Temp: 26.9°C | Humidity: 84%
 -> Sent Weather | Zone: Shivajinagar  | Temp: 26.4°C | Humidity: 84%

--- Emitting Weather Window: 07:43:45 ---
 -> Sent Weather | Zone: Hinjewadi     | Temp: 26.3°C | Humidity: 85%
 -> Sent Weather | Zone: FC Road       | Temp: 26.6°C | Humidity: 85%
 -> Sent Weather | Zone: Kothrud       | Temp: 26.4°C | Humidity: 87%
 -> Sent Weather | Zone: Hadapsar      | Temp: 27.0°C | Humidity: 85%
 -> Sent Weather | Zone: Shivajinagar  | Temp: 26.5°C | Humidity: 85%

--- Emitting Weather Window: 07:44:06 ---
⚠️ API Fetch error: HTTPSConnectionPool(host='api.open-meteo.com', port=443): Max retries exceeded with url: /v1/forecast?latitude=18.5912&longitude=73.7389&current_weather=True&hourly=relativehumidity_2m%2Cprecipitation%2Csurface_pressure (Caused by NameResolutionError("<urllib3.connection.HTTPSConnection object at 0x79d45638fbc0>: Failed to resolve 'api.open-meteo.com' ([Errno -2] Name or service not known)"))
 -> Sent Weather | Zone: Hinjewadi     | Temp: 31.8°C | Humidity: 59%
⚠️ API Fetch error: HTTPSConnectionPool(host='api.open-meteo.com', port=443): Max retries exceeded with url: /v1/forecast?latitude=18.5236&longitude=73.8478&current_weather=True&hourly=relativehumidity_2m%2Cprecipitation%2Csurface_pressure (Caused by NameResolutionError("<urllib3.connection.HTTPSConnection object at 0x79d4563b46e0>: Failed to resolve 'api.open-meteo.com' ([Errno -2] Name or service not known)"))
 -> Sent Weather | Zone: FC Road       | Temp: 32.2°C | Humidity: 60%
⚠️ API Fetch error: HTTPSConnectionPool(host='api.open-meteo.com', port=443): Max retries exceeded with url: /v1/forecast?latitude=18.5074&longitude=73.8077&current_weather=True&hourly=relativehumidity_2m%2Cprecipitation%2Csurface_pressure (Caused by NameResolutionError("<urllib3.connection.HTTPSConnection object at 0x79d4563b5280>: Failed to resolve 'api.open-meteo.com' ([Errno -2] Name or service not known)"))
 -> Sent Weather | Zone: Kothrud       | Temp: 32.2°C | Humidity: 60%
⚠️ API Fetch error: HTTPSConnectionPool(host='api.open-meteo.com', port=443): Max retries exceeded with url: /v1/forecast?latitude=18.5089&longitude=73.926&current_weather=True&hourly=relativehumidity_2m%2Cprecipitation%2Csurface_pressure (Caused by NameResolutionError("<urllib3.connection.HTTPSConnection object at 0x79d45638fad0>: Failed to resolve 'api.open-meteo.com' ([Errno -2] Name or service not known)"))
 -> Sent Weather | Zone: Hadapsar      | Temp: 31.8°C | Humidity: 59%
⚠️ API Fetch error: HTTPSConnectionPool(host='api.open-meteo.com', port=443): Max retries exceeded with url: /v1/forecast?latitude=18.5308&longitude=73.8474&current_weather=True&hourly=relativehumidity_2m%2Cprecipitation%2Csurface_pressure (Caused by NameResolutionError("<urllib3.connection.HTTPSConnection object at 0x79d45638f740>: Failed to resolve 'api.open-meteo.com' ([Errno -2] Name or service not known)"))
 -> Sent Weather | Zone: Shivajinagar  | Temp: 31.7°C | Humidity: 59%

--- Emitting Weather Window: 08:00:12 ---
 -> Sent Weather | Zone: Hinjewadi     | Temp: 27.8°C | Humidity: 86%
 -> Sent Weather | Zone: FC Road       | Temp: 27.2°C | Humidity: 84%
 -> Sent Weather | Zone: Kothrud       | Temp: 27.3°C | Humidity: 86%
 -> Sent Weather | Zone: Hadapsar      | Temp: 28.0°C | Humidity: 85%
 -> Sent Weather | Zone: Shivajinagar  | Temp: 27.2°C | Humidity: 84%

--- Emitting Weather Window: 08:02:28 ---
 -> Sent Weather | Zone: Hinjewadi     | Temp: 27.5°C | Humidity: 85%
 -> Sent Weather | Zone: FC Road       | Temp: 27.5°C | Humidity: 85%
 -> Sent Weather | Zone: Kothrud       | Temp: 27.2°C | Humidity: 86%
⚠️ API Fetch error: HTTPSConnectionPool(host='api.open-meteo.com', port=443): Read timed out. (read timeout=10)
 -> Sent Weather | Zone: Hadapsar      | Temp: 31.8°C | Humidity: 59%
⚠️ API Fetch error: HTTPSConnectionPool(host='api.open-meteo.com', port=443): Max retries exceeded with url: /v1/forecast?latitude=18.5308&longitude=73.8474&current_weather=True&hourly=relativehumidity_2m%2Cprecipitation%2Csurface_pressure (Caused by ConnectTimeoutError(<urllib3.connection.HTTPSConnection object at 0x79d4563b5af0>, 'Connection to api.open-meteo.com timed out. (connect timeout=10)'))
 -> Sent Weather | Zone: Shivajinagar  | Temp: 32.1°C | Humidity: 60%

--- Emitting Weather Window: 08:03:23 ---
⚠️ API Fetch error: HTTPSConnectionPool(host='api.open-meteo.com', port=443): Max retries exceeded with url: /v1/forecast?latitude=18.5912&longitude=73.7389&current_weather=True&hourly=relativehumidity_2m%2Cprecipitation%2Csurface_pressure (Caused by ConnectTimeoutError(<urllib3.connection.HTTPSConnection object at 0x79d4563b6510>, 'Connection to api.open-meteo.com timed out. (connect timeout=10)'))
 -> Sent Weather | Zone: Hinjewadi     | Temp: 32.0°C | Humidity: 59%
⚠️ API Fetch error: HTTPSConnectionPool(host='api.open-meteo.com', port=443): Max retries exceeded with url: /v1/forecast?latitude=18.5236&longitude=73.8478&current_weather=True&hourly=relativehumidity_2m%2Cprecipitation%2Csurface_pressure (Caused by ConnectTimeoutError(<urllib3.connection.HTTPSConnection object at 0x79d45638ecc0>, 'Connection to api.open-meteo.com timed out. (connect timeout=10)'))
 -> Sent Weather | Zone: FC Road       | Temp: 32.2°C | Humidity: 60%
⚠️ API Fetch error: HTTPSConnectionPool(host='api.open-meteo.com', port=443): Max retries exceeded with url: /v1/forecast?latitude=18.5074&longitude=73.8077&current_weather=True&hourly=relativehumidity_2m%2Cprecipitation%2Csurface_pressure (Caused by NewConnectionError('<urllib3.connection.HTTPSConnection object at 0x79d4563b6360>: Failed to establish a new connection: [Errno 113] No route to host'))
 -> Sent Weather | Zone: Kothrud       | Temp: 31.7°C | Humidity: 59%
 -> Sent Weather | Zone: Hadapsar      | Temp: 28.1°C | Humidity: 85%
⚠️ API Fetch error: HTTPSConnectionPool(host='api.open-meteo.com', port=443): Read timed out. (read timeout=10)
 -> Sent Weather | Zone: Shivajinagar  | Temp: 32.3°C | Humidity: 60%

--- Emitting Weather Window: 08:06:55 ---
 -> Sent Weather | Zone: Hinjewadi     | Temp: 27.4°C | Humidity: 85%
⚠️ API Fetch error: HTTPSConnectionPool(host='api.open-meteo.com', port=443): Max retries exceeded with url: /v1/forecast?latitude=18.5236&longitude=73.8478&current_weather=True&hourly=relativehumidity_2m%2Cprecipitation%2Csurface_pressure (Caused by ConnectTimeoutError(<urllib3.connection.HTTPSConnection object at 0x79d4563b5790>, 'Connection to api.open-meteo.com timed out. (connect timeout=10)'))
 -> Sent Weather | Zone: FC Road       | Temp: 31.8°C | Humidity: 59%
⚠️ API Fetch error: HTTPSConnectionPool(host='api.open-meteo.com', port=443): Max retries exceeded with url: /v1/forecast?latitude=18.5074&longitude=73.8077&current_weather=True&hourly=relativehumidity_2m%2Cprecipitation%2Csurface_pressure (Caused by NameResolutionError("<urllib3.connection.HTTPSConnection object at 0x79d45638e930>: Failed to resolve 'api.open-meteo.com' ([Errno -2] Name or service not known)"))
 -> Sent Weather | Zone: Kothrud       | Temp: 31.8°C | Humidity: 59%
⚠️ API Fetch error: HTTPSConnectionPool(host='api.open-meteo.com', port=443): Max retries exceeded with url: /v1/forecast?latitude=18.5089&longitude=73.926&current_weather=True&hourly=relativehumidity_2m%2Cprecipitation%2Csurface_pressure (Caused by NameResolutionError("<urllib3.connection.HTTPSConnection object at 0x79d45638d880>: Failed to resolve 'api.open-meteo.com' ([Errno -2] Name or service not known)"))
 -> Sent Weather | Zone: Hadapsar      | Temp: 32.2°C | Humidity: 60%
 -> Sent Weather | Zone: Shivajinagar  | Temp: 27.3°C | Humidity: 84%

--- Emitting Weather Window: 08:08:39 ---
⚠️ API Fetch error: HTTPSConnectionPool(host='api.open-meteo.com', port=443): Max retries exceeded with url: /v1/forecast?latitude=18.5912&longitude=73.7389&current_weather=True&hourly=relativehumidity_2m%2Cprecipitation%2Csurface_pressure (Caused by ConnectTimeoutError(<urllib3.connection.HTTPSConnection object at 0x79d4563b6960>, 'Connection to api.open-meteo.com timed out. (connect timeout=10)'))
 -> Sent Weather | Zone: Hinjewadi     | Temp: 31.8°C | Humidity: 59%
 -> Sent Weather | Zone: FC Road       | Temp: 27.5°C | Humidity: 85%
⚠️ API Fetch error: HTTPSConnectionPool(host='api.open-meteo.com', port=443): Max retries exceeded with url: /v1/forecast?latitude=18.5074&longitude=73.8077&current_weather=True&hourly=relativehumidity_2m%2Cprecipitation%2Csurface_pressure (Caused by ConnectTimeoutError(<urllib3.connection.HTTPSConnection object at 0x79d4563b4680>, 'Connection to api.open-meteo.com timed out. (connect timeout=10)'))
 -> Sent Weather | Zone: Kothrud       | Temp: 31.7°C | Humidity: 59%
 -> Sent Weather | Zone: Hadapsar      | Temp: 27.8°C | Humidity: 84%
⚠️ API Fetch error: HTTPSConnectionPool(host='api.open-meteo.com', port=443): Max retries exceeded with url: /v1/forecast?latitude=18.5308&longitude=73.8474&current_weather=True&hourly=relativehumidity_2m%2Cprecipitation%2Csurface_pressure (Caused by ConnectTimeoutError(<urllib3.connection.HTTPSConnection object at 0x79d4563b7080>, 'Connection to api.open-meteo.com timed out. (connect timeout=10)'))
 -> Sent Weather | Zone: Shivajinagar  | Temp: 32.2°C | Humidity: 60%

--- Emitting Weather Window: 08:09:58 ---
 -> Sent Weather | Zone: Hinjewadi     | Temp: 27.3°C | Humidity: 85%
 -> Sent Weather | Zone: FC Road       | Temp: 27.2°C | Humidity: 84%
 -> Sent Weather | Zone: Kothrud       | Temp: 27.3°C | Humidity: 86%
⚠️ API Fetch error: HTTPSConnectionPool(host='api.open-meteo.com', port=443): Read timed out. (read timeout=10)
 -> Sent Weather | Zone: Hadapsar      | Temp: 32.0°C | Humidity: 60%
 -> Sent Weather | Zone: Shivajinagar  | Temp: 27.4°C | Humidity: 84%

--- Emitting Weather Window: 08:11:06 ---
 -> Sent Weather | Zone: Hinjewadi     | Temp: 27.8°C | Humidity: 86%
 -> Sent Weather | Zone: FC Road       | Temp: 27.6°C | Humidity: 85%
⚠️ API Fetch error: ('Connection aborted.', ConnectionResetError(104, 'Connection reset by peer'))
 -> Sent Weather | Zone: Kothrud       | Temp: 31.7°C | Humidity: 59%
⚠️ API Fetch error: HTTPSConnectionPool(host='api.open-meteo.com', port=443): Max retries exceeded with url: /v1/forecast?latitude=18.5089&longitude=73.926&current_weather=True&hourly=relativehumidity_2m%2Cprecipitation%2Csurface_pressure (Caused by ConnectTimeoutError(<urllib3.connection.HTTPSConnection object at 0x79d4563b4350>, 'Connection to api.open-meteo.com timed out. (connect timeout=10)'))
 -> Sent Weather | Zone: Hadapsar      | Temp: 31.9°C | Humidity: 59%
⚠️ API Fetch error: HTTPSConnectionPool(host='api.open-meteo.com', port=443): Max retries exceeded with url: /v1/forecast?latitude=18.5308&longitude=73.8474&current_weather=True&hourly=relativehumidity_2m%2Cprecipitation%2Csurface_pressure (Caused by NameResolutionError("<urllib3.connection.HTTPSConnection object at 0x79d4563b4bf0>: Failed to resolve 'api.open-meteo.com' ([Errno -2] Name or service not known)"))
 -> Sent Weather | Zone: Shivajinagar  | Temp: 31.9°C | Humidity: 59%

--- Emitting Weather Window: 08:12:24 ---
 -> Sent Weather | Zone: Hinjewadi     | Temp: 27.6°C | Humidity: 86%
⚠️ API Fetch error: HTTPSConnectionPool(host='api.open-meteo.com', port=443): Read timed out. (read timeout=10)
 -> Sent Weather | Zone: FC Road       | Temp: 31.9°C | Humidity: 59%
 -> Sent Weather | Zone: Kothrud       | Temp: 27.4°C | Humidity: 86%
 -> Sent Weather | Zone: Hadapsar      | Temp: 28.0°C | Humidity: 85%
 -> Sent Weather | Zone: Shivajinagar  | Temp: 27.4°C | Humidity: 85%

--- Emitting Weather Window: 08:13:23 ---
 -> Sent Weather | Zone: Hinjewadi     | Temp: 27.3°C | Humidity: 85%
 -> Sent Weather | Zone: FC Road       | Temp: 27.6°C | Humidity: 85%
 -> Sent Weather | Zone: Kothrud       | Temp: 27.4°C | Humidity: 86%
 -> Sent Weather | Zone: Hadapsar      | Temp: 27.8°C | Humidity: 84%
 -> Sent Weather | Zone: Shivajinagar  | Temp: 27.5°C | Humidity: 85%

--- Emitting Weather Window: 08:13:44 ---
 -> Sent Weather | Zone: Hinjewadi     | Temp: 27.5°C | Humidity: 85%
 -> Sent Weather | Zone: FC Road       | Temp: 27.7°C | Humidity: 85%
 -> Sent Weather | Zone: Kothrud       | Temp: 27.3°C | Humidity: 86%
 -> Sent Weather | Zone: Hadapsar      | Temp: 28.0°C | Humidity: 85%
 -> Sent Weather | Zone: Shivajinagar  | Temp: 27.2°C | Humidity: 84%

--- Emitting Weather Window: 08:14:05 ---
 -> Sent Weather | Zone: Hinjewadi     | Temp: 27.4°C | Humidity: 85%
 -> Sent Weather | Zone: FC Road       | Temp: 27.6°C | Humidity: 85%
 -> Sent Weather | Zone: Kothrud       | Temp: 27.2°C | Humidity: 86%
 -> Sent Weather | Zone: Hadapsar      | Temp: 28.1°C | Humidity: 85%
 -> Sent Weather | Zone: Shivajinagar  | Temp: 27.2°C | Humidity: 84%

--- Emitting Weather Window: 08:14:25 ---
 -> Sent Weather | Zone: Hinjewadi     | Temp: 27.4°C | Humidity: 85%
 -> Sent Weather | Zone: FC Road       | Temp: 27.6°C | Humidity: 85%
 -> Sent Weather | Zone: Kothrud       | Temp: 27.1°C | Humidity: 86%
 -> Sent Weather | Zone: Hadapsar      | Temp: 27.9°C | Humidity: 84%
 -> Sent Weather | Zone: Shivajinagar  | Temp: 27.2°C | Humidity: 84%

--- Emitting Weather Window: 08:14:46 ---
 -> Sent Weather | Zone: Hinjewadi     | Temp: 27.8°C | Humidity: 86%
 -> Sent Weather | Zone: FC Road       | Temp: 27.4°C | Humidity: 84%
 -> Sent Weather | Zone: Kothrud       | Temp: 27.6°C | Humidity: 87%
 -> Sent Weather | Zone: Hadapsar      | Temp: 28.0°C | Humidity: 85%
 -> Sent Weather | Zone: Shivajinagar  | Temp: 27.2°C | Humidity: 84%

--- Emitting Weather Window: 08:15:06 ---
 -> Sent Weather | Zone: Hinjewadi     | Temp: 28.3°C | Humidity: 86%
 -> Sent Weather | Zone: FC Road       | Temp: 27.7°C | Humidity: 84%
 -> Sent Weather | Zone: Kothrud       | Temp: 27.7°C | Humidity: 86%
 -> Sent Weather | Zone: Hadapsar      | Temp: 28.6°C | Humidity: 85%
 -> Sent Weather | Zone: Shivajinagar  | Temp: 27.8°C | Humidity: 84%

--- Emitting Weather Window: 08:15:28 ---
 -> Sent Weather | Zone: Hinjewadi     | Temp: 28.3°C | Humidity: 86%
 -> Sent Weather | Zone: FC Road       | Temp: 28.1°C | Humidity: 85%
 -> Sent Weather | Zone: Kothrud       | Temp: 28.3°C | Humidity: 87%
 -> Sent Weather | Zone: Hadapsar      | Temp: 28.6°C | Humidity: 85%
 -> Sent Weather | Zone: Shivajinagar  | Temp: 28.0°C | Humidity: 85%

--- Emitting Weather Window: 08:15:48 ---
 -> Sent Weather | Zone: Hinjewadi     | Temp: 27.9°C | Humidity: 85%
 -> Sent Weather | Zone: FC Road       | Temp: 27.8°C | Humidity: 84%
 -> Sent Weather | Zone: Kothrud       | Temp: 28.0°C | Humidity: 86%
 -> Sent Weather | Zone: Hadapsar      | Temp: 28.3°C | Humidity: 84%
 -> Sent Weather | Zone: Shivajinagar  | Temp: 27.8°C | Humidity: 84%

--- Emitting Weather Window: 08:16:09 ---
 -> Sent Weather | Zone: Hinjewadi     | Temp: 28.1°C | Humidity: 86%
 -> Sent Weather | Zone: FC Road       | Temp: 28.1°C | Humidity: 85%
 -> Sent Weather | Zone: Kothrud       | Temp: 28.1°C | Humidity: 87%
 -> Sent Weather | Zone: Hadapsar      | Temp: 28.3°C | Humidity: 84%
 -> Sent Weather | Zone: Shivajinagar  | Temp: 28.1°C | Humidity: 85%

--- Emitting Weather Window: 08:16:30 ---
 -> Sent Weather | Zone: Hinjewadi     | Temp: 27.9°C | Humidity: 85%
 -> Sent Weather | Zone: FC Road       | Temp: 27.7°C | Humidity: 84%
 -> Sent Weather | Zone: Kothrud       | Temp: 27.9°C | Humidity: 86%
 -> Sent Weather | Zone: Hadapsar      | Temp: 28.4°C | Humidity: 85%
 -> Sent Weather | Zone: Shivajinagar  | Temp: 27.9°C | Humidity: 84%

--- Emitting Weather Window: 08:16:51 ---
 -> Sent Weather | Zone: Hinjewadi     | Temp: 28.2°C | Humidity: 86%
 -> Sent Weather | Zone: FC Road       | Temp: 27.6°C | Humidity: 84%
 -> Sent Weather | Zone: Kothrud       | Temp: 28.2°C | Humidity: 87%
 -> Sent Weather | Zone: Hadapsar      | Temp: 28.6°C | Humidity: 85%
 -> Sent Weather | Zone: Shivajinagar  | Temp: 27.8°C | Humidity: 84%

--- Emitting Weather Window: 08:17:12 ---
 -> Sent Weather | Zone: Hinjewadi     | Temp: 28.0°C | Humidity: 85%
 -> Sent Weather | Zone: FC Road       | Temp: 27.7°C | Humidity: 84%
 -> Sent Weather | Zone: Kothrud       | Temp: 27.9°C | Humidity: 86%
 -> Sent Weather | Zone: Hadapsar      | Temp: 28.5°C | Humidity: 85%
 -> Sent Weather | Zone: Shivajinagar  | Temp: 28.1°C | Humidity: 85%

--- Emitting Weather Window: 08:17:33 ---
 -> Sent Weather | Zone: Hinjewadi     | Temp: 28.3°C | Humidity: 86%
 -> Sent Weather | Zone: FC Road       | Temp: 27.9°C | Humidity: 84%
 -> Sent Weather | Zone: Kothrud       | Temp: 27.9°C | Humidity: 86%
 -> Sent Weather | Zone: Hadapsar      | Temp: 28.7°C | Humidity: 85%
 -> Sent Weather | Zone: Shivajinagar  | Temp: 27.8°C | Humidity: 84%

--- Emitting Weather Window: 08:17:55 ---
 -> Sent Weather | Zone: Hinjewadi     | Temp: 28.0°C | Humidity: 85%
 -> Sent Weather | Zone: FC Road       | Temp: 27.9°C | Humidity: 85%
 -> Sent Weather | Zone: Kothrud       | Temp: 28.1°C | Humidity: 87%
 -> Sent Weather | Zone: Hadapsar      | Temp: 28.2°C | Humidity: 84%
 -> Sent Weather | Zone: Shivajinagar  | Temp: 27.7°C | Humidity: 84%

--- Emitting Weather Window: 08:18:15 ---
 -> Sent Weather | Zone: Hinjewadi     | Temp: 27.9°C | Humidity: 85%
 -> Sent Weather | Zone: FC Road       | Temp: 27.9°C | Humidity: 84%
 -> Sent Weather | Zone: Kothrud       | Temp: 28.3°C | Humidity: 87%
 -> Sent Weather | Zone: Hadapsar      | Temp: 28.6°C | Humidity: 85%
 -> Sent Weather | Zone: Shivajinagar  | Temp: 28.1°C | Humidity: 85%

--- Emitting Weather Window: 08:18:35 ---
 -> Sent Weather | Zone: Hinjewadi     | Temp: 28.3°C | Humidity: 86%
 -> Sent Weather | Zone: FC Road       | Temp: 27.9°C | Humidity: 84%
 -> Sent Weather | Zone: Kothrud       | Temp: 27.8°C | Humidity: 86%
 -> Sent Weather | Zone: Hadapsar      | Temp: 28.3°C | Humidity: 84%
 -> Sent Weather | Zone: Shivajinagar  | Temp: 27.7°C | Humidity: 84%

--- Emitting Weather Window: 08:18:55 ---
 -> Sent Weather | Zone: Hinjewadi     | Temp: 28.3°C | Humidity: 86%
 -> Sent Weather | Zone: FC Road       | Temp: 27.7°C | Humidity: 84%
 -> Sent Weather | Zone: Kothrud       | Temp: 28.3°C | Humidity: 87%
 -> Sent Weather | Zone: Hadapsar      | Temp: 28.6°C | Humidity: 85%
 -> Sent Weather | Zone: Shivajinagar  | Temp: 27.9°C | Humidity: 85%

--- Emitting Weather Window: 08:19:16 ---
 -> Sent Weather | Zone: Hinjewadi     | Temp: 28.0°C | Humidity: 85%
 -> Sent Weather | Zone: FC Road       | Temp: 27.9°C | Humidity: 84%
 -> Sent Weather | Zone: Kothrud       | Temp: 27.8°C | Humidity: 86%
 -> Sent Weather | Zone: Hadapsar      | Temp: 28.4°C | Humidity: 84%
 -> Sent Weather | Zone: Shivajinagar  | Temp: 28.1°C | Humidity: 85%

--- Emitting Weather Window: 08:19:37 ---
 -> Sent Weather | Zone: Hinjewadi     | Temp: 27.9°C | Humidity: 85%
 -> Sent Weather | Zone: FC Road       | Temp: 27.8°C | Humidity: 84%
 -> Sent Weather | Zone: Kothrud       | Temp: 28.1°C | Humidity: 87%
 -> Sent Weather | Zone: Hadapsar      | Temp: 28.6°C | Humidity: 85%
 -> Sent Weather | Zone: Shivajinagar  | Temp: 27.8°C | Humidity: 84%

--- Emitting Weather Window: 08:19:58 ---
 -> Sent Weather | Zone: Hinjewadi     | Temp: 28.3°C | Humidity: 86%
 -> Sent Weather | Zone: FC Road       | Temp: 28.0°C | Humidity: 85%
 -> Sent Weather | Zone: Kothrud       | Temp: 28.3°C | Humidity: 87%
 -> Sent Weather | Zone: Hadapsar      | Temp: 28.3°C | Humidity: 84%
 -> Sent Weather | Zone: Shivajinagar  | Temp: 28.1°C | Humidity: 85%

--- Emitting Weather Window: 08:20:32 ---
 -> Sent Weather | Zone: Hinjewadi     | Temp: 28.2°C | Humidity: 86%
 -> Sent Weather | Zone: FC Road       | Temp: 27.8°C | Humidity: 84%
 -> Sent Weather | Zone: Kothrud       | Temp: 28.2°C | Humidity: 87%
 -> Sent Weather | Zone: Hadapsar      | Temp: 28.6°C | Humidity: 85%
 -> Sent Weather | Zone: Shivajinagar  | Temp: 27.7°C | Humidity: 84%

--- Emitting Weather Window: 08:20:53 ---
 -> Sent Weather | Zone: Hinjewadi     | Temp: 27.9°C | Humidity: 85%
 -> Sent Weather | Zone: FC Road       | Temp: 28.1°C | Humidity: 85%
 -> Sent Weather | Zone: Kothrud       | Temp: 28.3°C | Humidity: 87%
 -> Sent Weather | Zone: Hadapsar      | Temp: 28.7°C | Humidity: 85%
 -> Sent Weather | Zone: Shivajinagar  | Temp: 27.7°C | Humidity: 84%

--- Emitting Weather Window: 08:21:16 ---
 -> Sent Weather | Zone: Hinjewadi     | Temp: 28.3°C | Humidity: 86%
 -> Sent Weather | Zone: FC Road       | Temp: 28.2°C | Humidity: 85%
 -> Sent Weather | Zone: Kothrud       | Temp: 27.8°C | Humidity: 86%
 -> Sent Weather | Zone: Hadapsar      | Temp: 28.5°C | Humidity: 85%
 -> Sent Weather | Zone: Shivajinagar  | Temp: 27.8°C | Humidity: 84%

--- Emitting Weather Window: 08:21:37 ---
 -> Sent Weather | Zone: Hinjewadi     | Temp: 28.0°C | Humidity: 85%
 -> Sent Weather | Zone: FC Road       | Temp: 28.1°C | Humidity: 85%
 -> Sent Weather | Zone: Kothrud       | Temp: 28.2°C | Humidity: 87%
 -> Sent Weather | Zone: Hadapsar      | Temp: 28.6°C | Humidity: 85%
 -> Sent Weather | Zone: Shivajinagar  | Temp: 27.7°C | Humidity: 84%

--- Emitting Weather Window: 08:21:59 ---
 -> Sent Weather | Zone: Hinjewadi     | Temp: 28.4°C | Humidity: 86%
 -> Sent Weather | Zone: FC Road       | Temp: 27.8°C | Humidity: 84%
 -> Sent Weather | Zone: Kothrud       | Temp: 28.0°C | Humidity: 87%
 -> Sent Weather | Zone: Hadapsar      | Temp: 28.3°C | Humidity: 84%
 -> Sent Weather | Zone: Shivajinagar  | Temp: 28.0°C | Humidity: 85%

--- Emitting Weather Window: 08:22:20 ---
 -> Sent Weather | Zone: Hinjewadi     | Temp: 28.3°C | Humidity: 86%
 -> Sent Weather | Zone: FC Road       | Temp: 27.7°C | Humidity: 84%
 -> Sent Weather | Zone: Kothrud       | Temp: 28.3°C | Humidity: 87%
 -> Sent Weather | Zone: Hadapsar      | Temp: 28.5°C | Humidity: 85%
 -> Sent Weather | Zone: Shivajinagar  | Temp: 28.1°C | Humidity: 85%

--- Emitting Weather Window: 08:22:40 ---
 -> Sent Weather | Zone: Hinjewadi     | Temp: 27.9°C | Humidity: 85%
 -> Sent Weather | Zone: FC Road       | Temp: 28.2°C | Humidity: 85%
 -> Sent Weather | Zone: Kothrud       | Temp: 28.3°C | Humidity: 87%
 -> Sent Weather | Zone: Hadapsar      | Temp: 28.1°C | Humidity: 84%
 -> Sent Weather | Zone: Shivajinagar  | Temp: 28.0°C | Humidity: 85%

--- Emitting Weather Window: 08:23:01 ---
 -> Sent Weather | Zone: Hinjewadi     | Temp: 28.0°C | Humidity: 85%
 -> Sent Weather | Zone: FC Road       | Temp: 27.9°C | Humidity: 84%
 -> Sent Weather | Zone: Kothrud       | Temp: 28.1°C | Humidity: 87%
 -> Sent Weather | Zone: Hadapsar      | Temp: 28.7°C | Humidity: 85%
 -> Sent Weather | Zone: Shivajinagar  | Temp: 27.7°C | Humidity: 84%

--- Emitting Weather Window: 08:23:22 ---
 -> Sent Weather | Zone: Hinjewadi     | Temp: 28.4°C | Humidity: 86%
 -> Sent Weather | Zone: FC Road       | Temp: 27.6°C | Humidity: 84%
 -> Sent Weather | Zone: Kothrud       | Temp: 28.1°C | Humidity: 87%
 -> Sent Weather | Zone: Hadapsar      | Temp: 28.3°C | Humidity: 84%
 -> Sent Weather | Zone: Shivajinagar  | Temp: 27.8°C | Humidity: 84%

--- Emitting Weather Window: 08:23:44 ---
 -> Sent Weather | Zone: Hinjewadi     | Temp: 28.1°C | Humidity: 86%
 -> Sent Weather | Zone: FC Road       | Temp: 28.1°C | Humidity: 85%
 -> Sent Weather | Zone: Kothrud       | Temp: 28.2°C | Humidity: 87%
 -> Sent Weather | Zone: Hadapsar      | Temp: 28.2°C | Humidity: 84%
 -> Sent Weather | Zone: Shivajinagar  | Temp: 27.7°C | Humidity: 84%

--- Emitting Weather Window: 08:24:05 ---
 -> Sent Weather | Zone: Hinjewadi     | Temp: 27.9°C | Humidity: 85%
 -> Sent Weather | Zone: FC Road       | Temp: 28.2°C | Humidity: 85%
 -> Sent Weather | Zone: Kothrud       | Temp: 27.8°C | Humidity: 86%
 -> Sent Weather | Zone: Hadapsar      | Temp: 28.3°C | Humidity: 84%
 -> Sent Weather | Zone: Shivajinagar  | Temp: 27.8°C | Humidity: 84%

--- Emitting Weather Window: 08:24:26 ---
 -> Sent Weather | Zone: Hinjewadi     | Temp: 28.0°C | Humidity: 85%
 -> Sent Weather | Zone: FC Road       | Temp: 27.7°C | Humidity: 84%
 -> Sent Weather | Zone: Kothrud       | Temp: 28.2°C | Humidity: 87%
 -> Sent Weather | Zone: Hadapsar      | Temp: 28.1°C | Humidity: 84%
 -> Sent Weather | Zone: Shivajinagar  | Temp: 28.0°C | Humidity: 85%

--- Emitting Weather Window: 08:24:49 ---
 -> Sent Weather | Zone: Hinjewadi     | Temp: 28.0°C | Humidity: 85%
 -> Sent Weather | Zone: FC Road       | Temp: 28.1°C | Humidity: 85%
 -> Sent Weather | Zone: Kothrud       | Temp: 28.1°C | Humidity: 87%
 -> Sent Weather | Zone: Hadapsar      | Temp: 28.4°C | Humidity: 84%
 -> Sent Weather | Zone: Shivajinagar  | Temp: 27.8°C | Humidity: 84%

--- Emitting Weather Window: 08:25:11 ---
 -> Sent Weather | Zone: Hinjewadi     | Temp: 28.4°C | Humidity: 86%
 -> Sent Weather | Zone: FC Road       | Temp: 28.0°C | Humidity: 85%
 -> Sent Weather | Zone: Kothrud       | Temp: 27.9°C | Humidity: 86%
 -> Sent Weather | Zone: Hadapsar      | Temp: 28.4°C | Humidity: 84%
 -> Sent Weather | Zone: Shivajinagar  | Temp: 27.8°C | Humidity: 84%

--- Emitting Weather Window: 08:25:32 ---
 -> Sent Weather | Zone: Hinjewadi     | Temp: 28.3°C | Humidity: 86%
 -> Sent Weather | Zone: FC Road       | Temp: 28.1°C | Humidity: 85%
 -> Sent Weather | Zone: Kothrud       | Temp: 27.8°C | Humidity: 86%
 -> Sent Weather | Zone: Hadapsar      | Temp: 28.6°C | Humidity: 85%
 -> Sent Weather | Zone: Shivajinagar  | Temp: 27.9°C | Humidity: 85%

--- Emitting Weather Window: 08:25:53 ---
⚠️ API Fetch error: HTTPSConnectionPool(host='api.open-meteo.com', port=443): Read timed out. (read timeout=10)
 -> Sent Weather | Zone: Hinjewadi     | Temp: 31.8°C | Humidity: 59%
 -> Sent Weather | Zone: FC Road       | Temp: 28.0°C | Humidity: 85%
 -> Sent Weather | Zone: Kothrud       | Temp: 28.2°C | Humidity: 87%
 -> Sent Weather | Zone: Hadapsar      | Temp: 28.5°C | Humidity: 85%
 -> Sent Weather | Zone: Shivajinagar  | Temp: 28.0°C | Humidity: 85%

--- Emitting Weather Window: 08:26:23 ---
 -> Sent Weather | Zone: Hinjewadi     | Temp: 28.2°C | Humidity: 86%
 -> Sent Weather | Zone: FC Road       | Temp: 27.9°C | Humidity: 84%
 -> Sent Weather | Zone: Kothrud       | Temp: 28.2°C | Humidity: 87%
 -> Sent Weather | Zone: Hadapsar      | Temp: 28.6°C | Humidity: 85%
 -> Sent Weather | Zone: Shivajinagar  | Temp: 28.0°C | Humidity: 85%

--- Emitting Weather Window: 08:26:44 ---
 -> Sent Weather | Zone: Hinjewadi     | Temp: 28.0°C | Humidity: 85%
 -> Sent Weather | Zone: FC Road       | Temp: 27.7°C | Humidity: 84%
 -> Sent Weather | Zone: Kothrud       | Temp: 27.8°C | Humidity: 86%
 -> Sent Weather | Zone: Hadapsar      | Temp: 28.3°C | Humidity: 84%
 -> Sent Weather | Zone: Shivajinagar  | Temp: 27.9°C | Humidity: 84%

--- Emitting Weather Window: 08:27:05 ---
 -> Sent Weather | Zone: Hinjewadi     | Temp: 28.1°C | Humidity: 86%
 -> Sent Weather | Zone: FC Road       | Temp: 28.0°C | Humidity: 85%
 -> Sent Weather | Zone: Kothrud       | Temp: 28.1°C | Humidity: 87%
 -> Sent Weather | Zone: Hadapsar      | Temp: 28.3°C | Humidity: 84%
 -> Sent Weather | Zone: Shivajinagar  | Temp: 27.8°C | Humidity: 84%

--- Emitting Weather Window: 08:27:28 ---
 -> Sent Weather | Zone: Hinjewadi     | Temp: 28.1°C | Humidity: 85%
 -> Sent Weather | Zone: FC Road       | Temp: 27.9°C | Humidity: 84%
 -> Sent Weather | Zone: Kothrud       | Temp: 27.8°C | Humidity: 86%
 -> Sent Weather | Zone: Hadapsar      | Temp: 28.2°C | Humidity: 84%
 -> Sent Weather | Zone: Shivajinagar  | Temp: 27.8°C | Humidity: 84%

--- Emitting Weather Window: 08:27:50 ---
⚠️ API Fetch error: HTTPSConnectionPool(host='api.open-meteo.com', port=443): Read timed out. (read timeout=10)
 -> Sent Weather | Zone: Hinjewadi     | Temp: 31.7°C | Humidity: 59%
 -> Sent Weather | Zone: FC Road       | Temp: 27.9°C | Humidity: 84%
⚠️ API Fetch error: HTTPSConnectionPool(host='api.open-meteo.com', port=443): Read timed out. (read timeout=10)
 -> Sent Weather | Zone: Kothrud       | Temp: 32.1°C | Humidity: 60%
 -> Sent Weather | Zone: Hadapsar      | Temp: 28.1°C | Humidity: 84%
 -> Sent Weather | Zone: Shivajinagar  | Temp: 27.7°C | Humidity: 84%

--- Emitting Weather Window: 08:28:29 ---
 -> Sent Weather | Zone: Hinjewadi     | Temp: 27.9°C | Humidity: 85%
 -> Sent Weather | Zone: FC Road       | Temp: 28.0°C | Humidity: 85%
 -> Sent Weather | Zone: Kothrud       | Temp: 28.3°C | Humidity: 87%
 -> Sent Weather | Zone: Hadapsar      | Temp: 28.6°C | Humidity: 85%
 -> Sent Weather | Zone: Shivajinagar  | Temp: 28.0°C | Humidity: 85%

--- Emitting Weather Window: 08:28:52 ---
 -> Sent Weather | Zone: Hinjewadi     | Temp: 27.9°C | Humidity: 85%
 -> Sent Weather | Zone: FC Road       | Temp: 28.0°C | Humidity: 85%
 -> Sent Weather | Zone: Kothrud       | Temp: 27.8°C | Humidity: 86%
 -> Sent Weather | Zone: Hadapsar      | Temp: 28.5°C | Humidity: 85%
 -> Sent Weather | Zone: Shivajinagar  | Temp: 28.1°C | Humidity: 85%

--- Emitting Weather Window: 08:29:15 ---
 -> Sent Weather | Zone: Hinjewadi     | Temp: 27.8°C | Humidity: 85%
 -> Sent Weather | Zone: FC Road       | Temp: 27.7°C | Humidity: 84%
 -> Sent Weather | Zone: Kothrud       | Temp: 27.7°C | Humidity: 86%
 -> Sent Weather | Zone: Hadapsar      | Temp: 28.2°C | Humidity: 84%
 -> Sent Weather | Zone: Shivajinagar  | Temp: 28.0°C | Humidity: 85%

--- Emitting Weather Window: 08:29:37 ---
 -> Sent Weather | Zone: Hinjewadi     | Temp: 28.2°C | Humidity: 86%
 -> Sent Weather | Zone: FC Road       | Temp: 28.0°C | Humidity: 85%
 -> Sent Weather | Zone: Kothrud       | Temp: 28.1°C | Humidity: 87%
 -> Sent Weather | Zone: Hadapsar      | Temp: 28.3°C | Humidity: 84%
 -> Sent Weather | Zone: Shivajinagar  | Temp: 27.7°C | Humidity: 84%

--- Emitting Weather Window: 08:29:58 ---
⚠️ API Fetch error: HTTPSConnectionPool(host='api.open-meteo.com', port=443): Read timed out. (read timeout=10)
 -> Sent Weather | Zone: Hinjewadi     | Temp: 32.2°C | Humidity: 60%
⚠️ API Fetch error: HTTPSConnectionPool(host='api.open-meteo.com', port=443): Read timed out. (read timeout=10)
 -> Sent Weather | Zone: FC Road       | Temp: 32.0°C | Humidity: 59%
 -> Sent Weather | Zone: Kothrud       | Temp: 28.3°C | Humidity: 86%
 -> Sent Weather | Zone: Hadapsar      | Temp: 29.0°C | Humidity: 85%
 -> Sent Weather | Zone: Shivajinagar  | Temp: 28.5°C | Humidity: 85%

--- Emitting Weather Window: 08:30:48 ---
 -> Sent Weather | Zone: Hinjewadi     | Temp: 28.6°C | Humidity: 85%
 -> Sent Weather | Zone: FC Road       | Temp: 28.4°C | Humidity: 84%
 -> Sent Weather | Zone: Kothrud       | Temp: 28.8°C | Humidity: 87%
 -> Sent Weather | Zone: Hadapsar      | Temp: 28.8°C | Humidity: 84%
 -> Sent Weather | Zone: Shivajinagar  | Temp: 28.7°C | Humidity: 85%

--- Emitting Weather Window: 08:31:11 ---
 -> Sent Weather | Zone: Hinjewadi     | Temp: 28.9°C | Humidity: 86%
 -> Sent Weather | Zone: FC Road       | Temp: 28.7°C | Humidity: 85%
 -> Sent Weather | Zone: Kothrud       | Temp: 28.3°C | Humidity: 86%
 -> Sent Weather | Zone: Hadapsar      | Temp: 28.8°C | Humidity: 84%
 -> Sent Weather | Zone: Shivajinagar  | Temp: 28.2°C | Humidity: 84%

--- Emitting Weather Window: 08:31:32 ---
 -> Sent Weather | Zone: Hinjewadi     | Temp: 28.8°C | Humidity: 86%
 -> Sent Weather | Zone: FC Road       | Temp: 28.2°C | Humidity: 84%
 -> Sent Weather | Zone: Kothrud       | Temp: 28.8°C | Humidity: 87%
 -> Sent Weather | Zone: Hadapsar      | Temp: 28.9°C | Humidity: 84%
 -> Sent Weather | Zone: Shivajinagar  | Temp: 28.7°C | Humidity: 85%

--- Emitting Weather Window: 08:31:53 ---
 -> Sent Weather | Zone: Hinjewadi     | Temp: 28.6°C | Humidity: 85%
 -> Sent Weather | Zone: FC Road       | Temp: 28.5°C | Humidity: 85%
 -> Sent Weather | Zone: Kothrud       | Temp: 28.6°C | Humidity: 87%
 -> Sent Weather | Zone: Hadapsar      | Temp: 28.7°C | Humidity: 84%
 -> Sent Weather | Zone: Shivajinagar  | Temp: 28.2°C | Humidity: 84%

--- Emitting Weather Window: 08:32:15 ---
 -> Sent Weather | Zone: Hinjewadi     | Temp: 28.7°C | Humidity: 85%
 -> Sent Weather | Zone: FC Road       | Temp: 28.6°C | Humidity: 85%
 -> Sent Weather | Zone: Kothrud       | Temp: 28.4°C | Humidity: 86%
 -> Sent Weather | Zone: Hadapsar      | Temp: 28.8°C | Humidity: 84%
 -> Sent Weather | Zone: Shivajinagar  | Temp: 28.3°C | Humidity: 84%

--- Emitting Weather Window: 08:32:37 ---
 -> Sent Weather | Zone: Hinjewadi     | Temp: 28.9°C | Humidity: 86%
 -> Sent Weather | Zone: FC Road       | Temp: 28.3°C | Humidity: 84%
 -> Sent Weather | Zone: Kothrud       | Temp: 28.9°C | Humidity: 87%
 -> Sent Weather | Zone: Hadapsar      | Temp: 28.9°C | Humidity: 84%
⚠️ API Fetch error: HTTPSConnectionPool(host='api.open-meteo.com', port=443): Read timed out. (read timeout=10)
 -> Sent Weather | Zone: Shivajinagar  | Temp: 31.9°C | Humidity: 59%

--- Emitting Weather Window: 08:33:07 ---
 -> Sent Weather | Zone: Hinjewadi     | Temp: 29.0°C | Humidity: 86%
 -> Sent Weather | Zone: FC Road       | Temp: 28.2°C | Humidity: 84%
 -> Sent Weather | Zone: Kothrud       | Temp: 28.5°C | Humidity: 86%
 -> Sent Weather | Zone: Hadapsar      | Temp: 28.7°C | Humidity: 84%
 -> Sent Weather | Zone: Shivajinagar  | Temp: 28.8°C | Humidity: 85%

--- Emitting Weather Window: 08:33:30 ---
⚠️ API Fetch error: HTTPSConnectionPool(host='api.open-meteo.com', port=443): Read timed out. (read timeout=10)
 -> Sent Weather | Zone: Hinjewadi     | Temp: 32.1°C | Humidity: 60%
 -> Sent Weather | Zone: FC Road       | Temp: 28.6°C | Humidity: 85%
 -> Sent Weather | Zone: Kothrud       | Temp: 28.4°C | Humidity: 86%
 -> Sent Weather | Zone: Hadapsar      | Temp: 28.9°C | Humidity: 84%
 -> Sent Weather | Zone: Shivajinagar  | Temp: 28.3°C | Humidity: 84%

--- Emitting Weather Window: 08:34:02 ---
 -> Sent Weather | Zone: Hinjewadi     | Temp: 28.4°C | Humidity: 85%
 -> Sent Weather | Zone: FC Road       | Temp: 28.6°C | Humidity: 85%
 -> Sent Weather | Zone: Kothrud       | Temp: 28.8°C | Humidity: 87%
 -> Sent Weather | Zone: Hadapsar      | Temp: 28.8°C | Humidity: 84%
 -> Sent Weather | Zone: Shivajinagar  | Temp: 28.5°C | Humidity: 84%

--- Emitting Weather Window: 08:34:30 ---
 -> Sent Weather | Zone: Hinjewadi     | Temp: 28.7°C | Humidity: 85%
 -> Sent Weather | Zone: FC Road       | Temp: 28.6°C | Humidity: 85%
 -> Sent Weather | Zone: Kothrud       | Temp: 28.7°C | Humidity: 87%
 -> Sent Weather | Zone: Hadapsar      | Temp: 28.7°C | Humidity: 84%
 -> Sent Weather | Zone: Shivajinagar  | Temp: 28.6°C | Humidity: 85%

--- Emitting Weather Window: 08:34:51 ---
 -> Sent Weather | Zone: Hinjewadi     | Temp: 28.7°C | Humidity: 86%
 -> Sent Weather | Zone: FC Road       | Temp: 28.6°C | Humidity: 85%
 -> Sent Weather | Zone: Kothrud       | Temp: 28.6°C | Humidity: 86%
 -> Sent Weather | Zone: Hadapsar      | Temp: 29.1°C | Humidity: 85%
 -> Sent Weather | Zone: Shivajinagar  | Temp: 28.2°C | Humidity: 84%

--- Emitting Weather Window: 08:35:13 ---
 -> Sent Weather | Zone: Hinjewadi     | Temp: 28.6°C | Humidity: 85%
 -> Sent Weather | Zone: FC Road       | Temp: 28.6°C | Humidity: 85%
 -> Sent Weather | Zone: Kothrud       | Temp: 28.6°C | Humidity: 86%
 -> Sent Weather | Zone: Hadapsar      | Temp: 29.1°C | Humidity: 85%
 -> Sent Weather | Zone: Shivajinagar  | Temp: 28.3°C | Humidity: 84%

--- Emitting Weather Window: 08:35:34 ---
 -> Sent Weather | Zone: Hinjewadi     | Temp: 28.5°C | Humidity: 85%
 -> Sent Weather | Zone: FC Road       | Temp: 28.5°C | Humidity: 85%
 -> Sent Weather | Zone: Kothrud       | Temp: 28.8°C | Humidity: 87%
 -> Sent Weather | Zone: Hadapsar      | Temp: 28.8°C | Humidity: 84%
 -> Sent Weather | Zone: Shivajinagar  | Temp: 28.7°C | Humidity: 85%

--- Emitting Weather Window: 08:35:56 ---
 -> Sent Weather | Zone: Hinjewadi     | Temp: 28.7°C | Humidity: 85%
 -> Sent Weather | Zone: FC Road       | Temp: 28.2°C | Humidity: 84%
 -> Sent Weather | Zone: Kothrud       | Temp: 28.6°C | Humidity: 87%
 -> Sent Weather | Zone: Hadapsar      | Temp: 29.1°C | Humidity: 85%
 -> Sent Weather | Zone: Shivajinagar  | Temp: 28.7°C | Humidity: 85%

--- Emitting Weather Window: 08:36:20 ---
 -> Sent Weather | Zone: Hinjewadi     | Temp: 28.6°C | Humidity: 85%
 -> Sent Weather | Zone: FC Road       | Temp: 28.6°C | Humidity: 85%
 -> Sent Weather | Zone: Kothrud       | Temp: 28.6°C | Humidity: 87%
 -> Sent Weather | Zone: Hadapsar      | Temp: 29.0°C | Humidity: 85%
 -> Sent Weather | Zone: Shivajinagar  | Temp: 28.4°C | Humidity: 84%

--- Emitting Weather Window: 08:36:47 ---
 -> Sent Weather | Zone: Hinjewadi     | Temp: 28.8°C | Humidity: 86%
 -> Sent Weather | Zone: FC Road       | Temp: 28.5°C | Humidity: 84%
 -> Sent Weather | Zone: Kothrud       | Temp: 28.8°C | Humidity: 87%
 -> Sent Weather | Zone: Hadapsar      | Temp: 28.7°C | Humidity: 84%
 -> Sent Weather | Zone: Shivajinagar  | Temp: 28.5°C | Humidity: 85%

--- Emitting Weather Window: 08:37:10 ---
 -> Sent Weather | Zone: Hinjewadi     | Temp: 28.8°C | Humidity: 86%
 -> Sent Weather | Zone: FC Road       | Temp: 28.5°C | Humidity: 85%
 -> Sent Weather | Zone: Kothrud       | Temp: 28.5°C | Humidity: 86%
 -> Sent Weather | Zone: Hadapsar      | Temp: 29.0°C | Humidity: 85%
 -> Sent Weather | Zone: Shivajinagar  | Temp: 28.4°C | Humidity: 84%

--- Emitting Weather Window: 08:37:34 ---
 -> Sent Weather | Zone: Hinjewadi     | Temp: 28.6°C | Humidity: 85%
 -> Sent Weather | Zone: FC Road       | Temp: 28.4°C | Humidity: 84%
 -> Sent Weather | Zone: Kothrud       | Temp: 28.5°C | Humidity: 86%
 -> Sent Weather | Zone: Hadapsar      | Temp: 29.1°C | Humidity: 85%
 -> Sent Weather | Zone: Shivajinagar  | Temp: 28.4°C | Humidity: 84%

--- Emitting Weather Window: 08:38:00 ---
 -> Sent Weather | Zone: Hinjewadi     | Temp: 28.9°C | Humidity: 86%
 -> Sent Weather | Zone: FC Road       | Temp: 28.7°C | Humidity: 85%
 -> Sent Weather | Zone: Kothrud       | Temp: 28.6°C | Humidity: 86%
 -> Sent Weather | Zone: Hadapsar      | Temp: 28.9°C | Humidity: 84%
 -> Sent Weather | Zone: Shivajinagar  | Temp: 28.7°C | Humidity: 85%

--- Emitting Weather Window: 08:38:21 ---
 -> Sent Weather | Zone: Hinjewadi     | Temp: 28.5°C | Humidity: 85%
 -> Sent Weather | Zone: FC Road       | Temp: 28.6°C | Humidity: 85%
 -> Sent Weather | Zone: Kothrud       | Temp: 28.7°C | Humidity: 87%
 -> Sent Weather | Zone: Hadapsar      | Temp: 28.8°C | Humidity: 84%
 -> Sent Weather | Zone: Shivajinagar  | Temp: 28.7°C | Humidity: 85%

--- Emitting Weather Window: 08:38:44 ---
 -> Sent Weather | Zone: Hinjewadi     | Temp: 28.5°C | Humidity: 85%
 -> Sent Weather | Zone: FC Road       | Temp: 28.3°C | Humidity: 84%
 -> Sent Weather | Zone: Kothrud       | Temp: 28.7°C | Humidity: 87%
 -> Sent Weather | Zone: Hadapsar      | Temp: 28.9°C | Humidity: 84%
 -> Sent Weather | Zone: Shivajinagar  | Temp: 28.3°C | Humidity: 84%

--- Emitting Weather Window: 08:39:08 ---
 -> Sent Weather | Zone: Hinjewadi     | Temp: 29.0°C | Humidity: 86%
 -> Sent Weather | Zone: FC Road       | Temp: 28.3°C | Humidity: 84%
 -> Sent Weather | Zone: Kothrud       | Temp: 28.5°C | Humidity: 86%
 -> Sent Weather | Zone: Hadapsar      | Temp: 29.2°C | Humidity: 85%
 -> Sent Weather | Zone: Shivajinagar  | Temp: 28.8°C | Humidity: 85%

--- Emitting Weather Window: 08:39:29 ---
 -> Sent Weather | Zone: Hinjewadi     | Temp: 28.9°C | Humidity: 86%
 -> Sent Weather | Zone: FC Road       | Temp: 28.6°C | Humidity: 85%
 -> Sent Weather | Zone: Kothrud       | Temp: 28.6°C | Humidity: 86%
 -> Sent Weather | Zone: Hadapsar      | Temp: 29.1°C | Humidity: 85%
 -> Sent Weather | Zone: Shivajinagar  | Temp: 28.2°C | Humidity: 84%

--- Emitting Weather Window: 08:39:53 ---
 -> Sent Weather | Zone: Hinjewadi     | Temp: 28.7°C | Humidity: 85%
 -> Sent Weather | Zone: FC Road       | Temp: 28.7°C | Humidity: 85%
 -> Sent Weather | Zone: Kothrud       | Temp: 28.3°C | Humidity: 86%
 -> Sent Weather | Zone: Hadapsar      | Temp: 29.1°C | Humidity: 85%
 -> Sent Weather | Zone: Shivajinagar  | Temp: 28.6°C | Humidity: 85%

--- Emitting Weather Window: 08:40:22 ---
 -> Sent Weather | Zone: Hinjewadi     | Temp: 28.8°C | Humidity: 86%
 -> Sent Weather | Zone: FC Road       | Temp: 28.4°C | Humidity: 84%
 -> Sent Weather | Zone: Kothrud       | Temp: 28.9°C | Humidity: 87%
 -> Sent Weather | Zone: Hadapsar      | Temp: 28.7°C | Humidity: 84%
 -> Sent Weather | Zone: Shivajinagar  | Temp: 28.6°C | Humidity: 85%

--- Emitting Weather Window: 08:40:45 ---
 -> Sent Weather | Zone: Hinjewadi     | Temp: 28.7°C | Humidity: 86%
 -> Sent Weather | Zone: FC Road       | Temp: 28.5°C | Humidity: 84%
 -> Sent Weather | Zone: Kothrud       | Temp: 28.8°C | Humidity: 87%
 -> Sent Weather | Zone: Hadapsar      | Temp: 29.0°C | Humidity: 85%
 -> Sent Weather | Zone: Shivajinagar  | Temp: 28.4°C | Humidity: 84%

--- Emitting Weather Window: 08:41:06 ---
 -> Sent Weather | Zone: Hinjewadi     | Temp: 28.5°C | Humidity: 85%
 -> Sent Weather | Zone: FC Road       | Temp: 28.6°C | Humidity: 85%
 -> Sent Weather | Zone: Kothrud       | Temp: 28.3°C | Humidity: 86%
 -> Sent Weather | Zone: Hadapsar      | Temp: 29.1°C | Humidity: 85%
 -> Sent Weather | Zone: Shivajinagar  | Temp: 28.5°C | Humidity: 84%

--- Emitting Weather Window: 08:41:28 ---
 -> Sent Weather | Zone: Hinjewadi     | Temp: 28.7°C | Humidity: 85%
 -> Sent Weather | Zone: FC Road       | Temp: 28.6°C | Humidity: 85%
 -> Sent Weather | Zone: Kothrud       | Temp: 28.9°C | Humidity: 87%
 -> Sent Weather | Zone: Hadapsar      | Temp: 28.8°C | Humidity: 84%
 -> Sent Weather | Zone: Shivajinagar  | Temp: 28.2°C | Humidity: 84%

--- Emitting Weather Window: 08:41:51 ---
 -> Sent Weather | Zone: Hinjewadi     | Temp: 28.5°C | Humidity: 85%
 -> Sent Weather | Zone: FC Road       | Temp: 28.6°C | Humidity: 85%
 -> Sent Weather | Zone: Kothrud       | Temp: 28.5°C | Humidity: 86%
 -> Sent Weather | Zone: Hadapsar      | Temp: 29.1°C | Humidity: 85%
 -> Sent Weather | Zone: Shivajinagar  | Temp: 28.8°C | Humidity: 85%

--- Emitting Weather Window: 08:42:13 ---
 -> Sent Weather | Zone: Hinjewadi     | Temp: 28.8°C | Humidity: 86%
 -> Sent Weather | Zone: FC Road       | Temp: 28.4°C | Humidity: 84%
 -> Sent Weather | Zone: Kothrud       | Temp: 28.7°C | Humidity: 87%
 -> Sent Weather | Zone: Hadapsar      | Temp: 28.6°C | Humidity: 84%
 -> Sent Weather | Zone: Shivajinagar  | Temp: 28.5°C | Humidity: 84%

--- Emitting Weather Window: 08:42:34 ---
 -> Sent Weather | Zone: Hinjewadi     | Temp: 28.4°C | Humidity: 85%
 -> Sent Weather | Zone: FC Road       | Temp: 28.4°C | Humidity: 84%
 -> Sent Weather | Zone: Kothrud       | Temp: 28.5°C | Humidity: 86%
 -> Sent Weather | Zone: Hadapsar      | Temp: 29.1°C | Humidity: 85%
 -> Sent Weather | Zone: Shivajinagar  | Temp: 28.7°C | Humidity: 85%

--- Emitting Weather Window: 08:43:01 ---
 -> Sent Weather | Zone: Hinjewadi     | Temp: 28.5°C | Humidity: 85%
 -> Sent Weather | Zone: FC Road       | Temp: 28.4°C | Humidity: 84%
 -> Sent Weather | Zone: Kothrud       | Temp: 28.3°C | Humidity: 86%
 -> Sent Weather | Zone: Hadapsar      | Temp: 29.2°C | Humidity: 85%
 -> Sent Weather | Zone: Shivajinagar  | Temp: 28.6°C | Humidity: 85%

--- Emitting Weather Window: 08:43:30 ---
 -> Sent Weather | Zone: Hinjewadi     | Temp: 28.6°C | Humidity: 85%
 -> Sent Weather | Zone: FC Road       | Temp: 28.6°C | Humidity: 85%
 -> Sent Weather | Zone: Kothrud       | Temp: 28.8°C | Humidity: 87%
 -> Sent Weather | Zone: Hadapsar      | Temp: 28.8°C | Humidity: 84%
 -> Sent Weather | Zone: Shivajinagar  | Temp: 28.5°C | Humidity: 85%

--- Emitting Weather Window: 08:43:53 ---
 -> Sent Weather | Zone: Hinjewadi     | Temp: 28.6°C | Humidity: 85%
 -> Sent Weather | Zone: FC Road       | Temp: 28.6°C | Humidity: 85%
 -> Sent Weather | Zone: Kothrud       | Temp: 28.4°C | Humidity: 86%
 -> Sent Weather | Zone: Hadapsar      | Temp: 28.8°C | Humidity: 84%
 -> Sent Weather | Zone: Shivajinagar  | Temp: 28.6°C | Humidity: 85%

--- Emitting Weather Window: 08:44:17 ---
 -> Sent Weather | Zone: Hinjewadi     | Temp: 28.8°C | Humidity: 86%
 -> Sent Weather | Zone: FC Road       | Temp: 28.7°C | Humidity: 85%
 -> Sent Weather | Zone: Kothrud       | Temp: 28.7°C | Humidity: 87%
 -> Sent Weather | Zone: Hadapsar      | Temp: 29.1°C | Humidity: 85%
 -> Sent Weather | Zone: Shivajinagar  | Temp: 28.6°C | Humidity: 85%

--- Emitting Weather Window: 08:44:40 ---
 -> Sent Weather | Zone: Hinjewadi     | Temp: 28.9°C | Humidity: 86%
 -> Sent Weather | Zone: FC Road       | Temp: 28.6°C | Humidity: 85%
 -> Sent Weather | Zone: Kothrud       | Temp: 28.5°C | Humidity: 86%
 -> Sent Weather | Zone: Hadapsar      | Temp: 28.7°C | Humidity: 84%
 -> Sent Weather | Zone: Shivajinagar  | Temp: 28.4°C | Humidity: 84%

--- Emitting Weather Window: 08:45:04 ---
 -> Sent Weather | Zone: Hinjewadi     | Temp: 29.0°C | Humidity: 85%
⚠️ API Fetch error: HTTPSConnectionPool(host='api.open-meteo.com', port=443): Read timed out. (read timeout=10)
 -> Sent Weather | Zone: FC Road       | Temp: 32.0°C | Humidity: 59%
⚠️ API Fetch error: ('Connection aborted.', ConnectionResetError(104, 'Connection reset by peer'))
 -> Sent Weather | Zone: Kothrud       | Temp: 32.2°C | Humidity: 60%
 -> Sent Weather | Zone: Hadapsar      | Temp: 29.8°C | Humidity: 85%
 -> Sent Weather | Zone: Shivajinagar  | Temp: 29.0°C | Humidity: 84%

--- Emitting Weather Window: 08:45:36 ---
 -> Sent Weather | Zone: Hinjewadi     | Temp: 29.1°C | Humidity: 85%
 -> Sent Weather | Zone: FC Road       | Temp: 29.3°C | Humidity: 85%
 -> Sent Weather | Zone: Kothrud       | Temp: 29.0°C | Humidity: 86%
 -> Sent Weather | Zone: Hadapsar      | Temp: 29.8°C | Humidity: 85%
 -> Sent Weather | Zone: Shivajinagar  | Temp: 29.1°C | Humidity: 84%

--- Emitting Weather Window: 08:45:56 ---
 -> Sent Weather | Zone: Hinjewadi     | Temp: 29.4°C | Humidity: 86%
 -> Sent Weather | Zone: FC Road       | Temp: 29.3°C | Humidity: 85%
 -> Sent Weather | Zone: Kothrud       | Temp: 29.3°C | Humidity: 87%
 -> Sent Weather | Zone: Hadapsar      | Temp: 29.4°C | Humidity: 84%
 -> Sent Weather | Zone: Shivajinagar  | Temp: 29.0°C | Humidity: 84%

--- Emitting Weather Window: 08:46:18 ---
 -> Sent Weather | Zone: Hinjewadi     | Temp: 29.5°C | Humidity: 86%
 -> Sent Weather | Zone: FC Road       | Temp: 29.2°C | Humidity: 85%
 -> Sent Weather | Zone: Kothrud       | Temp: 29.2°C | Humidity: 86%
 -> Sent Weather | Zone: Hadapsar      | Temp: 29.3°C | Humidity: 84%
 -> Sent Weather | Zone: Shivajinagar  | Temp: 28.9°C | Humidity: 84%

--- Emitting Weather Window: 08:46:40 ---
 -> Sent Weather | Zone: Hinjewadi     | Temp: 29.1°C | Humidity: 85%
 -> Sent Weather | Zone: FC Road       | Temp: 29.1°C | Humidity: 84%
 -> Sent Weather | Zone: Kothrud       | Temp: 29.4°C | Humidity: 87%
 -> Sent Weather | Zone: Hadapsar      | Temp: 29.5°C | Humidity: 85%
 -> Sent Weather | Zone: Shivajinagar  | Temp: 29.0°C | Humidity: 84%

--- Emitting Weather Window: 08:47:02 ---
 -> Sent Weather | Zone: Hinjewadi     | Temp: 29.5°C | Humidity: 86%
 -> Sent Weather | Zone: FC Road       | Temp: 29.2°C | Humidity: 85%
 -> Sent Weather | Zone: Kothrud       | Temp: 29.5°C | Humidity: 87%
 -> Sent Weather | Zone: Hadapsar      | Temp: 29.4°C | Humidity: 84%
 -> Sent Weather | Zone: Shivajinagar  | Temp: 29.2°C | Humidity: 85%

--- Emitting Weather Window: 08:47:24 ---
 -> Sent Weather | Zone: Hinjewadi     | Temp: 29.4°C | Humidity: 86%
 -> Sent Weather | Zone: FC Road       | Temp: 29.1°C | Humidity: 84%
 -> Sent Weather | Zone: Kothrud       | Temp: 29.2°C | Humidity: 87%
 -> Sent Weather | Zone: Hadapsar      | Temp: 29.6°C | Humidity: 85%
 -> Sent Weather | Zone: Shivajinagar  | Temp: 29.2°C | Humidity: 85%

--- Emitting Weather Window: 08:47:46 ---
 -> Sent Weather | Zone: Hinjewadi     | Temp: 29.5°C | Humidity: 86%
 -> Sent Weather | Zone: FC Road       | Temp: 28.8°C | Humidity: 84%
 -> Sent Weather | Zone: Kothrud       | Temp: 29.0°C | Humidity: 86%
 -> Sent Weather | Zone: Hadapsar      | Temp: 29.3°C | Humidity: 84%
 -> Sent Weather | Zone: Shivajinagar  | Temp: 29.1°C | Humidity: 84%

--- Emitting Weather Window: 08:48:11 ---
 -> Sent Weather | Zone: Hinjewadi     | Temp: 28.9°C | Humidity: 85%
 -> Sent Weather | Zone: FC Road       | Temp: 28.9°C | Humidity: 84%
 -> Sent Weather | Zone: Kothrud       | Temp: 29.0°C | Humidity: 86%
 -> Sent Weather | Zone: Hadapsar      | Temp: 29.5°C | Humidity: 85%
 -> Sent Weather | Zone: Shivajinagar  | Temp: 29.3°C | Humidity: 85%

--- Emitting Weather Window: 08:48:33 ---
 -> Sent Weather | Zone: Hinjewadi     | Temp: 29.5°C | Humidity: 86%
 -> Sent Weather | Zone: FC Road       | Temp: 29.2°C | Humidity: 85%
 -> Sent Weather | Zone: Kothrud       | Temp: 29.5°C | Humidity: 87%
 -> Sent Weather | Zone: Hadapsar      | Temp: 29.8°C | Humidity: 85%
 -> Sent Weather | Zone: Shivajinagar  | Temp: 29.2°C | Humidity: 85%

--- Emitting Weather Window: 08:48:55 ---
 -> Sent Weather | Zone: Hinjewadi     | Temp: 29.2°C | Humidity: 85%
 -> Sent Weather | Zone: FC Road       | Temp: 29.1°C | Humidity: 84%
 -> Sent Weather | Zone: Kothrud       | Temp: 29.3°C | Humidity: 87%
 -> Sent Weather | Zone: Hadapsar      | Temp: 29.4°C | Humidity: 84%
 -> Sent Weather | Zone: Shivajinagar  | Temp: 29.3°C | Humidity: 85%

--- Emitting Weather Window: 08:49:17 ---
 -> Sent Weather | Zone: Hinjewadi     | Temp: 29.2°C | Humidity: 86%
 -> Sent Weather | Zone: FC Road       | Temp: 28.8°C | Humidity: 84%
 -> Sent Weather | Zone: Kothrud       | Temp: 28.9°C | Humidity: 86%
 -> Sent Weather | Zone: Hadapsar      | Temp: 29.2°C | Humidity: 84%
 -> Sent Weather | Zone: Shivajinagar  | Temp: 29.4°C | Humidity: 85%

--- Emitting Weather Window: 08:49:39 ---
 -> Sent Weather | Zone: Hinjewadi     | Temp: 29.2°C | Humidity: 85%
 -> Sent Weather | Zone: FC Road       | Temp: 29.3°C | Humidity: 85%
 -> Sent Weather | Zone: Kothrud       | Temp: 29.3°C | Humidity: 87%
 -> Sent Weather | Zone: Hadapsar      | Temp: 29.8°C | Humidity: 85%
 -> Sent Weather | Zone: Shivajinagar  | Temp: 29.1°C | Humidity: 84%

--- Emitting Weather Window: 08:50:01 ---
 -> Sent Weather | Zone: Hinjewadi     | Temp: 29.5°C | Humidity: 86%
 -> Sent Weather | Zone: FC Road       | Temp: 29.3°C | Humidity: 85%
 -> Sent Weather | Zone: Kothrud       | Temp: 29.1°C | Humidity: 86%
 -> Sent Weather | Zone: Hadapsar      | Temp: 29.4°C | Humidity: 84%
 -> Sent Weather | Zone: Shivajinagar  | Temp: 29.3°C | Humidity: 85%
✅ Weather Kafka Producer initialized.
🚀 Weather Streaming Engine Activated.

--- Emitting Weather Window: 08:51:13 ---
 -> Sent Weather | Zone: Hinjewadi     | Temp: 29.3°C | Humidity: 86%
 -> Sent Weather | Zone: FC Road       | Temp: 28.9°C | Humidity: 84%
 -> Sent Weather | Zone: Kothrud       | Temp: 28.9°C | Humidity: 86%
 -> Sent Weather | Zone: Hadapsar      | Temp: 29.4°C | Humidity: 84%
 -> Sent Weather | Zone: Shivajinagar  | Temp: 29.1°C | Humidity: 85%

--- Emitting Weather Window: 08:51:35 ---
 -> Sent Weather | Zone: Hinjewadi     | Temp: 29.3°C | Humidity: 86%
 -> Sent Weather | Zone: FC Road       | Temp: 29.1°C | Humidity: 84%
 -> Sent Weather | Zone: Kothrud       | Temp: 29.4°C | Humidity: 87%
 -> Sent Weather | Zone: Hadapsar      | Temp: 29.8°C | Humidity: 85%
 -> Sent Weather | Zone: Shivajinagar  | Temp: 29.2°C | Humidity: 85%

--- Emitting Weather Window: 08:51:57 ---
 -> Sent Weather | Zone: Hinjewadi     | Temp: 29.2°C | Humidity: 86%
 -> Sent Weather | Zone: FC Road       | Temp: 29.2°C | Humidity: 85%
 -> Sent Weather | Zone: Kothrud       | Temp: 28.9°C | Humidity: 86%
 -> Sent Weather | Zone: Hadapsar      | Temp: 29.5°C | Humidity: 85%
 -> Sent Weather | Zone: Shivajinagar  | Temp: 28.8°C | Humidity: 84%

--- Emitting Weather Window: 08:52:18 ---
 -> Sent Weather | Zone: Hinjewadi     | Temp: 29.1°C | Humidity: 85%
 -> Sent Weather | Zone: FC Road       | Temp: 28.8°C | Humidity: 84%
 -> Sent Weather | Zone: Kothrud       | Temp: 29.1°C | Humidity: 86%
 -> Sent Weather | Zone: Hadapsar      | Temp: 29.2°C | Humidity: 84%
 -> Sent Weather | Zone: Shivajinagar  | Temp: 29.1°C | Humidity: 85%

--- Emitting Weather Window: 08:52:40 ---
 -> Sent Weather | Zone: Hinjewadi     | Temp: 29.1°C | Humidity: 85%
 -> Sent Weather | Zone: FC Road       | Temp: 29.3°C | Humidity: 85%
 -> Sent Weather | Zone: Kothrud       | Temp: 29.3°C | Humidity: 87%
 -> Sent Weather | Zone: Hadapsar      | Temp: 29.7°C | Humidity: 85%
 -> Sent Weather | Zone: Shivajinagar  | Temp: 28.8°C | Humidity: 84%

--- Emitting Weather Window: 08:53:02 ---
 -> Sent Weather | Zone: Hinjewadi     | Temp: 29.3°C | Humidity: 86%
 -> Sent Weather | Zone: FC Road       | Temp: 29.0°C | Humidity: 84%
 -> Sent Weather | Zone: Kothrud       | Temp: 29.1°C | Humidity: 86%
 -> Sent Weather | Zone: Hadapsar      | Temp: 29.5°C | Humidity: 84%
 -> Sent Weather | Zone: Shivajinagar  | Temp: 29.0°C | Humidity: 84%

--- Emitting Weather Window: 08:53:24 ---
 -> Sent Weather | Zone: Hinjewadi     | Temp: 29.1°C | Humidity: 85%
 -> Sent Weather | Zone: FC Road       | Temp: 28.9°C | Humidity: 84%
 -> Sent Weather | Zone: Kothrud       | Temp: 29.3°C | Humidity: 87%
 -> Sent Weather | Zone: Hadapsar      | Temp: 29.4°C | Humidity: 84%
 -> Sent Weather | Zone: Shivajinagar  | Temp: 29.1°C | Humidity: 85%

--- Emitting Weather Window: 08:53:48 ---
 -> Sent Weather | Zone: Hinjewadi     | Temp: 29.1°C | Humidity: 85%
 -> Sent Weather | Zone: FC Road       | Temp: 28.8°C | Humidity: 84%
 -> Sent Weather | Zone: Kothrud       | Temp: 29.5°C | Humidity: 87%
 -> Sent Weather | Zone: Hadapsar      | Temp: 29.7°C | Humidity: 85%
 -> Sent Weather | Zone: Shivajinagar  | Temp: 29.2°C | Humidity: 85%

--- Emitting Weather Window: 08:54:12 ---
 -> Sent Weather | Zone: Hinjewadi     | Temp: 29.4°C | Humidity: 86%
 -> Sent Weather | Zone: FC Road       | Temp: 28.8°C | Humidity: 84%
 -> Sent Weather | Zone: Kothrud       | Temp: 29.3°C | Humidity: 87%
⚠️ API Fetch error: HTTPSConnectionPool(host='api.open-meteo.com', port=443): Read timed out. (read timeout=10)
 -> Sent Weather | Zone: Hadapsar      | Temp: 31.8°C | Humidity: 59%
 -> Sent Weather | Zone: Shivajinagar  | Temp: 29.0°C | Humidity: 84%

--- Emitting Weather Window: 08:54:43 ---
 -> Sent Weather | Zone: Hinjewadi     | Temp: 29.1°C | Humidity: 85%
 -> Sent Weather | Zone: FC Road       | Temp: 29.1°C | Humidity: 84%
⚠️ API Fetch error: HTTPSConnectionPool(host='api.open-meteo.com', port=443): Read timed out. (read timeout=10)
 -> Sent Weather | Zone: Kothrud       | Temp: 32.2°C | Humidity: 60%
⚠️ API Fetch error: HTTPSConnectionPool(host='api.open-meteo.com', port=443): Max retries exceeded with url: /v1/forecast?latitude=18.5089&longitude=73.926&current_weather=True&hourly=relativehumidity_2m%2Cprecipitation%2Csurface_pressure (Caused by NameResolutionError("<urllib3.connection.HTTPSConnection object at 0x7374bf7bd670>: Failed to resolve 'api.open-meteo.com' ([Errno -2] Name or service not known)"))
 -> Sent Weather | Zone: Hadapsar      | Temp: 32.2°C | Humidity: 60%
⚠️ API Fetch error: HTTPSConnectionPool(host='api.open-meteo.com', port=443): Max retries exceeded with url: /v1/forecast?latitude=18.5308&longitude=73.8474&current_weather=True&hourly=relativehumidity_2m%2Cprecipitation%2Csurface_pressure (Caused by NameResolutionError("<urllib3.connection.HTTPSConnection object at 0x7374bf76ab10>: Failed to resolve 'api.open-meteo.com' ([Errno -2] Name or service not known)"))
 -> Sent Weather | Zone: Shivajinagar  | Temp: 32.3°C | Humidity: 60%

--- Emitting Weather Window: 09:01:07 ---
 -> Sent Weather | Zone: Hinjewadi     | Temp: 30.0°C | Humidity: 86%
 -> Sent Weather | Zone: FC Road       | Temp: 29.5°C | Humidity: 84%
 -> Sent Weather | Zone: Kothrud       | Temp: 29.6°C | Humidity: 86%
 -> Sent Weather | Zone: Hadapsar      | Temp: 30.1°C | Humidity: 84%
 -> Sent Weather | Zone: Shivajinagar  | Temp: 29.5°C | Humidity: 84%

--- Emitting Weather Window: 09:01:29 ---
 -> Sent Weather | Zone: Hinjewadi     | Temp: 29.5°C | Humidity: 85%
 -> Sent Weather | Zone: FC Road       | Temp: 29.7°C | Humidity: 84%
 -> Sent Weather | Zone: Kothrud       | Temp: 30.0°C | Humidity: 87%
 -> Sent Weather | Zone: Hadapsar      | Temp: 30.0°C | Humidity: 84%
 -> Sent Weather | Zone: Shivajinagar  | Temp: 30.0°C | Humidity: 85%

--- Emitting Weather Window: 09:01:53 ---
 -> Sent Weather | Zone: Hinjewadi     | Temp: 29.9°C | Humidity: 86%
 -> Sent Weather | Zone: FC Road       | Temp: 30.1°C | Humidity: 85%
 -> Sent Weather | Zone: Kothrud       | Temp: 30.0°C | Humidity: 87%
 -> Sent Weather | Zone: Hadapsar      | Temp: 29.9°C | Humidity: 84%
 -> Sent Weather | Zone: Shivajinagar  | Temp: 29.8°C | Humidity: 85%

--- Emitting Weather Window: 09:02:15 ---
 -> Sent Weather | Zone: Hinjewadi     | Temp: 29.6°C | Humidity: 85%
 -> Sent Weather | Zone: FC Road       | Temp: 29.5°C | Humidity: 84%
 -> Sent Weather | Zone: Kothrud       | Temp: 29.9°C | Humidity: 86%
 -> Sent Weather | Zone: Hadapsar      | Temp: 30.1°C | Humidity: 85%
 -> Sent Weather | Zone: Shivajinagar  | Temp: 29.6°C | Humidity: 84%

--- Emitting Weather Window: 09:02:37 ---
 -> Sent Weather | Zone: Hinjewadi     | Temp: 29.6°C | Humidity: 85%
 -> Sent Weather | Zone: FC Road       | Temp: 29.9°C | Humidity: 85%
 -> Sent Weather | Zone: Kothrud       | Temp: 29.8°C | Humidity: 86%
 -> Sent Weather | Zone: Hadapsar      | Temp: 29.9°C | Humidity: 84%
 -> Sent Weather | Zone: Shivajinagar  | Temp: 29.7°C | Humidity: 84%

--- Emitting Weather Window: 09:03:00 ---
 -> Sent Weather | Zone: Hinjewadi     | Temp: 29.7°C | Humidity: 85%
 -> Sent Weather | Zone: FC Road       | Temp: 29.9°C | Humidity: 85%
 -> Sent Weather | Zone: Kothrud       | Temp: 30.1°C | Humidity: 87%
 -> Sent Weather | Zone: Hadapsar      | Temp: 30.4°C | Humidity: 85%
 -> Sent Weather | Zone: Shivajinagar  | Temp: 29.7°C | Humidity: 84%

--- Emitting Weather Window: 09:03:23 ---
 -> Sent Weather | Zone: Hinjewadi     | Temp: 29.6°C | Humidity: 85%
 -> Sent Weather | Zone: FC Road       | Temp: 29.8°C | Humidity: 84%
 -> Sent Weather | Zone: Kothrud       | Temp: 30.1°C | Humidity: 87%
 -> Sent Weather | Zone: Hadapsar      | Temp: 30.2°C | Humidity: 85%
 -> Sent Weather | Zone: Shivajinagar  | Temp: 29.7°C | Humidity: 84%

--- Emitting Weather Window: 09:03:44 ---
 -> Sent Weather | Zone: Hinjewadi     | Temp: 30.1°C | Humidity: 86%
 -> Sent Weather | Zone: FC Road       | Temp: 30.1°C | Humidity: 85%
 -> Sent Weather | Zone: Kothrud       | Temp: 29.8°C | Humidity: 86%
 -> Sent Weather | Zone: Hadapsar      | Temp: 30.4°C | Humidity: 85%
 -> Sent Weather | Zone: Shivajinagar  | Temp: 29.8°C | Humidity: 85%

--- Emitting Weather Window: 09:04:06 ---
 -> Sent Weather | Zone: Hinjewadi     | Temp: 29.9°C | Humidity: 86%
 -> Sent Weather | Zone: FC Road       | Temp: 29.7°C | Humidity: 84%
 -> Sent Weather | Zone: Kothrud       | Temp: 29.7°C | Humidity: 86%
 -> Sent Weather | Zone: Hadapsar      | Temp: 29.9°C | Humidity: 84%
 -> Sent Weather | Zone: Shivajinagar  | Temp: 29.9°C | Humidity: 85%

--- Emitting Weather Window: 09:04:28 ---
 -> Sent Weather | Zone: Hinjewadi     | Temp: 29.6°C | Humidity: 85%
 -> Sent Weather | Zone: FC Road       | Temp: 30.0°C | Humidity: 85%
 -> Sent Weather | Zone: Kothrud       | Temp: 29.7°C | Humidity: 86%
 -> Sent Weather | Zone: Hadapsar      | Temp: 30.2°C | Humidity: 85%
 -> Sent Weather | Zone: Shivajinagar  | Temp: 29.6°C | Humidity: 84%

--- Emitting Weather Window: 09:04:51 ---
 -> Sent Weather | Zone: Hinjewadi     | Temp: 29.9°C | Humidity: 86%
 -> Sent Weather | Zone: FC Road       | Temp: 29.8°C | Humidity: 84%
 -> Sent Weather | Zone: Kothrud       | Temp: 29.7°C | Humidity: 86%
 -> Sent Weather | Zone: Hadapsar      | Temp: 29.8°C | Humidity: 84%
 -> Sent Weather | Zone: Shivajinagar  | Temp: 29.6°C | Humidity: 84%

--- Emitting Weather Window: 09:05:13 ---
 -> Sent Weather | Zone: Hinjewadi     | Temp: 29.6°C | Humidity: 85%
⚠️ API Fetch error: ('Connection aborted.', ConnectionResetError(104, 'Connection reset by peer'))
 -> Sent Weather | Zone: FC Road       | Temp: 31.8°C | Humidity: 59%
 -> Sent Weather | Zone: Kothrud       | Temp: 29.8°C | Humidity: 86%
⚠️ API Fetch error: HTTPSConnectionPool(host='api.open-meteo.com', port=443): Read timed out. (read timeout=10)
 -> Sent Weather | Zone: Hadapsar      | Temp: 31.8°C | Humidity: 59%
 -> Sent Weather | Zone: Shivajinagar  | Temp: 29.8°C | Humidity: 84%

--- Emitting Weather Window: 09:05:54 ---
 -> Sent Weather | Zone: Hinjewadi     | Temp: 29.8°C | Humidity: 86%
 -> Sent Weather | Zone: FC Road       | Temp: 29.9°C | Humidity: 85%
 -> Sent Weather | Zone: Kothrud       | Temp: 29.7°C | Humidity: 86%
 -> Sent Weather | Zone: Hadapsar      | Temp: 30.3°C | Humidity: 85%
 -> Sent Weather | Zone: Shivajinagar  | Temp: 29.8°C | Humidity: 84%

--- Emitting Weather Window: 09:06:16 ---
 -> Sent Weather | Zone: Hinjewadi     | Temp: 29.6°C | Humidity: 85%
 -> Sent Weather | Zone: FC Road       | Temp: 29.6°C | Humidity: 84%
 -> Sent Weather | Zone: Kothrud       | Temp: 29.9°C | Humidity: 86%
 -> Sent Weather | Zone: Hadapsar      | Temp: 30.2°C | Humidity: 85%
 -> Sent Weather | Zone: Shivajinagar  | Temp: 29.7°C | Humidity: 84%

--- Emitting Weather Window: 09:06:38 ---
 -> Sent Weather | Zone: Hinjewadi     | Temp: 29.5°C | Humidity: 85%
 -> Sent Weather | Zone: FC Road       | Temp: 29.8°C | Humidity: 84%
 -> Sent Weather | Zone: Kothrud       | Temp: 30.0°C | Humidity: 87%
 -> Sent Weather | Zone: Hadapsar      | Temp: 29.9°C | Humidity: 84%
 -> Sent Weather | Zone: Shivajinagar  | Temp: 29.7°C | Humidity: 84%

--- Emitting Weather Window: 09:07:03 ---
 -> Sent Weather | Zone: Hinjewadi     | Temp: 29.7°C | Humidity: 85%
 -> Sent Weather | Zone: FC Road       | Temp: 30.0°C | Humidity: 85%
 -> Sent Weather | Zone: Kothrud       | Temp: 29.8°C | Humidity: 86%
 -> Sent Weather | Zone: Hadapsar      | Temp: 29.8°C | Humidity: 84%
 -> Sent Weather | Zone: Shivajinagar  | Temp: 29.8°C | Humidity: 85%

--- Emitting Weather Window: 09:07:25 ---
 -> Sent Weather | Zone: Hinjewadi     | Temp: 29.8°C | Humidity: 85%
 -> Sent Weather | Zone: FC Road       | Temp: 29.7°C | Humidity: 84%
 -> Sent Weather | Zone: Kothrud       | Temp: 29.6°C | Humidity: 86%
 -> Sent Weather | Zone: Hadapsar      | Temp: 30.1°C | Humidity: 84%
 -> Sent Weather | Zone: Shivajinagar  | Temp: 29.9°C | Humidity: 85%

--- Emitting Weather Window: 09:07:49 ---
 -> Sent Weather | Zone: Hinjewadi     | Temp: 29.6°C | Humidity: 85%
 -> Sent Weather | Zone: FC Road       | Temp: 30.0°C | Humidity: 85%
 -> Sent Weather | Zone: Kothrud       | Temp: 30.0°C | Humidity: 87%
 -> Sent Weather | Zone: Hadapsar      | Temp: 29.8°C | Humidity: 84%
 -> Sent Weather | Zone: Shivajinagar  | Temp: 30.0°C | Humidity: 85%

--- Emitting Weather Window: 09:08:10 ---
 -> Sent Weather | Zone: Hinjewadi     | Temp: 29.7°C | Humidity: 85%
 -> Sent Weather | Zone: FC Road       | Temp: 29.8°C | Humidity: 85%
 -> Sent Weather | Zone: Kothrud       | Temp: 29.7°C | Humidity: 86%
 -> Sent Weather | Zone: Hadapsar      | Temp: 30.2°C | Humidity: 85%
 -> Sent Weather | Zone: Shivajinagar  | Temp: 30.0°C | Humidity: 85%

--- Emitting Weather Window: 09:08:34 ---
 -> Sent Weather | Zone: Hinjewadi     | Temp: 29.9°C | Humidity: 86%
 -> Sent Weather | Zone: FC Road       | Temp: 29.7°C | Humidity: 84%
 -> Sent Weather | Zone: Kothrud       | Temp: 29.8°C | Humidity: 86%
 -> Sent Weather | Zone: Hadapsar      | Temp: 30.1°C | Humidity: 84%
 -> Sent Weather | Zone: Shivajinagar  | Temp: 29.7°C | Humidity: 84%

--- Emitting Weather Window: 09:08:57 ---
 -> Sent Weather | Zone: Hinjewadi     | Temp: 30.1°C | Humidity: 86%
 -> Sent Weather | Zone: FC Road       | Temp: 29.9°C | Humidity: 85%
 -> Sent Weather | Zone: Kothrud       | Temp: 30.0°C | Humidity: 87%
 -> Sent Weather | Zone: Hadapsar      | Temp: 30.4°C | Humidity: 85%
 -> Sent Weather | Zone: Shivajinagar  | Temp: 30.1°C | Humidity: 85%

--- Emitting Weather Window: 09:09:22 ---
 -> Sent Weather | Zone: Hinjewadi     | Temp: 30.0°C | Humidity: 86%
 -> Sent Weather | Zone: FC Road       | Temp: 29.5°C | Humidity: 84%
 -> Sent Weather | Zone: Kothrud       | Temp: 30.2°C | Humidity: 87%
 -> Sent Weather | Zone: Hadapsar      | Temp: 30.2°C | Humidity: 85%
 -> Sent Weather | Zone: Shivajinagar  | Temp: 29.7°C | Humidity: 84%

--- Emitting Weather Window: 09:09:44 ---
 -> Sent Weather | Zone: Hinjewadi     | Temp: 29.8°C | Humidity: 86%
 -> Sent Weather | Zone: FC Road       | Temp: 29.9°C | Humidity: 85%
 -> Sent Weather | Zone: Kothrud       | Temp: 30.1°C | Humidity: 87%
 -> Sent Weather | Zone: Hadapsar      | Temp: 29.9°C | Humidity: 84%
 -> Sent Weather | Zone: Shivajinagar  | Temp: 29.5°C | Humidity: 84%

--- Emitting Weather Window: 09:10:05 ---
 -> Sent Weather | Zone: Hinjewadi     | Temp: 30.0°C | Humidity: 86%
 -> Sent Weather | Zone: FC Road       | Temp: 29.8°C | Humidity: 84%
 -> Sent Weather | Zone: Kothrud       | Temp: 29.7°C | Humidity: 86%
 -> Sent Weather | Zone: Hadapsar      | Temp: 29.9°C | Humidity: 84%
 -> Sent Weather | Zone: Shivajinagar  | Temp: 29.6°C | Humidity: 84%

--- Emitting Weather Window: 09:10:35 ---
 -> Sent Weather | Zone: Hinjewadi     | Temp: 29.7°C | Humidity: 85%
 -> Sent Weather | Zone: FC Road       | Temp: 29.6°C | Humidity: 84%
 -> Sent Weather | Zone: Kothrud       | Temp: 29.8°C | Humidity: 86%
 -> Sent Weather | Zone: Hadapsar      | Temp: 30.3°C | Humidity: 85%
 -> Sent Weather | Zone: Shivajinagar  | Temp: 29.6°C | Humidity: 84%

--- Emitting Weather Window: 09:10:57 ---
 -> Sent Weather | Zone: Hinjewadi     | Temp: 29.9°C | Humidity: 86%
 -> Sent Weather | Zone: FC Road       | Temp: 29.7°C | Humidity: 84%
 -> Sent Weather | Zone: Kothrud       | Temp: 30.0°C | Humidity: 87%
 -> Sent Weather | Zone: Hadapsar      | Temp: 29.9°C | Humidity: 84%
 -> Sent Weather | Zone: Shivajinagar  | Temp: 29.7°C | Humidity: 84%

--- Emitting Weather Window: 09:11:18 ---
 -> Sent Weather | Zone: Hinjewadi     | Temp: 29.7°C | Humidity: 85%
 -> Sent Weather | Zone: FC Road       | Temp: 29.7°C | Humidity: 84%
 -> Sent Weather | Zone: Kothrud       | Temp: 29.9°C | Humidity: 87%
 -> Sent Weather | Zone: Hadapsar      | Temp: 30.0°C | Humidity: 84%
 -> Sent Weather | Zone: Shivajinagar  | Temp: 29.7°C | Humidity: 84%

--- Emitting Weather Window: 09:11:41 ---
 -> Sent Weather | Zone: Hinjewadi     | Temp: 30.0°C | Humidity: 86%
 -> Sent Weather | Zone: FC Road       | Temp: 29.6°C | Humidity: 84%
 -> Sent Weather | Zone: Kothrud       | Temp: 29.8°C | Humidity: 86%
 -> Sent Weather | Zone: Hadapsar      | Temp: 29.9°C | Humidity: 84%
 -> Sent Weather | Zone: Shivajinagar  | Temp: 29.7°C | Humidity: 84%

--- Emitting Weather Window: 09:12:03 ---
 -> Sent Weather | Zone: Hinjewadi     | Temp: 30.0°C | Humidity: 86%
 -> Sent Weather | Zone: FC Road       | Temp: 29.8°C | Humidity: 84%
⚠️ API Fetch error: HTTPSConnectionPool(host='api.open-meteo.com', port=443): Read timed out. (read timeout=10)
 -> Sent Weather | Zone: Kothrud       | Temp: 32.3°C | Humidity: 60%
 -> Sent Weather | Zone: Hadapsar      | Temp: 30.1°C | Humidity: 85%
 -> Sent Weather | Zone: Shivajinagar  | Temp: 29.9°C | Humidity: 85%

--- Emitting Weather Window: 09:12:35 ---
 -> Sent Weather | Zone: Hinjewadi     | Temp: 29.6°C | Humidity: 85%
 -> Sent Weather | Zone: FC Road       | Temp: 29.7°C | Humidity: 84%
 -> Sent Weather | Zone: Kothrud       | Temp: 30.0°C | Humidity: 87%
 -> Sent Weather | Zone: Hadapsar      | Temp: 30.0°C | Humidity: 84%
 -> Sent Weather | Zone: Shivajinagar  | Temp: 29.7°C | Humidity: 84%

--- Emitting Weather Window: 09:12:56 ---
 -> Sent Weather | Zone: Hinjewadi     | Temp: 29.5°C | Humidity: 85%
 -> Sent Weather | Zone: FC Road       | Temp: 30.0°C | Humidity: 85%
 -> Sent Weather | Zone: Kothrud       | Temp: 29.7°C | Humidity: 86%
 -> Sent Weather | Zone: Hadapsar      | Temp: 30.3°C | Humidity: 85%
 -> Sent Weather | Zone: Shivajinagar  | Temp: 30.0°C | Humidity: 85%

--- Emitting Weather Window: 09:13:18 ---
 -> Sent Weather | Zone: Hinjewadi     | Temp: 30.0°C | Humidity: 86%
 -> Sent Weather | Zone: FC Road       | Temp: 29.8°C | Humidity: 84%
 -> Sent Weather | Zone: Kothrud       | Temp: 29.7°C | Humidity: 86%
 -> Sent Weather | Zone: Hadapsar      | Temp: 30.2°C | Humidity: 85%
 -> Sent Weather | Zone: Shivajinagar  | Temp: 29.8°C | Humidity: 85%

--- Emitting Weather Window: 09:13:44 ---
 -> Sent Weather | Zone: Hinjewadi     | Temp: 29.7°C | Humidity: 85%
 -> Sent Weather | Zone: FC Road       | Temp: 29.6°C | Humidity: 84%
 -> Sent Weather | Zone: Kothrud       | Temp: 29.7°C | Humidity: 86%
 -> Sent Weather | Zone: Hadapsar      | Temp: 30.0°C | Humidity: 84%
 -> Sent Weather | Zone: Shivajinagar  | Temp: 30.0°C | Humidity: 85%

--- Emitting Weather Window: 09:14:05 ---
 -> Sent Weather | Zone: Hinjewadi     | Temp: 29.7°C | Humidity: 85%
 -> Sent Weather | Zone: FC Road       | Temp: 29.8°C | Humidity: 85%
 -> Sent Weather | Zone: Kothrud       | Temp: 29.6°C | Humidity: 86%
 -> Sent Weather | Zone: Hadapsar      | Temp: 30.0°C | Humidity: 84%
 -> Sent Weather | Zone: Shivajinagar  | Temp: 30.0°C | Humidity: 85%

--- Emitting Weather Window: 09:14:28 ---
 -> Sent Weather | Zone: Hinjewadi     | Temp: 29.5°C | Humidity: 85%
 -> Sent Weather | Zone: FC Road       | Temp: 29.8°C | Humidity: 84%
 -> Sent Weather | Zone: Kothrud       | Temp: 29.8°C | Humidity: 86%
 -> Sent Weather | Zone: Hadapsar      | Temp: 29.8°C | Humidity: 84%
 -> Sent Weather | Zone: Shivajinagar  | Temp: 29.5°C | Humidity: 84%

--- Emitting Weather Window: 09:14:53 ---
 -> Sent Weather | Zone: Hinjewadi     | Temp: 29.8°C | Humidity: 85%
 -> Sent Weather | Zone: FC Road       | Temp: 30.0°C | Humidity: 85%
 -> Sent Weather | Zone: Kothrud       | Temp: 29.8°C | Humidity: 86%
 -> Sent Weather | Zone: Hadapsar      | Temp: 30.1°C | Humidity: 84%
 -> Sent Weather | Zone: Shivajinagar  | Temp: 30.3°C | Humidity: 84%

--- Emitting Weather Window: 09:15:17 ---
 -> Sent Weather | Zone: Hinjewadi     | Temp: 30.7°C | Humidity: 86%
 -> Sent Weather | Zone: FC Road       | Temp: 30.7°C | Humidity: 85%
 -> Sent Weather | Zone: Kothrud       | Temp: 30.5°C | Humidity: 86%
 -> Sent Weather | Zone: Hadapsar      | Temp: 30.9°C | Humidity: 85%
 -> Sent Weather | Zone: Shivajinagar  | Temp: 30.7°C | Humidity: 85%

--- Emitting Weather Window: 09:15:39 ---
 -> Sent Weather | Zone: Hinjewadi     | Temp: 30.3°C | Humidity: 85%
 -> Sent Weather | Zone: FC Road       | Temp: 30.6°C | Humidity: 85%
 -> Sent Weather | Zone: Kothrud       | Temp: 30.7°C | Humidity: 87%
 -> Sent Weather | Zone: Hadapsar      | Temp: 30.6°C | Humidity: 85%
 -> Sent Weather | Zone: Shivajinagar  | Temp: 30.3°C | Humidity: 84%

--- Emitting Weather Window: 09:16:01 ---
 -> Sent Weather | Zone: Hinjewadi     | Temp: 30.7°C | Humidity: 86%
 -> Sent Weather | Zone: FC Road       | Temp: 30.3°C | Humidity: 84%
 -> Sent Weather | Zone: Kothrud       | Temp: 30.2°C | Humidity: 86%
⚠️ API Fetch error: HTTPSConnectionPool(host='api.open-meteo.com', port=443): Read timed out. (read timeout=10)
 -> Sent Weather | Zone: Hadapsar      | Temp: 32.1°C | Humidity: 60%
 -> Sent Weather | Zone: Shivajinagar  | Temp: 30.8°C | Humidity: 85%

--- Emitting Weather Window: 09:16:32 ---
 -> Sent Weather | Zone: Hinjewadi     | Temp: 30.5°C | Humidity: 86%
 -> Sent Weather | Zone: FC Road       | Temp: 30.2°C | Humidity: 84%
 -> Sent Weather | Zone: Kothrud       | Temp: 30.6°C | Humidity: 87%
 -> Sent Weather | Zone: Hadapsar      | Temp: 30.7°C | Humidity: 85%
 -> Sent Weather | Zone: Shivajinagar  | Temp: 30.5°C | Humidity: 85%

--- Emitting Weather Window: 09:16:55 ---
 -> Sent Weather | Zone: Hinjewadi     | Temp: 30.6°C | Humidity: 86%
 -> Sent Weather | Zone: FC Road       | Temp: 30.5°C | Humidity: 84%
 -> Sent Weather | Zone: Kothrud       | Temp: 30.7°C | Humidity: 87%
 -> Sent Weather | Zone: Hadapsar      | Temp: 30.5°C | Humidity: 84%
 -> Sent Weather | Zone: Shivajinagar  | Temp: 30.6°C | Humidity: 85%

--- Emitting Weather Window: 09:17:21 ---
 -> Sent Weather | Zone: Hinjewadi     | Temp: 30.2°C | Humidity: 85%
 -> Sent Weather | Zone: FC Road       | Temp: 30.8°C | Humidity: 85%
 -> Sent Weather | Zone: Kothrud       | Temp: 30.7°C | Humidity: 87%
 -> Sent Weather | Zone: Hadapsar      | Temp: 30.5°C | Humidity: 84%
 -> Sent Weather | Zone: Shivajinagar  | Temp: 30.4°C | Humidity: 84%

--- Emitting Weather Window: 09:17:43 ---
 -> Sent Weather | Zone: Hinjewadi     | Temp: 30.5°C | Humidity: 86%
 -> Sent Weather | Zone: FC Road       | Temp: 30.3°C | Humidity: 84%
 -> Sent Weather | Zone: Kothrud       | Temp: 30.5°C | Humidity: 87%
 -> Sent Weather | Zone: Hadapsar      | Temp: 30.3°C | Humidity: 84%
 -> Sent Weather | Zone: Shivajinagar  | Temp: 30.6°C | Humidity: 85%

--- Emitting Weather Window: 11:09:30 ---
⚠️ API Fetch error: HTTPSConnectionPool(host='api.open-meteo.com', port=443): Max retries exceeded with url: /v1/forecast?latitude=18.5912&longitude=73.7389&current_weather=True&hourly=relativehumidity_2m%2Cprecipitation%2Csurface_pressure (Caused by NameResolutionError("<urllib3.connection.HTTPSConnection object at 0x7374bf7bd370>: Failed to resolve 'api.open-meteo.com' ([Errno -2] Name or service not known)"))
 -> Sent Weather | Zone: Hinjewadi     | Temp: 31.7°C | Humidity: 59%
⚠️ API Fetch error: HTTPSConnectionPool(host='api.open-meteo.com', port=443): Max retries exceeded with url: /v1/forecast?latitude=18.5236&longitude=73.8478&current_weather=True&hourly=relativehumidity_2m%2Cprecipitation%2Csurface_pressure (Caused by NameResolutionError("<urllib3.connection.HTTPSConnection object at 0x7374bf7bddf0>: Failed to resolve 'api.open-meteo.com' ([Errno -2] Name or service not known)"))
 -> Sent Weather | Zone: FC Road       | Temp: 32.1°C | Humidity: 60%
⚠️ API Fetch error: HTTPSConnectionPool(host='api.open-meteo.com', port=443): Max retries exceeded with url: /v1/forecast?latitude=18.5074&longitude=73.8077&current_weather=True&hourly=relativehumidity_2m%2Cprecipitation%2Csurface_pressure (Caused by NameResolutionError("<urllib3.connection.HTTPSConnection object at 0x7374bf98cd70>: Failed to resolve 'api.open-meteo.com' ([Errno -2] Name or service not known)"))
 -> Sent Weather | Zone: Kothrud       | Temp: 32.0°C | Humidity: 59%
⚠️ API Fetch error: HTTPSConnectionPool(host='api.open-meteo.com', port=443): Max retries exceeded with url: /v1/forecast?latitude=18.5089&longitude=73.926&current_weather=True&hourly=relativehumidity_2m%2Cprecipitation%2Csurface_pressure (Caused by NameResolutionError("<urllib3.connection.HTTPSConnection object at 0x7374bf797b90>: Failed to resolve 'api.open-meteo.com' ([Errno -2] Name or service not known)"))
 -> Sent Weather | Zone: Hadapsar      | Temp: 31.8°C | Humidity: 59%
⚠️ API Fetch error: HTTPSConnectionPool(host='api.open-meteo.com', port=443): Max retries exceeded with url: /v1/forecast?latitude=18.5308&longitude=73.8474&current_weather=True&hourly=relativehumidity_2m%2Cprecipitation%2Csurface_pressure (Caused by NameResolutionError("<urllib3.connection.HTTPSConnection object at 0x7374bf7bc800>: Failed to resolve 'api.open-meteo.com' ([Errno -2] Name or service not known)"))
 -> Sent Weather | Zone: Shivajinagar  | Temp: 32.1°C | Humidity: 60%

--- Emitting Weather Window: 11:09:45 ---
 -> Sent Weather | Zone: Hinjewadi     | Temp: 33.0°C | Humidity: 85%
 -> Sent Weather | Zone: FC Road       | Temp: 33.3°C | Humidity: 85%
 -> Sent Weather | Zone: Kothrud       | Temp: 33.4°C | Humidity: 87%
 -> Sent Weather | Zone: Hadapsar      | Temp: 33.4°C | Humidity: 84%
 -> Sent Weather | Zone: Shivajinagar  | Temp: 33.1°C | Humidity: 85%

--- Emitting Weather Window: 11:10:04 ---
 -> Sent Weather | Zone: Hinjewadi     | Temp: 33.0°C | Humidity: 85%
 -> Sent Weather | Zone: FC Road       | Temp: 33.3°C | Humidity: 85%
 -> Sent Weather | Zone: Kothrud       | Temp: 33.2°C | Humidity: 87%
 -> Sent Weather | Zone: Hadapsar      | Temp: 33.8°C | Humidity: 85%
 -> Sent Weather | Zone: Shivajinagar  | Temp: 33.4°C | Humidity: 85%

--- Emitting Weather Window: 11:10:33 ---
 -> Sent Weather | Zone: Hinjewadi     | Temp: 33.1°C | Humidity: 85%
 -> Sent Weather | Zone: FC Road       | Temp: 33.2°C | Humidity: 85%
 -> Sent Weather | Zone: Kothrud       | Temp: 33.2°C | Humidity: 87%
 -> Sent Weather | Zone: Hadapsar      | Temp: 33.5°C | Humidity: 84%
 -> Sent Weather | Zone: Shivajinagar  | Temp: 32.9°C | Humidity: 84%

--- Emitting Weather Window: 11:10:52 ---
 -> Sent Weather | Zone: Hinjewadi     | Temp: 33.0°C | Humidity: 85%
 -> Sent Weather | Zone: FC Road       | Temp: 33.1°C | Humidity: 84%
 -> Sent Weather | Zone: Kothrud       | Temp: 33.2°C | Humidity: 87%
 -> Sent Weather | Zone: Hadapsar      | Temp: 33.5°C | Humidity: 85%
 -> Sent Weather | Zone: Shivajinagar  | Temp: 33.0°C | Humidity: 84%

--- Emitting Weather Window: 11:11:13 ---
 -> Sent Weather | Zone: Hinjewadi     | Temp: 33.5°C | Humidity: 86%
 -> Sent Weather | Zone: FC Road       | Temp: 32.9°C | Humidity: 84%
 -> Sent Weather | Zone: Kothrud       | Temp: 32.9°C | Humidity: 86%
 -> Sent Weather | Zone: Hadapsar      | Temp: 33.5°C | Humidity: 84%
 -> Sent Weather | Zone: Shivajinagar  | Temp: 33.2°C | Humidity: 85%

--- Emitting Weather Window: 11:11:32 ---
 -> Sent Weather | Zone: Hinjewadi     | Temp: 33.3°C | Humidity: 86%
 -> Sent Weather | Zone: FC Road       | Temp: 33.0°C | Humidity: 84%
 -> Sent Weather | Zone: Kothrud       | Temp: 33.0°C | Humidity: 86%
 -> Sent Weather | Zone: Hadapsar      | Temp: 33.7°C | Humidity: 85%
 -> Sent Weather | Zone: Shivajinagar  | Temp: 33.2°C | Humidity: 85%

--- Emitting Weather Window: 11:11:51 ---
 -> Sent Weather | Zone: Hinjewadi     | Temp: 32.9°C | Humidity: 85%
 -> Sent Weather | Zone: FC Road       | Temp: 33.2°C | Humidity: 85%
 -> Sent Weather | Zone: Kothrud       | Temp: 33.1°C | Humidity: 87%
 -> Sent Weather | Zone: Hadapsar      | Temp: 33.7°C | Humidity: 85%
 -> Sent Weather | Zone: Shivajinagar  | Temp: 32.8°C | Humidity: 84%

--- Emitting Weather Window: 11:12:10 ---
 -> Sent Weather | Zone: Hinjewadi     | Temp: 33.3°C | Humidity: 86%
 -> Sent Weather | Zone: FC Road       | Temp: 33.4°C | Humidity: 85%
 -> Sent Weather | Zone: Kothrud       | Temp: 33.1°C | Humidity: 87%
 -> Sent Weather | Zone: Hadapsar      | Temp: 33.6°C | Humidity: 85%
 -> Sent Weather | Zone: Shivajinagar  | Temp: 33.0°C | Humidity: 84%

--- Emitting Weather Window: 11:12:29 ---
 -> Sent Weather | Zone: Hinjewadi     | Temp: 33.2°C | Humidity: 86%
 -> Sent Weather | Zone: FC Road       | Temp: 32.8°C | Humidity: 84%
 -> Sent Weather | Zone: Kothrud       | Temp: 33.2°C | Humidity: 87%
 -> Sent Weather | Zone: Hadapsar      | Temp: 33.6°C | Humidity: 85%
 -> Sent Weather | Zone: Shivajinagar  | Temp: 33.0°C | Humidity: 84%

--- Emitting Weather Window: 11:12:48 ---
 -> Sent Weather | Zone: Hinjewadi     | Temp: 33.5°C | Humidity: 86%
 -> Sent Weather | Zone: FC Road       | Temp: 33.4°C | Humidity: 85%
 -> Sent Weather | Zone: Kothrud       | Temp: 32.9°C | Humidity: 86%
 -> Sent Weather | Zone: Hadapsar      | Temp: 33.3°C | Humidity: 84%
 -> Sent Weather | Zone: Shivajinagar  | Temp: 33.3°C | Humidity: 85%

--- Emitting Weather Window: 11:13:08 ---
 -> Sent Weather | Zone: Hinjewadi     | Temp: 33.0°C | Humidity: 85%
 -> Sent Weather | Zone: FC Road       | Temp: 33.3°C | Humidity: 85%
 -> Sent Weather | Zone: Kothrud       | Temp: 32.8°C | Humidity: 86%
 -> Sent Weather | Zone: Hadapsar      | Temp: 33.7°C | Humidity: 85%
 -> Sent Weather | Zone: Shivajinagar  | Temp: 33.3°C | Humidity: 85%

--- Emitting Weather Window: 11:13:28 ---
 -> Sent Weather | Zone: Hinjewadi     | Temp: 33.2°C | Humidity: 86%
 -> Sent Weather | Zone: FC Road       | Temp: 33.1°C | Humidity: 85%
 -> Sent Weather | Zone: Kothrud       | Temp: 33.4°C | Humidity: 87%
 -> Sent Weather | Zone: Hadapsar      | Temp: 33.4°C | Humidity: 84%
 -> Sent Weather | Zone: Shivajinagar  | Temp: 33.2°C | Humidity: 85%

--- Emitting Weather Window: 11:13:47 ---
 -> Sent Weather | Zone: Hinjewadi     | Temp: 33.4°C | Humidity: 86%
 -> Sent Weather | Zone: FC Road       | Temp: 33.3°C | Humidity: 85%
 -> Sent Weather | Zone: Kothrud       | Temp: 33.3°C | Humidity: 87%
 -> Sent Weather | Zone: Hadapsar      | Temp: 33.7°C | Humidity: 85%
 -> Sent Weather | Zone: Shivajinagar  | Temp: 33.4°C | Humidity: 85%

--- Emitting Weather Window: 11:14:06 ---
 -> Sent Weather | Zone: Hinjewadi     | Temp: 33.2°C | Humidity: 86%
 -> Sent Weather | Zone: FC Road       | Temp: 33.1°C | Humidity: 84%
 -> Sent Weather | Zone: Kothrud       | Temp: 33.1°C | Humidity: 87%
 -> Sent Weather | Zone: Hadapsar      | Temp: 33.6°C | Humidity: 85%
 -> Sent Weather | Zone: Shivajinagar  | Temp: 32.9°C | Humidity: 84%

--- Emitting Weather Window: 11:14:25 ---
 -> Sent Weather | Zone: Hinjewadi     | Temp: 32.9°C | Humidity: 85%
 -> Sent Weather | Zone: FC Road       | Temp: 33.1°C | Humidity: 85%
 -> Sent Weather | Zone: Kothrud       | Temp: 33.4°C | Humidity: 87%
 -> Sent Weather | Zone: Hadapsar      | Temp: 33.4°C | Humidity: 84%
 -> Sent Weather | Zone: Shivajinagar  | Temp: 33.3°C | Humidity: 85%

--- Emitting Weather Window: 11:14:44 ---
 -> Sent Weather | Zone: Hinjewadi     | Temp: 33.4°C | Humidity: 86%
 -> Sent Weather | Zone: FC Road       | Temp: 32.9°C | Humidity: 84%
 -> Sent Weather | Zone: Kothrud       | Temp: 33.3°C | Humidity: 87%
 -> Sent Weather | Zone: Hadapsar      | Temp: 33.2°C | Humidity: 84%
 -> Sent Weather | Zone: Shivajinagar  | Temp: 33.0°C | Humidity: 84%

--- Emitting Weather Window: 11:15:06 ---
 -> Sent Weather | Zone: Hinjewadi     | Temp: 33.6°C | Humidity: 85%
 -> Sent Weather | Zone: FC Road       | Temp: 33.4°C | Humidity: 84%
 -> Sent Weather | Zone: Kothrud       | Temp: 33.5°C | Humidity: 87%
 -> Sent Weather | Zone: Hadapsar      | Temp: 33.9°C | Humidity: 85%
 -> Sent Weather | Zone: Shivajinagar  | Temp: 33.6°C | Humidity: 85%

--- Emitting Weather Window: 11:15:27 ---
 -> Sent Weather | Zone: Hinjewadi     | Temp: 34.0°C | Humidity: 86%
 -> Sent Weather | Zone: FC Road       | Temp: 33.4°C | Humidity: 84%
 -> Sent Weather | Zone: Kothrud       | Temp: 33.4°C | Humidity: 86%
 -> Sent Weather | Zone: Hadapsar      | Temp: 33.5°C | Humidity: 84%
 -> Sent Weather | Zone: Shivajinagar  | Temp: 33.6°C | Humidity: 85%

--- Emitting Weather Window: 11:15:47 ---
 -> Sent Weather | Zone: Hinjewadi     | Temp: 33.5°C | Humidity: 85%
 -> Sent Weather | Zone: FC Road       | Temp: 33.5°C | Humidity: 84%
 -> Sent Weather | Zone: Kothrud       | Temp: 33.2°C | Humidity: 86%
 -> Sent Weather | Zone: Hadapsar      | Temp: 34.1°C | Humidity: 85%
 -> Sent Weather | Zone: Shivajinagar  | Temp: 33.6°C | Humidity: 85%

--- Emitting Weather Window: 11:16:08 ---
 -> Sent Weather | Zone: Hinjewadi     | Temp: 33.7°C | Humidity: 85%
 -> Sent Weather | Zone: FC Road       | Temp: 33.3°C | Humidity: 84%
 -> Sent Weather | Zone: Kothrud       | Temp: 33.6°C | Humidity: 87%
 -> Sent Weather | Zone: Hadapsar      | Temp: 33.5°C | Humidity: 84%
 -> Sent Weather | Zone: Shivajinagar  | Temp: 33.8°C | Humidity: 85%

--- Emitting Weather Window: 11:16:29 ---
 -> Sent Weather | Zone: Hinjewadi     | Temp: 33.9°C | Humidity: 86%
 -> Sent Weather | Zone: FC Road       | Temp: 33.7°C | Humidity: 85%
 -> Sent Weather | Zone: Kothrud       | Temp: 33.8°C | Humidity: 87%
 -> Sent Weather | Zone: Hadapsar      | Temp: 33.6°C | Humidity: 84%
 -> Sent Weather | Zone: Shivajinagar  | Temp: 33.4°C | Humidity: 84%

--- Emitting Weather Window: 11:16:51 ---
 -> Sent Weather | Zone: Hinjewadi     | Temp: 33.7°C | Humidity: 85%
 -> Sent Weather | Zone: FC Road       | Temp: 33.2°C | Humidity: 84%
 -> Sent Weather | Zone: Kothrud       | Temp: 33.3°C | Humidity: 86%
 -> Sent Weather | Zone: Hadapsar      | Temp: 33.7°C | Humidity: 84%
 -> Sent Weather | Zone: Shivajinagar  | Temp: 33.4°C | Humidity: 84%

--- Emitting Weather Window: 11:17:12 ---
 -> Sent Weather | Zone: Hinjewadi     | Temp: 33.5°C | Humidity: 85%
 -> Sent Weather | Zone: FC Road       | Temp: 33.6°C | Humidity: 85%
 -> Sent Weather | Zone: Kothrud       | Temp: 33.5°C | Humidity: 87%
 -> Sent Weather | Zone: Hadapsar      | Temp: 34.1°C | Humidity: 85%
⚠️ API Fetch error: HTTPSConnectionPool(host='api.open-meteo.com', port=443): Read timed out. (read timeout=10)
 -> Sent Weather | Zone: Shivajinagar  | Temp: 32.0°C | Humidity: 60%

--- Emitting Weather Window: 11:17:44 ---
 -> Sent Weather | Zone: Hinjewadi     | Temp: 33.7°C | Humidity: 85%
 -> Sent Weather | Zone: FC Road       | Temp: 33.7°C | Humidity: 85%
 -> Sent Weather | Zone: Kothrud       | Temp: 33.7°C | Humidity: 87%
 -> Sent Weather | Zone: Hadapsar      | Temp: 33.8°C | Humidity: 85%
 -> Sent Weather | Zone: Shivajinagar  | Temp: 33.2°C | Humidity: 84%

--- Emitting Weather Window: 11:18:11 ---
 -> Sent Weather | Zone: Hinjewadi     | Temp: 33.8°C | Humidity: 86%
 -> Sent Weather | Zone: FC Road       | Temp: 33.6°C | Humidity: 85%
 -> Sent Weather | Zone: Kothrud       | Temp: 33.3°C | Humidity: 86%
 -> Sent Weather | Zone: Hadapsar      | Temp: 33.8°C | Humidity: 84%
 -> Sent Weather | Zone: Shivajinagar  | Temp: 33.8°C | Humidity: 85%

--- Emitting Weather Window: 11:18:31 ---
 -> Sent Weather | Zone: Hinjewadi     | Temp: 33.6°C | Humidity: 85%
 -> Sent Weather | Zone: FC Road       | Temp: 33.6°C | Humidity: 85%
 -> Sent Weather | Zone: Kothrud       | Temp: 33.5°C | Humidity: 86%
 -> Sent Weather | Zone: Hadapsar      | Temp: 33.6°C | Humidity: 84%
 -> Sent Weather | Zone: Shivajinagar  | Temp: 33.7°C | Humidity: 85%

--- Emitting Weather Window: 11:18:53 ---
 -> Sent Weather | Zone: Hinjewadi     | Temp: 33.7°C | Humidity: 85%
 -> Sent Weather | Zone: FC Road       | Temp: 33.6°C | Humidity: 85%
 -> Sent Weather | Zone: Kothrud       | Temp: 33.2°C | Humidity: 86%
 -> Sent Weather | Zone: Hadapsar      | Temp: 33.8°C | Humidity: 85%
 -> Sent Weather | Zone: Shivajinagar  | Temp: 33.4°C | Humidity: 84%

--- Emitting Weather Window: 11:19:13 ---
 -> Sent Weather | Zone: Hinjewadi     | Temp: 34.1°C | Humidity: 86%
 -> Sent Weather | Zone: FC Road       | Temp: 33.7°C | Humidity: 85%
 -> Sent Weather | Zone: Kothrud       | Temp: 33.7°C | Humidity: 87%
 -> Sent Weather | Zone: Hadapsar      | Temp: 34.0°C | Humidity: 85%
 -> Sent Weather | Zone: Shivajinagar  | Temp: 33.7°C | Humidity: 85%

--- Emitting Weather Window: 11:19:38 ---
 -> Sent Weather | Zone: Hinjewadi     | Temp: 33.5°C | Humidity: 85%
 -> Sent Weather | Zone: FC Road       | Temp: 33.3°C | Humidity: 84%
 -> Sent Weather | Zone: Kothrud       | Temp: 33.3°C | Humidity: 86%
 -> Sent Weather | Zone: Hadapsar      | Temp: 33.6°C | Humidity: 84%
 -> Sent Weather | Zone: Shivajinagar  | Temp: 33.4°C | Humidity: 84%

--- Emitting Weather Window: 11:20:01 ---
 -> Sent Weather | Zone: Hinjewadi     | Temp: 33.6°C | Humidity: 85%
 -> Sent Weather | Zone: FC Road       | Temp: 33.4°C | Humidity: 84%
 -> Sent Weather | Zone: Kothrud       | Temp: 33.8°C | Humidity: 87%
 -> Sent Weather | Zone: Hadapsar      | Temp: 33.6°C | Humidity: 84%
 -> Sent Weather | Zone: Shivajinagar  | Temp: 33.8°C | Humidity: 85%

--- Emitting Weather Window: 11:20:35 ---
 -> Sent Weather | Zone: Hinjewadi     | Temp: 33.8°C | Humidity: 85%
 -> Sent Weather | Zone: FC Road       | Temp: 33.4°C | Humidity: 84%
 -> Sent Weather | Zone: Kothrud       | Temp: 33.6°C | Humidity: 87%
 -> Sent Weather | Zone: Hadapsar      | Temp: 34.1°C | Humidity: 85%
 -> Sent Weather | Zone: Shivajinagar  | Temp: 33.5°C | Humidity: 85%

--- Emitting Weather Window: 11:20:55 ---
 -> Sent Weather | Zone: Hinjewadi     | Temp: 33.9°C | Humidity: 86%
 -> Sent Weather | Zone: FC Road       | Temp: 33.4°C | Humidity: 84%
 -> Sent Weather | Zone: Kothrud       | Temp: 33.8°C | Humidity: 87%
 -> Sent Weather | Zone: Hadapsar      | Temp: 33.8°C | Humidity: 85%
 -> Sent Weather | Zone: Shivajinagar  | Temp: 33.5°C | Humidity: 85%

--- Emitting Weather Window: 11:21:16 ---
 -> Sent Weather | Zone: Hinjewadi     | Temp: 33.5°C | Humidity: 85%
 -> Sent Weather | Zone: FC Road       | Temp: 33.3°C | Humidity: 84%
 -> Sent Weather | Zone: Kothrud       | Temp: 33.7°C | Humidity: 87%
 -> Sent Weather | Zone: Hadapsar      | Temp: 33.5°C | Humidity: 84%
 -> Sent Weather | Zone: Shivajinagar  | Temp: 33.6°C | Humidity: 85%

--- Emitting Weather Window: 11:21:36 ---
 -> Sent Weather | Zone: Hinjewadi     | Temp: 33.7°C | Humidity: 85%
 -> Sent Weather | Zone: FC Road       | Temp: 33.8°C | Humidity: 85%
 -> Sent Weather | Zone: Kothrud       | Temp: 33.4°C | Humidity: 86%
 -> Sent Weather | Zone: Hadapsar      | Temp: 34.0°C | Humidity: 85%
 -> Sent Weather | Zone: Shivajinagar  | Temp: 33.5°C | Humidity: 85%

--- Emitting Weather Window: 11:21:57 ---
 -> Sent Weather | Zone: Hinjewadi     | Temp: 34.0°C | Humidity: 86%
 -> Sent Weather | Zone: FC Road       | Temp: 33.5°C | Humidity: 85%
 -> Sent Weather | Zone: Kothrud       | Temp: 33.7°C | Humidity: 87%
 -> Sent Weather | Zone: Hadapsar      | Temp: 34.1°C | Humidity: 85%
 -> Sent Weather | Zone: Shivajinagar  | Temp: 33.4°C | Humidity: 84%

--- Emitting Weather Window: 11:22:27 ---
 -> Sent Weather | Zone: Hinjewadi     | Temp: 33.5°C | Humidity: 85%
 -> Sent Weather | Zone: FC Road       | Temp: 33.2°C | Humidity: 84%
 -> Sent Weather | Zone: Kothrud       | Temp: 33.8°C | Humidity: 87%
 -> Sent Weather | Zone: Hadapsar      | Temp: 33.8°C | Humidity: 84%
 -> Sent Weather | Zone: Shivajinagar  | Temp: 33.6°C | Humidity: 85%

--- Emitting Weather Window: 11:22:55 ---
 -> Sent Weather | Zone: Hinjewadi     | Temp: 33.5°C | Humidity: 85%
 -> Sent Weather | Zone: FC Road       | Temp: 33.2°C | Humidity: 84%
 -> Sent Weather | Zone: Kothrud       | Temp: 33.5°C | Humidity: 86%
 -> Sent Weather | Zone: Hadapsar      | Temp: 33.6°C | Humidity: 84%
 -> Sent Weather | Zone: Shivajinagar  | Temp: 33.6°C | Humidity: 85%

--- Emitting Weather Window: 11:23:16 ---
 -> Sent Weather | Zone: Hinjewadi     | Temp: 33.9°C | Humidity: 86%
 -> Sent Weather | Zone: FC Road       | Temp: 33.2°C | Humidity: 84%
 -> Sent Weather | Zone: Kothrud       | Temp: 33.4°C | Humidity: 86%
 -> Sent Weather | Zone: Hadapsar      | Temp: 34.1°C | Humidity: 85%
 -> Sent Weather | Zone: Shivajinagar  | Temp: 33.5°C | Humidity: 84%

--- Emitting Weather Window: 11:23:36 ---
 -> Sent Weather | Zone: Hinjewadi     | Temp: 34.1°C | Humidity: 86%
 -> Sent Weather | Zone: FC Road       | Temp: 33.7°C | Humidity: 85%
 -> Sent Weather | Zone: Kothrud       | Temp: 33.2°C | Humidity: 86%
 -> Sent Weather | Zone: Hadapsar      | Temp: 33.8°C | Humidity: 84%
 -> Sent Weather | Zone: Shivajinagar  | Temp: 33.6°C | Humidity: 85%

--- Emitting Weather Window: 11:23:58 ---
 -> Sent Weather | Zone: Hinjewadi     | Temp: 33.7°C | Humidity: 85%
 -> Sent Weather | Zone: FC Road       | Temp: 33.8°C | Humidity: 85%
 -> Sent Weather | Zone: Kothrud       | Temp: 33.7°C | Humidity: 87%
 -> Sent Weather | Zone: Hadapsar      | Temp: 33.7°C | Humidity: 84%
 -> Sent Weather | Zone: Shivajinagar  | Temp: 33.2°C | Humidity: 84%

--- Emitting Weather Window: 11:24:19 ---
 -> Sent Weather | Zone: Hinjewadi     | Temp: 33.5°C | Humidity: 85%
 -> Sent Weather | Zone: FC Road       | Temp: 33.7°C | Humidity: 85%
 -> Sent Weather | Zone: Kothrud       | Temp: 33.7°C | Humidity: 87%
 -> Sent Weather | Zone: Hadapsar      | Temp: 33.5°C | Humidity: 84%
 -> Sent Weather | Zone: Shivajinagar  | Temp: 33.3°C | Humidity: 84%

--- Emitting Weather Window: 11:24:39 ---
 -> Sent Weather | Zone: Hinjewadi     | Temp: 34.1°C | Humidity: 86%
 -> Sent Weather | Zone: FC Road       | Temp: 33.7°C | Humidity: 85%
 -> Sent Weather | Zone: Kothrud       | Temp: 33.8°C | Humidity: 87%
 -> Sent Weather | Zone: Hadapsar      | Temp: 33.5°C | Humidity: 84%
 -> Sent Weather | Zone: Shivajinagar  | Temp: 33.7°C | Humidity: 85%

--- Emitting Weather Window: 11:25:00 ---
 -> Sent Weather | Zone: Hinjewadi     | Temp: 34.0°C | Humidity: 86%
 -> Sent Weather | Zone: FC Road       | Temp: 33.6°C | Humidity: 85%
 -> Sent Weather | Zone: Kothrud       | Temp: 33.8°C | Humidity: 87%
⚠️ API Fetch error: ('Connection aborted.', ConnectionResetError(104, 'Connection reset by peer'))
 -> Sent Weather | Zone: Hadapsar      | Temp: 32.3°C | Humidity: 60%
 -> Sent Weather | Zone: Shivajinagar  | Temp: 33.6°C | Humidity: 85%

--- Emitting Weather Window: 11:25:32 ---
 -> Sent Weather | Zone: Hinjewadi     | Temp: 33.8°C | Humidity: 85%
 -> Sent Weather | Zone: FC Road       | Temp: 33.8°C | Humidity: 85%
 -> Sent Weather | Zone: Kothrud       | Temp: 33.4°C | Humidity: 86%
 -> Sent Weather | Zone: Hadapsar      | Temp: 34.0°C | Humidity: 85%
⚠️ API Fetch error: HTTPSConnectionPool(host='api.open-meteo.com', port=443): Read timed out. (read timeout=10)
 -> Sent Weather | Zone: Shivajinagar  | Temp: 32.3°C | Humidity: 60%

--- Emitting Weather Window: 11:26:03 ---
 -> Sent Weather | Zone: Hinjewadi     | Temp: 34.1°C | Humidity: 86%
 -> Sent Weather | Zone: FC Road       | Temp: 33.2°C | Humidity: 84%
 -> Sent Weather | Zone: Kothrud       | Temp: 33.5°C | Humidity: 86%
 -> Sent Weather | Zone: Hadapsar      | Temp: 33.9°C | Humidity: 85%
 -> Sent Weather | Zone: Shivajinagar  | Temp: 33.7°C | Humidity: 85%

--- Emitting Weather Window: 11:26:25 ---
 -> Sent Weather | Zone: Hinjewadi     | Temp: 33.7°C | Humidity: 85%
 -> Sent Weather | Zone: FC Road       | Temp: 33.8°C | Humidity: 85%
 -> Sent Weather | Zone: Kothrud       | Temp: 33.7°C | Humidity: 87%
 -> Sent Weather | Zone: Hadapsar      | Temp: 33.8°C | Humidity: 84%
 -> Sent Weather | Zone: Shivajinagar  | Temp: 33.4°C | Humidity: 84%

--- Emitting Weather Window: 11:26:46 ---
 -> Sent Weather | Zone: Hinjewadi     | Temp: 33.9°C | Humidity: 86%
 -> Sent Weather | Zone: FC Road       | Temp: 33.2°C | Humidity: 84%
 -> Sent Weather | Zone: Kothrud       | Temp: 33.7°C | Humidity: 87%
 -> Sent Weather | Zone: Hadapsar      | Temp: 33.5°C | Humidity: 84%
 -> Sent Weather | Zone: Shivajinagar  | Temp: 33.7°C | Humidity: 85%

--- Emitting Weather Window: 11:27:10 ---
 -> Sent Weather | Zone: Hinjewadi     | Temp: 33.5°C | Humidity: 85%
 -> Sent Weather | Zone: FC Road       | Temp: 33.7°C | Humidity: 85%
 -> Sent Weather | Zone: Kothrud       | Temp: 33.3°C | Humidity: 86%
 -> Sent Weather | Zone: Hadapsar      | Temp: 33.7°C | Humidity: 84%
 -> Sent Weather | Zone: Shivajinagar  | Temp: 33.7°C | Humidity: 85%

--- Emitting Weather Window: 11:27:31 ---
 -> Sent Weather | Zone: Hinjewadi     | Temp: 34.0°C | Humidity: 86%
 -> Sent Weather | Zone: FC Road       | Temp: 33.6°C | Humidity: 85%
 -> Sent Weather | Zone: Kothrud       | Temp: 33.2°C | Humidity: 86%
 -> Sent Weather | Zone: Hadapsar      | Temp: 34.1°C | Humidity: 85%
 -> Sent Weather | Zone: Shivajinagar  | Temp: 33.2°C | Humidity: 84%

--- Emitting Weather Window: 11:27:54 ---
 -> Sent Weather | Zone: Hinjewadi     | Temp: 33.8°C | Humidity: 85%
 -> Sent Weather | Zone: FC Road       | Temp: 33.7°C | Humidity: 85%
 -> Sent Weather | Zone: Kothrud       | Temp: 33.4°C | Humidity: 86%
 -> Sent Weather | Zone: Hadapsar      | Temp: 34.0°C | Humidity: 85%
 -> Sent Weather | Zone: Shivajinagar  | Temp: 33.7°C | Humidity: 85%

--- Emitting Weather Window: 11:28:20 ---
 -> Sent Weather | Zone: Hinjewadi     | Temp: 33.7°C | Humidity: 85%
 -> Sent Weather | Zone: FC Road       | Temp: 33.6°C | Humidity: 85%
 -> Sent Weather | Zone: Kothrud       | Temp: 33.5°C | Humidity: 87%
 -> Sent Weather | Zone: Hadapsar      | Temp: 33.6°C | Humidity: 84%
 -> Sent Weather | Zone: Shivajinagar  | Temp: 33.8°C | Humidity: 85%

--- Emitting Weather Window: 11:28:43 ---
 -> Sent Weather | Zone: Hinjewadi     | Temp: 33.7°C | Humidity: 85%
 -> Sent Weather | Zone: FC Road       | Temp: 33.2°C | Humidity: 84%
 -> Sent Weather | Zone: Kothrud       | Temp: 33.3°C | Humidity: 86%
 -> Sent Weather | Zone: Hadapsar      | Temp: 33.9°C | Humidity: 85%
 -> Sent Weather | Zone: Shivajinagar  | Temp: 33.6°C | Humidity: 85%

--- Emitting Weather Window: 11:29:05 ---
 -> Sent Weather | Zone: Hinjewadi     | Temp: 33.6°C | Humidity: 85%
 -> Sent Weather | Zone: FC Road       | Temp: 33.6°C | Humidity: 85%
 -> Sent Weather | Zone: Kothrud       | Temp: 33.3°C | Humidity: 86%
 -> Sent Weather | Zone: Hadapsar      | Temp: 34.0°C | Humidity: 85%
 -> Sent Weather | Zone: Shivajinagar  | Temp: 33.5°C | Humidity: 85%

--- Emitting Weather Window: 11:29:26 ---
 -> Sent Weather | Zone: Hinjewadi     | Temp: 33.7°C | Humidity: 85%
 -> Sent Weather | Zone: FC Road       | Temp: 33.8°C | Humidity: 85%
 -> Sent Weather | Zone: Kothrud       | Temp: 33.4°C | Humidity: 86%
 -> Sent Weather | Zone: Hadapsar      | Temp: 33.9°C | Humidity: 85%
 -> Sent Weather | Zone: Shivajinagar  | Temp: 33.8°C | Humidity: 85%

--- Emitting Weather Window: 11:29:47 ---
 -> Sent Weather | Zone: Hinjewadi     | Temp: 34.1°C | Humidity: 86%
 -> Sent Weather | Zone: FC Road       | Temp: 33.5°C | Humidity: 84%
 -> Sent Weather | Zone: Kothrud       | Temp: 33.2°C | Humidity: 86%
 -> Sent Weather | Zone: Hadapsar      | Temp: 34.0°C | Humidity: 85%
 -> Sent Weather | Zone: Shivajinagar  | Temp: 33.5°C | Humidity: 85%

--- Emitting Weather Window: 11:30:07 ---
 -> Sent Weather | Zone: Hinjewadi     | Temp: 34.3°C | Humidity: 86%
 -> Sent Weather | Zone: FC Road       | Temp: 33.6°C | Humidity: 84%
 -> Sent Weather | Zone: Kothrud       | Temp: 33.9°C | Humidity: 86%
 -> Sent Weather | Zone: Hadapsar      | Temp: 33.8°C | Humidity: 84%
 -> Sent Weather | Zone: Shivajinagar  | Temp: 33.9°C | Humidity: 85%

--- Emitting Weather Window: 11:30:52 ---
 -> Sent Weather | Zone: Hinjewadi     | Temp: 34.0°C | Humidity: 85%
 -> Sent Weather | Zone: FC Road       | Temp: 33.9°C | Humidity: 85%
 -> Sent Weather | Zone: Kothrud       | Temp: 34.0°C | Humidity: 87%
 -> Sent Weather | Zone: Hadapsar      | Temp: 34.0°C | Humidity: 85%
 -> Sent Weather | Zone: Shivajinagar  | Temp: 33.9°C | Humidity: 85%

--- Emitting Weather Window: 11:31:23 ---
 -> Sent Weather | Zone: Hinjewadi     | Temp: 34.1°C | Humidity: 85%
 -> Sent Weather | Zone: FC Road       | Temp: 34.1°C | Humidity: 85%
 -> Sent Weather | Zone: Kothrud       | Temp: 34.0°C | Humidity: 87%
 -> Sent Weather | Zone: Hadapsar      | Temp: 34.2°C | Humidity: 85%
 -> Sent Weather | Zone: Shivajinagar  | Temp: 34.0°C | Humidity: 85%

--- Emitting Weather Window: 11:31:52 ---
 -> Sent Weather | Zone: Hinjewadi     | Temp: 33.9°C | Humidity: 85%
⚠️ API Fetch error: HTTPSConnectionPool(host='api.open-meteo.com', port=443): Read timed out. (read timeout=10)
 -> Sent Weather | Zone: FC Road       | Temp: 31.7°C | Humidity: 59%
 -> Sent Weather | Zone: Kothrud       | Temp: 34.3°C | Humidity: 87%
 -> Sent Weather | Zone: Hadapsar      | Temp: 34.2°C | Humidity: 85%
 -> Sent Weather | Zone: Shivajinagar  | Temp: 33.5°C | Humidity: 84%

--- Emitting Weather Window: 11:32:25 ---
 -> Sent Weather | Zone: Hinjewadi     | Temp: 34.1°C | Humidity: 85%
 -> Sent Weather | Zone: FC Road       | Temp: 33.9°C | Humidity: 85%
 -> Sent Weather | Zone: Kothrud       | Temp: 34.0°C | Humidity: 87%
 -> Sent Weather | Zone: Hadapsar      | Temp: 34.0°C | Humidity: 84%
 -> Sent Weather | Zone: Shivajinagar  | Temp: 34.1°C | Humidity: 85%

--- Emitting Weather Window: 11:32:47 ---
 -> Sent Weather | Zone: Hinjewadi     | Temp: 34.1°C | Humidity: 85%
 -> Sent Weather | Zone: FC Road       | Temp: 33.9°C | Humidity: 85%
 -> Sent Weather | Zone: Kothrud       | Temp: 33.7°C | Humidity: 86%
 -> Sent Weather | Zone: Hadapsar      | Temp: 33.8°C | Humidity: 84%
 -> Sent Weather | Zone: Shivajinagar  | Temp: 34.1°C | Humidity: 85%

--- Emitting Weather Window: 11:33:08 ---
 -> Sent Weather | Zone: Hinjewadi     | Temp: 34.2°C | Humidity: 85%
 -> Sent Weather | Zone: FC Road       | Temp: 34.1°C | Humidity: 85%
 -> Sent Weather | Zone: Kothrud       | Temp: 34.1°C | Humidity: 87%
 -> Sent Weather | Zone: Hadapsar      | Temp: 34.3°C | Humidity: 85%
 -> Sent Weather | Zone: Shivajinagar  | Temp: 33.7°C | Humidity: 84%

--- Emitting Weather Window: 11:33:31 ---
 -> Sent Weather | Zone: Hinjewadi     | Temp: 34.0°C | Humidity: 85%
 -> Sent Weather | Zone: FC Road       | Temp: 34.0°C | Humidity: 85%
 -> Sent Weather | Zone: Kothrud       | Temp: 34.3°C | Humidity: 87%
 -> Sent Weather | Zone: Hadapsar      | Temp: 34.2°C | Humidity: 85%
 -> Sent Weather | Zone: Shivajinagar  | Temp: 34.1°C | Humidity: 85%

--- Emitting Weather Window: 11:33:55 ---
 -> Sent Weather | Zone: Hinjewadi     | Temp: 34.3°C | Humidity: 86%
 -> Sent Weather | Zone: FC Road       | Temp: 34.0°C | Humidity: 85%
 -> Sent Weather | Zone: Kothrud       | Temp: 34.3°C | Humidity: 87%
 -> Sent Weather | Zone: Hadapsar      | Temp: 34.2°C | Humidity: 85%
 -> Sent Weather | Zone: Shivajinagar  | Temp: 33.5°C | Humidity: 84%

--- Emitting Weather Window: 11:34:18 ---
 -> Sent Weather | Zone: Hinjewadi     | Temp: 34.0°C | Humidity: 85%
 -> Sent Weather | Zone: FC Road       | Temp: 33.7°C | Humidity: 84%
 -> Sent Weather | Zone: Kothrud       | Temp: 34.1°C | Humidity: 87%
 -> Sent Weather | Zone: Hadapsar      | Temp: 34.1°C | Humidity: 85%
 -> Sent Weather | Zone: Shivajinagar  | Temp: 33.8°C | Humidity: 85%

--- Emitting Weather Window: 11:34:41 ---
 -> Sent Weather | Zone: Hinjewadi     | Temp: 34.5°C | Humidity: 86%
 -> Sent Weather | Zone: FC Road       | Temp: 33.9°C | Humidity: 85%
 -> Sent Weather | Zone: Kothrud       | Temp: 34.0°C | Humidity: 87%
 -> Sent Weather | Zone: Hadapsar      | Temp: 34.1°C | Humidity: 85%
 -> Sent Weather | Zone: Shivajinagar  | Temp: 33.6°C | Humidity: 84%

--- Emitting Weather Window: 11:35:05 ---
 -> Sent Weather | Zone: Hinjewadi     | Temp: 34.4°C | Humidity: 86%
 -> Sent Weather | Zone: FC Road       | Temp: 33.5°C | Humidity: 84%
 -> Sent Weather | Zone: Kothrud       | Temp: 33.9°C | Humidity: 86%
 -> Sent Weather | Zone: Hadapsar      | Temp: 34.3°C | Humidity: 85%
 -> Sent Weather | Zone: Shivajinagar  | Temp: 33.6°C | Humidity: 84%

--- Emitting Weather Window: 11:35:27 ---
 -> Sent Weather | Zone: Hinjewadi     | Temp: 34.1°C | Humidity: 85%
 -> Sent Weather | Zone: FC Road       | Temp: 34.1°C | Humidity: 85%
 -> Sent Weather | Zone: Kothrud       | Temp: 34.1°C | Humidity: 87%
 -> Sent Weather | Zone: Hadapsar      | Temp: 33.8°C | Humidity: 84%
 -> Sent Weather | Zone: Shivajinagar  | Temp: 33.8°C | Humidity: 84%

--- Emitting Weather Window: 11:35:48 ---
 -> Sent Weather | Zone: Hinjewadi     | Temp: 34.4°C | Humidity: 86%
 -> Sent Weather | Zone: FC Road       | Temp: 33.9°C | Humidity: 85%
 -> Sent Weather | Zone: Kothrud       | Temp: 33.9°C | Humidity: 86%
 -> Sent Weather | Zone: Hadapsar      | Temp: 34.1°C | Humidity: 85%
 -> Sent Weather | Zone: Shivajinagar  | Temp: 34.1°C | Humidity: 85%

--- Emitting Weather Window: 11:36:11 ---
 -> Sent Weather | Zone: Hinjewadi     | Temp: 33.9°C | Humidity: 85%
 -> Sent Weather | Zone: FC Road       | Temp: 33.9°C | Humidity: 85%
 -> Sent Weather | Zone: Kothrud       | Temp: 34.1°C | Humidity: 87%
 -> Sent Weather | Zone: Hadapsar      | Temp: 34.1°C | Humidity: 85%
 -> Sent Weather | Zone: Shivajinagar  | Temp: 33.9°C | Humidity: 85%

--- Emitting Weather Window: 11:36:32 ---
 -> Sent Weather | Zone: Hinjewadi     | Temp: 34.5°C | Humidity: 86%
 -> Sent Weather | Zone: FC Road       | Temp: 33.5°C | Humidity: 84%
 -> Sent Weather | Zone: Kothrud       | Temp: 34.0°C | Humidity: 86%
 -> Sent Weather | Zone: Hadapsar      | Temp: 34.2°C | Humidity: 85%
 -> Sent Weather | Zone: Shivajinagar  | Temp: 34.0°C | Humidity: 85%

--- Emitting Weather Window: 11:36:53 ---
 -> Sent Weather | Zone: Hinjewadi     | Temp: 34.3°C | Humidity: 86%
 -> Sent Weather | Zone: FC Road       | Temp: 33.7°C | Humidity: 84%
 -> Sent Weather | Zone: Kothrud       | Temp: 33.9°C | Humidity: 86%
 -> Sent Weather | Zone: Hadapsar      | Temp: 34.2°C | Humidity: 85%
 -> Sent Weather | Zone: Shivajinagar  | Temp: 34.0°C | Humidity: 85%

--- Emitting Weather Window: 11:37:14 ---
 -> Sent Weather | Zone: Hinjewadi     | Temp: 34.5°C | Humidity: 86%
 -> Sent Weather | Zone: FC Road       | Temp: 33.9°C | Humidity: 85%
 -> Sent Weather | Zone: Kothrud       | Temp: 34.1°C | Humidity: 87%
 -> Sent Weather | Zone: Hadapsar      | Temp: 33.8°C | Humidity: 84%
 -> Sent Weather | Zone: Shivajinagar  | Temp: 33.8°C | Humidity: 85%

--- Emitting Weather Window: 11:37:34 ---
 -> Sent Weather | Zone: Hinjewadi     | Temp: 34.1°C | Humidity: 85%
 -> Sent Weather | Zone: FC Road       | Temp: 33.6°C | Humidity: 84%
 -> Sent Weather | Zone: Kothrud       | Temp: 33.7°C | Humidity: 86%
 -> Sent Weather | Zone: Hadapsar      | Temp: 34.3°C | Humidity: 85%
 -> Sent Weather | Zone: Shivajinagar  | Temp: 34.0°C | Humidity: 85%

--- Emitting Weather Window: 11:37:54 ---
 -> Sent Weather | Zone: Hinjewadi     | Temp: 33.9°C | Humidity: 85%
 -> Sent Weather | Zone: FC Road       | Temp: 33.9°C | Humidity: 85%
 -> Sent Weather | Zone: Kothrud       | Temp: 34.0°C | Humidity: 87%
 -> Sent Weather | Zone: Hadapsar      | Temp: 34.3°C | Humidity: 85%
 -> Sent Weather | Zone: Shivajinagar  | Temp: 33.7°C | Humidity: 84%

--- Emitting Weather Window: 11:38:15 ---
 -> Sent Weather | Zone: Hinjewadi     | Temp: 34.0°C | Humidity: 85%
 -> Sent Weather | Zone: FC Road       | Temp: 33.7°C | Humidity: 84%
 -> Sent Weather | Zone: Kothrud       | Temp: 33.8°C | Humidity: 86%
 -> Sent Weather | Zone: Hadapsar      | Temp: 34.3°C | Humidity: 85%
 -> Sent Weather | Zone: Shivajinagar  | Temp: 33.9°C | Humidity: 85%

--- Emitting Weather Window: 11:38:36 ---
 -> Sent Weather | Zone: Hinjewadi     | Temp: 34.3°C | Humidity: 86%
 -> Sent Weather | Zone: FC Road       | Temp: 33.9°C | Humidity: 85%
 -> Sent Weather | Zone: Kothrud       | Temp: 33.9°C | Humidity: 86%
 -> Sent Weather | Zone: Hadapsar      | Temp: 34.3°C | Humidity: 85%
 -> Sent Weather | Zone: Shivajinagar  | Temp: 33.7°C | Humidity: 84%

--- Emitting Weather Window: 11:38:57 ---
 -> Sent Weather | Zone: Hinjewadi     | Temp: 34.3°C | Humidity: 86%
 -> Sent Weather | Zone: FC Road       | Temp: 33.9°C | Humidity: 85%
 -> Sent Weather | Zone: Kothrud       | Temp: 34.0°C | Humidity: 86%
 -> Sent Weather | Zone: Hadapsar      | Temp: 34.1°C | Humidity: 85%
 -> Sent Weather | Zone: Shivajinagar  | Temp: 33.9°C | Humidity: 85%

--- Emitting Weather Window: 11:39:22 ---
 -> Sent Weather | Zone: Hinjewadi     | Temp: 34.3°C | Humidity: 86%
 -> Sent Weather | Zone: FC Road       | Temp: 33.7°C | Humidity: 84%
 -> Sent Weather | Zone: Kothrud       | Temp: 34.3°C | Humidity: 87%
 -> Sent Weather | Zone: Hadapsar      | Temp: 33.7°C | Humidity: 84%
 -> Sent Weather | Zone: Shivajinagar  | Temp: 33.5°C | Humidity: 84%

--- Emitting Weather Window: 11:39:44 ---
 -> Sent Weather | Zone: Hinjewadi     | Temp: 33.9°C | Humidity: 85%
 -> Sent Weather | Zone: FC Road       | Temp: 33.9°C | Humidity: 85%
 -> Sent Weather | Zone: Kothrud       | Temp: 34.1°C | Humidity: 87%
 -> Sent Weather | Zone: Hadapsar      | Temp: 34.1°C | Humidity: 85%
 -> Sent Weather | Zone: Shivajinagar  | Temp: 33.9°C | Humidity: 85%

--- Emitting Weather Window: 11:40:06 ---
 -> Sent Weather | Zone: Hinjewadi     | Temp: 34.2°C | Humidity: 85%
 -> Sent Weather | Zone: FC Road       | Temp: 33.9°C | Humidity: 85%
 -> Sent Weather | Zone: Kothrud       | Temp: 33.7°C | Humidity: 86%
 -> Sent Weather | Zone: Hadapsar      | Temp: 33.8°C | Humidity: 84%
 -> Sent Weather | Zone: Shivajinagar  | Temp: 34.1°C | Humidity: 85%

--- Emitting Weather Window: 11:40:36 ---
 -> Sent Weather | Zone: Hinjewadi     | Temp: 34.2°C | Humidity: 86%
 -> Sent Weather | Zone: FC Road       | Temp: 33.5°C | Humidity: 84%
 -> Sent Weather | Zone: Kothrud       | Temp: 34.2°C | Humidity: 87%
 -> Sent Weather | Zone: Hadapsar      | Temp: 34.1°C | Humidity: 85%
 -> Sent Weather | Zone: Shivajinagar  | Temp: 33.9°C | Humidity: 85%

--- Emitting Weather Window: 11:40:56 ---
 -> Sent Weather | Zone: Hinjewadi     | Temp: 34.4°C | Humidity: 86%
 -> Sent Weather | Zone: FC Road       | Temp: 34.1°C | Humidity: 85%
 -> Sent Weather | Zone: Kothrud       | Temp: 34.2°C | Humidity: 87%
 -> Sent Weather | Zone: Hadapsar      | Temp: 34.1°C | Humidity: 85%
 -> Sent Weather | Zone: Shivajinagar  | Temp: 33.8°C | Humidity: 85%

--- Emitting Weather Window: 11:41:18 ---
 -> Sent Weather | Zone: Hinjewadi     | Temp: 34.1°C | Humidity: 85%
 -> Sent Weather | Zone: FC Road       | Temp: 33.8°C | Humidity: 85%
 -> Sent Weather | Zone: Kothrud       | Temp: 34.1°C | Humidity: 87%
 -> Sent Weather | Zone: Hadapsar      | Temp: 33.8°C | Humidity: 84%
 -> Sent Weather | Zone: Shivajinagar  | Temp: 33.9°C | Humidity: 85%

--- Emitting Weather Window: 11:41:39 ---
 -> Sent Weather | Zone: Hinjewadi     | Temp: 34.5°C | Humidity: 86%
 -> Sent Weather | Zone: FC Road       | Temp: 33.5°C | Humidity: 84%
 -> Sent Weather | Zone: Kothrud       | Temp: 34.3°C | Humidity: 87%
 -> Sent Weather | Zone: Hadapsar      | Temp: 33.7°C | Humidity: 84%
 -> Sent Weather | Zone: Shivajinagar  | Temp: 33.6°C | Humidity: 84%

--- Emitting Weather Window: 11:42:03 ---
 -> Sent Weather | Zone: Hinjewadi     | Temp: 34.2°C | Humidity: 86%
 -> Sent Weather | Zone: FC Road       | Temp: 33.8°C | Humidity: 85%
 -> Sent Weather | Zone: Kothrud       | Temp: 34.2°C | Humidity: 87%
 -> Sent Weather | Zone: Hadapsar      | Temp: 34.1°C | Humidity: 85%
 -> Sent Weather | Zone: Shivajinagar  | Temp: 34.0°C | Humidity: 85%

--- Emitting Weather Window: 11:42:25 ---
 -> Sent Weather | Zone: Hinjewadi     | Temp: 34.4°C | Humidity: 86%
 -> Sent Weather | Zone: FC Road       | Temp: 34.0°C | Humidity: 85%
 -> Sent Weather | Zone: Kothrud       | Temp: 34.0°C | Humidity: 86%
 -> Sent Weather | Zone: Hadapsar      | Temp: 33.9°C | Humidity: 84%
 -> Sent Weather | Zone: Shivajinagar  | Temp: 33.8°C | Humidity: 85%

--- Emitting Weather Window: 11:42:45 ---
 -> Sent Weather | Zone: Hinjewadi     | Temp: 34.5°C | Humidity: 86%
 -> Sent Weather | Zone: FC Road       | Temp: 33.6°C | Humidity: 84%
 -> Sent Weather | Zone: Kothrud       | Temp: 34.3°C | Humidity: 87%
 -> Sent Weather | Zone: Hadapsar      | Temp: 34.0°C | Humidity: 85%
 -> Sent Weather | Zone: Shivajinagar  | Temp: 33.9°C | Humidity: 85%

--- Emitting Weather Window: 11:43:06 ---
 -> Sent Weather | Zone: Hinjewadi     | Temp: 34.5°C | Humidity: 86%
 -> Sent Weather | Zone: FC Road       | Temp: 33.9°C | Humidity: 85%
 -> Sent Weather | Zone: Kothrud       | Temp: 34.0°C | Humidity: 86%
 -> Sent Weather | Zone: Hadapsar      | Temp: 34.0°C | Humidity: 84%
 -> Sent Weather | Zone: Shivajinagar  | Temp: 33.6°C | Humidity: 84%

--- Emitting Weather Window: 11:43:34 ---
⚠️ API Fetch error: HTTPSConnectionPool(host='api.open-meteo.com', port=443): Read timed out. (read timeout=10)
 -> Sent Weather | Zone: Hinjewadi     | Temp: 32.1°C | Humidity: 60%
 -> Sent Weather | Zone: FC Road       | Temp: 34.1°C | Humidity: 85%
 -> Sent Weather | Zone: Kothrud       | Temp: 34.3°C | Humidity: 87%
 -> Sent Weather | Zone: Hadapsar      | Temp: 34.1°C | Humidity: 85%
 -> Sent Weather | Zone: Shivajinagar  | Temp: 33.6°C | Humidity: 84%

--- Emitting Weather Window: 11:44:04 ---
 -> Sent Weather | Zone: Hinjewadi     | Temp: 34.0°C | Humidity: 85%
 -> Sent Weather | Zone: FC Road       | Temp: 33.8°C | Humidity: 84%
 -> Sent Weather | Zone: Kothrud       | Temp: 33.9°C | Humidity: 86%
 -> Sent Weather | Zone: Hadapsar      | Temp: 34.1°C | Humidity: 85%
 -> Sent Weather | Zone: Shivajinagar  | Temp: 33.6°C | Humidity: 84%

--- Emitting Weather Window: 11:44:26 ---
 -> Sent Weather | Zone: Hinjewadi     | Temp: 34.2°C | Humidity: 85%
 -> Sent Weather | Zone: FC Road       | Temp: 34.0°C | Humidity: 85%
 -> Sent Weather | Zone: Kothrud       | Temp: 33.7°C | Humidity: 86%
 -> Sent Weather | Zone: Hadapsar      | Temp: 34.3°C | Humidity: 85%
 -> Sent Weather | Zone: Shivajinagar  | Temp: 33.9°C | Humidity: 85%

--- Emitting Weather Window: 11:44:46 ---
 -> Sent Weather | Zone: Hinjewadi     | Temp: 34.1°C | Humidity: 85%
 -> Sent Weather | Zone: FC Road       | Temp: 34.0°C | Humidity: 85%
 -> Sent Weather | Zone: Kothrud       | Temp: 33.9°C | Humidity: 86%
 -> Sent Weather | Zone: Hadapsar      | Temp: 33.7°C | Humidity: 84%
 -> Sent Weather | Zone: Shivajinagar  | Temp: 33.8°C | Humidity: 85%

--- Emitting Weather Window: 11:45:07 ---
 -> Sent Weather | Zone: Hinjewadi     | Temp: 34.6°C | Humidity: 86%
 -> Sent Weather | Zone: FC Road       | Temp: 34.3°C | Humidity: 85%
 -> Sent Weather | Zone: Kothrud       | Temp: 34.4°C | Humidity: 87%
 -> Sent Weather | Zone: Hadapsar      | Temp: 34.6°C | Humidity: 85%
 -> Sent Weather | Zone: Shivajinagar  | Temp: 34.1°C | Humidity: 84%

--- Emitting Weather Window: 11:45:28 ---
 -> Sent Weather | Zone: Hinjewadi     | Temp: 34.4°C | Humidity: 85%
 -> Sent Weather | Zone: FC Road       | Temp: 33.9°C | Humidity: 84%
 -> Sent Weather | Zone: Kothrud       | Temp: 34.0°C | Humidity: 86%
 -> Sent Weather | Zone: Hadapsar      | Temp: 34.5°C | Humidity: 85%
 -> Sent Weather | Zone: Shivajinagar  | Temp: 33.9°C | Humidity: 84%

--- Emitting Weather Window: 11:45:48 ---
 -> Sent Weather | Zone: Hinjewadi     | Temp: 34.6°C | Humidity: 86%
 -> Sent Weather | Zone: FC Road       | Temp: 34.4°C | Humidity: 85%
 -> Sent Weather | Zone: Kothrud       | Temp: 34.0°C | Humidity: 86%
 -> Sent Weather | Zone: Hadapsar      | Temp: 34.3°C | Humidity: 84%
 -> Sent Weather | Zone: Shivajinagar  | Temp: 34.2°C | Humidity: 85%

--- Emitting Weather Window: 11:46:08 ---
 -> Sent Weather | Zone: Hinjewadi     | Temp: 34.8°C | Humidity: 86%
 -> Sent Weather | Zone: FC Road       | Temp: 33.9°C | Humidity: 84%
 -> Sent Weather | Zone: Kothrud       | Temp: 34.3°C | Humidity: 86%
 -> Sent Weather | Zone: Hadapsar      | Temp: 34.4°C | Humidity: 84%
 -> Sent Weather | Zone: Shivajinagar  | Temp: 34.3°C | Humidity: 85%

--- Emitting Weather Window: 11:46:29 ---
 -> Sent Weather | Zone: Hinjewadi     | Temp: 34.6°C | Humidity: 86%
 -> Sent Weather | Zone: FC Road       | Temp: 34.0°C | Humidity: 84%
 -> Sent Weather | Zone: Kothrud       | Temp: 34.4°C | Humidity: 87%
 -> Sent Weather | Zone: Hadapsar      | Temp: 34.5°C | Humidity: 85%
 -> Sent Weather | Zone: Shivajinagar  | Temp: 33.9°C | Humidity: 84%

--- Emitting Weather Window: 11:46:50 ---
 -> Sent Weather | Zone: Hinjewadi     | Temp: 34.8°C | Humidity: 86%
 -> Sent Weather | Zone: FC Road       | Temp: 34.3°C | Humidity: 85%
 -> Sent Weather | Zone: Kothrud       | Temp: 34.4°C | Humidity: 87%
 -> Sent Weather | Zone: Hadapsar      | Temp: 34.7°C | Humidity: 85%
 -> Sent Weather | Zone: Shivajinagar  | Temp: 33.9°C | Humidity: 84%

--- Emitting Weather Window: 11:47:12 ---
 -> Sent Weather | Zone: Hinjewadi     | Temp: 34.3°C | Humidity: 85%
 -> Sent Weather | Zone: FC Road       | Temp: 34.0°C | Humidity: 84%
 -> Sent Weather | Zone: Kothrud       | Temp: 34.0°C | Humidity: 86%
 -> Sent Weather | Zone: Hadapsar      | Temp: 34.3°C | Humidity: 84%
 -> Sent Weather | Zone: Shivajinagar  | Temp: 34.4°C | Humidity: 85%

--- Emitting Weather Window: 11:47:34 ---
 -> Sent Weather | Zone: Hinjewadi     | Temp: 34.3°C | Humidity: 85%
 -> Sent Weather | Zone: FC Road       | Temp: 34.2°C | Humidity: 85%
 -> Sent Weather | Zone: Kothrud       | Temp: 34.4°C | Humidity: 87%
 -> Sent Weather | Zone: Hadapsar      | Temp: 34.5°C | Humidity: 84%
 -> Sent Weather | Zone: Shivajinagar  | Temp: 34.1°C | Humidity: 84%

--- Emitting Weather Window: 11:47:54 ---
 -> Sent Weather | Zone: Hinjewadi     | Temp: 34.4°C | Humidity: 85%
 -> Sent Weather | Zone: FC Road       | Temp: 34.1°C | Humidity: 84%
 -> Sent Weather | Zone: Kothrud       | Temp: 34.6°C | Humidity: 87%
 -> Sent Weather | Zone: Hadapsar      | Temp: 34.5°C | Humidity: 84%
 -> Sent Weather | Zone: Shivajinagar  | Temp: 33.9°C | Humidity: 84%

--- Emitting Weather Window: 11:48:16 ---
 -> Sent Weather | Zone: Hinjewadi     | Temp: 34.4°C | Humidity: 85%
 -> Sent Weather | Zone: FC Road       | Temp: 34.5°C | Humidity: 85%
 -> Sent Weather | Zone: Kothrud       | Temp: 34.2°C | Humidity: 86%
 -> Sent Weather | Zone: Hadapsar      | Temp: 34.5°C | Humidity: 84%
 -> Sent Weather | Zone: Shivajinagar  | Temp: 34.4°C | Humidity: 85%

--- Emitting Weather Window: 11:48:37 ---
⚠️ API Fetch error: HTTPSConnectionPool(host='api.open-meteo.com', port=443): Max retries exceeded with url: /v1/forecast?latitude=18.5912&longitude=73.7389&current_weather=True&hourly=relativehumidity_2m%2Cprecipitation%2Csurface_pressure (Caused by NameResolutionError("<urllib3.connection.HTTPSConnection object at 0x7374bf797ce0>: Failed to resolve 'api.open-meteo.com' ([Errno -2] Name or service not known)"))
 -> Sent Weather | Zone: Hinjewadi     | Temp: 32.2°C | Humidity: 60%
⚠️ API Fetch error: HTTPSConnectionPool(host='api.open-meteo.com', port=443): Max retries exceeded with url: /v1/forecast?latitude=18.5236&longitude=73.8478&current_weather=True&hourly=relativehumidity_2m%2Cprecipitation%2Csurface_pressure (Caused by NameResolutionError("<urllib3.connection.HTTPSConnection object at 0x7374bf7bfe90>: Failed to resolve 'api.open-meteo.com' ([Errno -2] Name or service not known)"))
 -> Sent Weather | Zone: FC Road       | Temp: 32.3°C | Humidity: 60%
⚠️ API Fetch error: HTTPSConnectionPool(host='api.open-meteo.com', port=443): Max retries exceeded with url: /v1/forecast?latitude=18.5074&longitude=73.8077&current_weather=True&hourly=relativehumidity_2m%2Cprecipitation%2Csurface_pressure (Caused by NameResolutionError("<urllib3.connection.HTTPSConnection object at 0x7374bf7bfbf0>: Failed to resolve 'api.open-meteo.com' ([Errno -2] Name or service not known)"))
 -> Sent Weather | Zone: Kothrud       | Temp: 32.0°C | Humidity: 60%
⚠️ API Fetch error: HTTPSConnectionPool(host='api.open-meteo.com', port=443): Max retries exceeded with url: /v1/forecast?latitude=18.5089&longitude=73.926&current_weather=True&hourly=relativehumidity_2m%2Cprecipitation%2Csurface_pressure (Caused by NameResolutionError("<urllib3.connection.HTTPSConnection object at 0x7374bf7e8650>: Failed to resolve 'api.open-meteo.com' ([Errno -2] Name or service not known)"))
 -> Sent Weather | Zone: Hadapsar      | Temp: 31.9°C | Humidity: 59%
⚠️ API Fetch error: HTTPSConnectionPool(host='api.open-meteo.com', port=443): Max retries exceeded with url: /v1/forecast?latitude=18.5308&longitude=73.8474&current_weather=True&hourly=relativehumidity_2m%2Cprecipitation%2Csurface_pressure (Caused by NameResolutionError("<urllib3.connection.HTTPSConnection object at 0x7374bf7bfbf0>: Failed to resolve 'api.open-meteo.com' ([Errno -2] Name or service not known)"))
 -> Sent Weather | Zone: Shivajinagar  | Temp: 32.3°C | Humidity: 60%

--- Emitting Weather Window: 12:38:02 ---
⚠️ API Fetch error: HTTPSConnectionPool(host='api.open-meteo.com', port=443): Max retries exceeded with url: /v1/forecast?latitude=18.5912&longitude=73.7389&current_weather=True&hourly=relativehumidity_2m%2Cprecipitation%2Csurface_pressure (Caused by ConnectTimeoutError(<urllib3.connection.HTTPSConnection object at 0x7374bf7bce30>, 'Connection to api.open-meteo.com timed out. (connect timeout=10)'))
 -> Sent Weather | Zone: Hinjewadi     | Temp: 32.0°C | Humidity: 60%
 -> Sent Weather | Zone: FC Road       | Temp: 34.4°C | Humidity: 82%
 -> Sent Weather | Zone: Kothrud       | Temp: 34.3°C | Humidity: 84%
 -> Sent Weather | Zone: Hadapsar      | Temp: 35.4°C | Humidity: 80%
 -> Sent Weather | Zone: Shivajinagar  | Temp: 34.7°C | Humidity: 83%

--- Emitting Weather Window: 12:38:32 ---
 -> Sent Weather | Zone: Hinjewadi     | Temp: 34.6°C | Humidity: 83%
 -> Sent Weather | Zone: FC Road       | Temp: 34.4°C | Humidity: 82%
 -> Sent Weather | Zone: Kothrud       | Temp: 34.3°C | Humidity: 84%
 -> Sent Weather | Zone: Hadapsar      | Temp: 35.4°C | Humidity: 80%
 -> Sent Weather | Zone: Shivajinagar  | Temp: 34.4°C | Humidity: 82%

--- Emitting Weather Window: 12:38:52 ---
 -> Sent Weather | Zone: Hinjewadi     | Temp: 34.6°C | Humidity: 83%
 -> Sent Weather | Zone: FC Road       | Temp: 34.8°C | Humidity: 83%
 -> Sent Weather | Zone: Kothrud       | Temp: 34.6°C | Humidity: 85%
 -> Sent Weather | Zone: Hadapsar      | Temp: 35.0°C | Humidity: 79%
 -> Sent Weather | Zone: Shivajinagar  | Temp: 34.8°C | Humidity: 83%

--- Emitting Weather Window: 12:39:11 ---
 -> Sent Weather | Zone: Hinjewadi     | Temp: 34.2°C | Humidity: 82%
 -> Sent Weather | Zone: FC Road       | Temp: 34.9°C | Humidity: 83%
 -> Sent Weather | Zone: Kothrud       | Temp: 34.3°C | Humidity: 84%
 -> Sent Weather | Zone: Hadapsar      | Temp: 34.9°C | Humidity: 79%
 -> Sent Weather | Zone: Shivajinagar  | Temp: 34.4°C | Humidity: 82%

--- Emitting Weather Window: 12:39:30 ---
 -> Sent Weather | Zone: Hinjewadi     | Temp: 34.7°C | Humidity: 83%
 -> Sent Weather | Zone: FC Road       | Temp: 34.4°C | Humidity: 82%
 -> Sent Weather | Zone: Kothrud       | Temp: 34.3°C | Humidity: 84%
 -> Sent Weather | Zone: Hadapsar      | Temp: 35.0°C | Humidity: 79%
 -> Sent Weather | Zone: Shivajinagar  | Temp: 34.8°C | Humidity: 83%

--- Emitting Weather Window: 12:39:49 ---
 -> Sent Weather | Zone: Hinjewadi     | Temp: 34.6°C | Humidity: 83%
 -> Sent Weather | Zone: FC Road       | Temp: 34.9°C | Humidity: 83%
 -> Sent Weather | Zone: Kothrud       | Temp: 34.2°C | Humidity: 84%
 -> Sent Weather | Zone: Hadapsar      | Temp: 35.1°C | Humidity: 79%
 -> Sent Weather | Zone: Shivajinagar  | Temp: 34.3°C | Humidity: 82%

--- Emitting Weather Window: 12:40:08 ---
 -> Sent Weather | Zone: Hinjewadi     | Temp: 34.6°C | Humidity: 83%
 -> Sent Weather | Zone: FC Road       | Temp: 34.4°C | Humidity: 82%
 -> Sent Weather | Zone: Kothrud       | Temp: 34.5°C | Humidity: 85%
 -> Sent Weather | Zone: Hadapsar      | Temp: 35.2°C | Humidity: 80%
 -> Sent Weather | Zone: Shivajinagar  | Temp: 34.7°C | Humidity: 83%

--- Emitting Weather Window: 12:40:36 ---
 -> Sent Weather | Zone: Hinjewadi     | Temp: 34.3°C | Humidity: 82%
 -> Sent Weather | Zone: FC Road       | Temp: 34.6°C | Humidity: 82%
 -> Sent Weather | Zone: Kothrud       | Temp: 34.6°C | Humidity: 85%
 -> Sent Weather | Zone: Hadapsar      | Temp: 35.3°C | Humidity: 80%
 -> Sent Weather | Zone: Shivajinagar  | Temp: 34.3°C | Humidity: 82%

--- Emitting Weather Window: 12:40:56 ---
 -> Sent Weather | Zone: Hinjewadi     | Temp: 34.4°C | Humidity: 82%
 -> Sent Weather | Zone: FC Road       | Temp: 34.3°C | Humidity: 82%
 -> Sent Weather | Zone: Kothrud       | Temp: 34.7°C | Humidity: 85%
 -> Sent Weather | Zone: Hadapsar      | Temp: 35.2°C | Humidity: 79%
 -> Sent Weather | Zone: Shivajinagar  | Temp: 34.5°C | Humidity: 82%

--- Emitting Weather Window: 12:41:15 ---
 -> Sent Weather | Zone: Hinjewadi     | Temp: 34.7°C | Humidity: 83%
 -> Sent Weather | Zone: FC Road       | Temp: 34.5°C | Humidity: 82%
 -> Sent Weather | Zone: Kothrud       | Temp: 34.3°C | Humidity: 84%
 -> Sent Weather | Zone: Hadapsar      | Temp: 35.0°C | Humidity: 79%
 -> Sent Weather | Zone: Shivajinagar  | Temp: 34.8°C | Humidity: 83%

--- Emitting Weather Window: 12:41:34 ---
 -> Sent Weather | Zone: Hinjewadi     | Temp: 34.2°C | Humidity: 82%
 -> Sent Weather | Zone: FC Road       | Temp: 34.5°C | Humidity: 82%
 -> Sent Weather | Zone: Kothrud       | Temp: 34.5°C | Humidity: 85%
 -> Sent Weather | Zone: Hadapsar      | Temp: 35.2°C | Humidity: 80%
 -> Sent Weather | Zone: Shivajinagar  | Temp: 34.7°C | Humidity: 83%

--- Emitting Weather Window: 12:41:53 ---
 -> Sent Weather | Zone: Hinjewadi     | Temp: 34.2°C | Humidity: 82%
 -> Sent Weather | Zone: FC Road       | Temp: 34.8°C | Humidity: 83%
 -> Sent Weather | Zone: Kothrud       | Temp: 34.1°C | Humidity: 84%
⚠️ API Fetch error: HTTPSConnectionPool(host='api.open-meteo.com', port=443): Read timed out. (read timeout=10)
 -> Sent Weather | Zone: Hadapsar      | Temp: 32.3°C | Humidity: 60%
⚠️ API Fetch error: HTTPSConnectionPool(host='api.open-meteo.com', port=443): Max retries exceeded with url: /v1/forecast?latitude=18.5308&longitude=73.8474&current_weather=True&hourly=relativehumidity_2m%2Cprecipitation%2Csurface_pressure (Caused by NameResolutionError("<urllib3.connection.HTTPSConnection object at 0x7374bf7bf0e0>: Failed to resolve 'api.open-meteo.com' ([Errno -2] Name or service not known)"))
 -> Sent Weather | Zone: Shivajinagar  | Temp: 32.2°C | Humidity: 60%

--- Emitting Weather Window: 01:58:31 ---
 -> Sent Weather | Zone: Hinjewadi     | Temp: 25.9°C | Humidity: 83%
 -> Sent Weather | Zone: FC Road       | Temp: 25.9°C | Humidity: 83%
 -> Sent Weather | Zone: Kothrud       | Temp: 25.5°C | Humidity: 84%
 -> Sent Weather | Zone: Hadapsar      | Temp: 26.2°C | Humidity: 80%
 -> Sent Weather | Zone: Shivajinagar  | Temp: 25.5°C | Humidity: 82%

--- Emitting Weather Window: 01:58:49 ---
 -> Sent Weather | Zone: Hinjewadi     | Temp: 25.8°C | Humidity: 83%
 -> Sent Weather | Zone: FC Road       | Temp: 25.6°C | Humidity: 82%
 -> Sent Weather | Zone: Kothrud       | Temp: 25.3°C | Humidity: 84%
 -> Sent Weather | Zone: Hadapsar      | Temp: 26.2°C | Humidity: 80%
 -> Sent Weather | Zone: Shivajinagar  | Temp: 25.6°C | Humidity: 82%

--- Emitting Weather Window: 01:59:08 ---
 -> Sent Weather | Zone: Hinjewadi     | Temp: 25.8°C | Humidity: 83%
 -> Sent Weather | Zone: FC Road       | Temp: 25.5°C | Humidity: 82%
 -> Sent Weather | Zone: Kothrud       | Temp: 25.5°C | Humidity: 84%
 -> Sent Weather | Zone: Hadapsar      | Temp: 25.9°C | Humidity: 79%
 -> Sent Weather | Zone: Shivajinagar  | Temp: 26.0°C | Humidity: 83%

--- Emitting Weather Window: 01:59:26 ---
 -> Sent Weather | Zone: Hinjewadi     | Temp: 25.9°C | Humidity: 83%
 -> Sent Weather | Zone: FC Road       | Temp: 25.7°C | Humidity: 82%
 -> Sent Weather | Zone: Kothrud       | Temp: 25.4°C | Humidity: 84%
 -> Sent Weather | Zone: Hadapsar      | Temp: 26.2°C | Humidity: 80%
 -> Sent Weather | Zone: Shivajinagar  | Temp: 25.8°C | Humidity: 83%

--- Emitting Weather Window: 01:59:45 ---
 -> Sent Weather | Zone: Hinjewadi     | Temp: 25.9°C | Humidity: 83%
 -> Sent Weather | Zone: FC Road       | Temp: 25.9°C | Humidity: 83%
 -> Sent Weather | Zone: Kothrud       | Temp: 25.7°C | Humidity: 85%
 -> Sent Weather | Zone: Hadapsar      | Temp: 26.3°C | Humidity: 80%
 -> Sent Weather | Zone: Shivajinagar  | Temp: 25.6°C | Humidity: 82%

--- Emitting Weather Window: 02:00:04 ---
 -> Sent Weather | Zone: Hinjewadi     | Temp: 31.8°C | Humidity: 59%
 -> Sent Weather | Zone: FC Road       | Temp: 31.9°C | Humidity: 59%
 -> Sent Weather | Zone: Kothrud       | Temp: 25.8°C | Humidity: 85%
 -> Sent Weather | Zone: Hadapsar      | Temp: 26.2°C | Humidity: 80%
 -> Sent Weather | Zone: Shivajinagar  | Temp: 25.6°C | Humidity: 82%

--- Emitting Weather Window: 02:00:37 ---
 -> Sent Weather | Zone: Hinjewadi     | Temp: 25.5°C | Humidity: 83%
 -> Sent Weather | Zone: FC Road       | Temp: 25.5°C | Humidity: 82%
 -> Sent Weather | Zone: Kothrud       | Temp: 25.6°C | Humidity: 85%
 -> Sent Weather | Zone: Hadapsar      | Temp: 25.9°C | Humidity: 79%
 -> Sent Weather | Zone: Shivajinagar  | Temp: 25.9°C | Humidity: 83%

--- Emitting Weather Window: 02:00:56 ---
 -> Sent Weather | Zone: Hinjewadi     | Temp: 25.6°C | Humidity: 83%
 -> Sent Weather | Zone: FC Road       | Temp: 25.7°C | Humidity: 83%
 -> Sent Weather | Zone: Kothrud       | Temp: 25.3°C | Humidity: 84%
 -> Sent Weather | Zone: Hadapsar      | Temp: 26.3°C | Humidity: 80%
 -> Sent Weather | Zone: Shivajinagar  | Temp: 25.6°C | Humidity: 82%

--- Emitting Weather Window: 02:01:15 ---
 -> Sent Weather | Zone: Hinjewadi     | Temp: 25.3°C | Humidity: 82%
 -> Sent Weather | Zone: FC Road       | Temp: 25.6°C | Humidity: 82%
 -> Sent Weather | Zone: Kothrud       | Temp: 25.7°C | Humidity: 85%
 -> Sent Weather | Zone: Hadapsar      | Temp: 26.1°C | Humidity: 80%
 -> Sent Weather | Zone: Shivajinagar  | Temp: 25.9°C | Humidity: 83%

--- Emitting Weather Window: 02:01:34 ---
 -> Sent Weather | Zone: Hinjewadi     | Temp: 25.7°C | Humidity: 83%
 -> Sent Weather | Zone: FC Road       | Temp: 25.7°C | Humidity: 83%
 -> Sent Weather | Zone: Kothrud       | Temp: 25.5°C | Humidity: 85%
 -> Sent Weather | Zone: Hadapsar      | Temp: 26.1°C | Humidity: 79%
 -> Sent Weather | Zone: Shivajinagar  | Temp: 25.4°C | Humidity: 82%

--- Emitting Weather Window: 02:01:53 ---
 -> Sent Weather | Zone: Hinjewadi     | Temp: 25.7°C | Humidity: 83%
 -> Sent Weather | Zone: FC Road       | Temp: 25.7°C | Humidity: 82%
 -> Sent Weather | Zone: Kothrud       | Temp: 25.4°C | Humidity: 84%
 -> Sent Weather | Zone: Hadapsar      | Temp: 26.2°C | Humidity: 80%
 -> Sent Weather | Zone: Shivajinagar  | Temp: 25.7°C | Humidity: 82%

--- Emitting Weather Window: 02:02:12 ---
 -> Sent Weather | Zone: Hinjewadi     | Temp: 25.4°C | Humidity: 82%
 -> Sent Weather | Zone: FC Road       | Temp: 25.8°C | Humidity: 83%
 -> Sent Weather | Zone: Kothrud       | Temp: 25.3°C | Humidity: 84%
 -> Sent Weather | Zone: Hadapsar      | Temp: 25.8°C | Humidity: 79%
 -> Sent Weather | Zone: Shivajinagar  | Temp: 25.5°C | Humidity: 82%

--- Emitting Weather Window: 02:02:31 ---
 -> Sent Weather | Zone: Hinjewadi     | Temp: 25.7°C | Humidity: 83%
 -> Sent Weather | Zone: FC Road       | Temp: 25.8°C | Humidity: 83%
 -> Sent Weather | Zone: Kothrud       | Temp: 25.4°C | Humidity: 84%
 -> Sent Weather | Zone: Hadapsar      | Temp: 26.1°C | Humidity: 79%
 -> Sent Weather | Zone: Shivajinagar  | Temp: 25.9°C | Humidity: 83%

--- Emitting Weather Window: 02:02:50 ---
 -> Sent Weather | Zone: Hinjewadi     | Temp: 25.5°C | Humidity: 82%
 -> Sent Weather | Zone: FC Road       | Temp: 25.8°C | Humidity: 83%
 -> Sent Weather | Zone: Kothrud       | Temp: 25.7°C | Humidity: 85%
 -> Sent Weather | Zone: Hadapsar      | Temp: 25.9°C | Humidity: 79%
 -> Sent Weather | Zone: Shivajinagar  | Temp: 25.9°C | Humidity: 83%

--- Emitting Weather Window: 02:03:09 ---
 -> Sent Weather | Zone: Hinjewadi     | Temp: 25.6°C | Humidity: 83%
 -> Sent Weather | Zone: FC Road       | Temp: 25.7°C | Humidity: 82%
 -> Sent Weather | Zone: Kothrud       | Temp: 25.4°C | Humidity: 84%
 -> Sent Weather | Zone: Hadapsar      | Temp: 26.3°C | Humidity: 80%
 -> Sent Weather | Zone: Shivajinagar  | Temp: 25.6°C | Humidity: 82%

--- Emitting Weather Window: 02:03:27 ---
 -> Sent Weather | Zone: Hinjewadi     | Temp: 25.4°C | Humidity: 82%
 -> Sent Weather | Zone: FC Road       | Temp: 25.8°C | Humidity: 83%
 -> Sent Weather | Zone: Kothrud       | Temp: 25.4°C | Humidity: 84%
 -> Sent Weather | Zone: Hadapsar      | Temp: 25.9°C | Humidity: 79%
 -> Sent Weather | Zone: Shivajinagar  | Temp: 25.5°C | Humidity: 82%

--- Emitting Weather Window: 02:03:46 ---
 -> Sent Weather | Zone: Hinjewadi     | Temp: 25.7°C | Humidity: 83%
 -> Sent Weather | Zone: FC Road       | Temp: 25.8°C | Humidity: 83%
 -> Sent Weather | Zone: Kothrud       | Temp: 25.5°C | Humidity: 84%
 -> Sent Weather | Zone: Hadapsar      | Temp: 26.3°C | Humidity: 80%
 -> Sent Weather | Zone: Shivajinagar  | Temp: 25.7°C | Humidity: 82%

--- Emitting Weather Window: 02:04:04 ---
 -> Sent Weather | Zone: Hinjewadi     | Temp: 25.6°C | Humidity: 83%
 -> Sent Weather | Zone: FC Road       | Temp: 25.9°C | Humidity: 83%
 -> Sent Weather | Zone: Kothrud       | Temp: 25.8°C | Humidity: 85%
 -> Sent Weather | Zone: Hadapsar      | Temp: 26.2°C | Humidity: 80%
 -> Sent Weather | Zone: Shivajinagar  | Temp: 25.5°C | Humidity: 82%

--- Emitting Weather Window: 02:04:23 ---
 -> Sent Weather | Zone: Hinjewadi     | Temp: 25.7°C | Humidity: 83%
 -> Sent Weather | Zone: FC Road       | Temp: 25.7°C | Humidity: 83%
 -> Sent Weather | Zone: Kothrud       | Temp: 25.6°C | Humidity: 85%
 -> Sent Weather | Zone: Hadapsar      | Temp: 26.0°C | Humidity: 79%
 -> Sent Weather | Zone: Shivajinagar  | Temp: 25.6°C | Humidity: 82%

--- Emitting Weather Window: 02:04:42 ---
 -> Sent Weather | Zone: Hinjewadi     | Temp: 25.7°C | Humidity: 83%
 -> Sent Weather | Zone: FC Road       | Temp: 25.7°C | Humidity: 82%
 -> Sent Weather | Zone: Kothrud       | Temp: 25.7°C | Humidity: 85%
 -> Sent Weather | Zone: Hadapsar      | Temp: 26.2°C | Humidity: 80%
 -> Sent Weather | Zone: Shivajinagar  | Temp: 25.5°C | Humidity: 82%

--- Emitting Weather Window: 02:05:01 ---
 -> Sent Weather | Zone: Hinjewadi     | Temp: 25.6°C | Humidity: 83%
 -> Sent Weather | Zone: FC Road       | Temp: 25.8°C | Humidity: 83%
 -> Sent Weather | Zone: Kothrud       | Temp: 25.5°C | Humidity: 84%
 -> Sent Weather | Zone: Hadapsar      | Temp: 26.2°C | Humidity: 80%
 -> Sent Weather | Zone: Shivajinagar  | Temp: 25.7°C | Humidity: 82%

--- Emitting Weather Window: 02:05:20 ---
 -> Sent Weather | Zone: Hinjewadi     | Temp: 25.7°C | Humidity: 83%
 -> Sent Weather | Zone: FC Road       | Temp: 25.8°C | Humidity: 83%
 -> Sent Weather | Zone: Kothrud       | Temp: 25.5°C | Humidity: 85%
 -> Sent Weather | Zone: Hadapsar      | Temp: 25.9°C | Humidity: 79%
 -> Sent Weather | Zone: Shivajinagar  | Temp: 25.9°C | Humidity: 83%

--- Emitting Weather Window: 02:05:39 ---
 -> Sent Weather | Zone: Hinjewadi     | Temp: 25.3°C | Humidity: 82%
 -> Sent Weather | Zone: FC Road       | Temp: 25.7°C | Humidity: 83%
 -> Sent Weather | Zone: Kothrud       | Temp: 25.4°C | Humidity: 84%
 -> Sent Weather | Zone: Hadapsar      | Temp: 25.9°C | Humidity: 79%
 -> Sent Weather | Zone: Shivajinagar  | Temp: 25.8°C | Humidity: 83%

--- Emitting Weather Window: 02:05:57 ---
 -> Sent Weather | Zone: Hinjewadi     | Temp: 25.5°C | Humidity: 83%
 -> Sent Weather | Zone: FC Road       | Temp: 25.7°C | Humidity: 82%
 -> Sent Weather | Zone: Kothrud       | Temp: 25.5°C | Humidity: 85%
⚠️ API Fetch error: HTTPSConnectionPool(host='api.open-meteo.com', port=443): Read timed out. (read timeout=10)
 -> Sent Weather | Zone: Hadapsar      | Temp: 32.1°C | Humidity: 60%
 -> Sent Weather | Zone: Shivajinagar  | Temp: 25.7°C | Humidity: 83%

--- Emitting Weather Window: 02:06:25 ---
 -> Sent Weather | Zone: Hinjewadi     | Temp: 25.5°C | Humidity: 82%
 -> Sent Weather | Zone: FC Road       | Temp: 25.6°C | Humidity: 82%
 -> Sent Weather | Zone: Kothrud       | Temp: 25.6°C | Humidity: 85%
 -> Sent Weather | Zone: Hadapsar      | Temp: 26.0°C | Humidity: 79%
 -> Sent Weather | Zone: Shivajinagar  | Temp: 25.8°C | Humidity: 83%

--- Emitting Weather Window: 02:06:44 ---
 -> Sent Weather | Zone: Hinjewadi     | Temp: 25.3°C | Humidity: 82%
 -> Sent Weather | Zone: FC Road       | Temp: 25.6°C | Humidity: 82%
 -> Sent Weather | Zone: Kothrud       | Temp: 25.7°C | Humidity: 85%
 -> Sent Weather | Zone: Hadapsar      | Temp: 26.0°C | Humidity: 79%
 -> Sent Weather | Zone: Shivajinagar  | Temp: 26.0°C | Humidity: 83%

--- Emitting Weather Window: 02:07:02 ---
 -> Sent Weather | Zone: Hinjewadi     | Temp: 25.5°C | Humidity: 82%
 -> Sent Weather | Zone: FC Road       | Temp: 25.7°C | Humidity: 82%
 -> Sent Weather | Zone: Kothrud       | Temp: 25.6°C | Humidity: 85%
 -> Sent Weather | Zone: Hadapsar      | Temp: 26.3°C | Humidity: 80%
 -> Sent Weather | Zone: Shivajinagar  | Temp: 25.7°C | Humidity: 82%

--- Emitting Weather Window: 02:07:21 ---
 -> Sent Weather | Zone: Hinjewadi     | Temp: 25.5°C | Humidity: 83%
 -> Sent Weather | Zone: FC Road       | Temp: 25.5°C | Humidity: 82%
 -> Sent Weather | Zone: Kothrud       | Temp: 25.3°C | Humidity: 84%
 -> Sent Weather | Zone: Hadapsar      | Temp: 26.2°C | Humidity: 80%
 -> Sent Weather | Zone: Shivajinagar  | Temp: 25.6°C | Humidity: 82%

--- Emitting Weather Window: 02:07:39 ---
 -> Sent Weather | Zone: Hinjewadi     | Temp: 25.7°C | Humidity: 83%
 -> Sent Weather | Zone: FC Road       | Temp: 25.5°C | Humidity: 82%
 -> Sent Weather | Zone: Kothrud       | Temp: 25.4°C | Humidity: 84%
 -> Sent Weather | Zone: Hadapsar      | Temp: 26.3°C | Humidity: 80%
 -> Sent Weather | Zone: Shivajinagar  | Temp: 25.5°C | Humidity: 82%

--- Emitting Weather Window: 02:07:58 ---
 -> Sent Weather | Zone: Hinjewadi     | Temp: 25.6°C | Humidity: 83%
 -> Sent Weather | Zone: FC Road       | Temp: 25.5°C | Humidity: 82%
 -> Sent Weather | Zone: Kothrud       | Temp: 25.5°C | Humidity: 84%
 -> Sent Weather | Zone: Hadapsar      | Temp: 26.0°C | Humidity: 79%
⚠️ API Fetch error: HTTPSConnectionPool(host='api.open-meteo.com', port=443): Read timed out. (read timeout=10)
 -> Sent Weather | Zone: Shivajinagar  | Temp: 31.8°C | Humidity: 59%

--- Emitting Weather Window: 02:08:27 ---
 -> Sent Weather | Zone: Hinjewadi     | Temp: 25.6°C | Humidity: 83%
 -> Sent Weather | Zone: FC Road       | Temp: 25.5°C | Humidity: 82%
 -> Sent Weather | Zone: Kothrud       | Temp: 25.4°C | Humidity: 84%
 -> Sent Weather | Zone: Hadapsar      | Temp: 26.2°C | Humidity: 80%
 -> Sent Weather | Zone: Shivajinagar  | Temp: 25.8°C | Humidity: 83%

--- Emitting Weather Window: 02:08:46 ---
 -> Sent Weather | Zone: Hinjewadi     | Temp: 25.6°C | Humidity: 83%
 -> Sent Weather | Zone: FC Road       | Temp: 25.9°C | Humidity: 83%
 -> Sent Weather | Zone: Kothrud       | Temp: 25.4°C | Humidity: 84%
 -> Sent Weather | Zone: Hadapsar      | Temp: 26.1°C | Humidity: 79%
 -> Sent Weather | Zone: Shivajinagar  | Temp: 25.9°C | Humidity: 83%

--- Emitting Weather Window: 02:09:05 ---
 -> Sent Weather | Zone: Hinjewadi     | Temp: 25.6°C | Humidity: 83%
 -> Sent Weather | Zone: FC Road       | Temp: 25.7°C | Humidity: 83%
 -> Sent Weather | Zone: Kothrud       | Temp: 25.7°C | Humidity: 85%
 -> Sent Weather | Zone: Hadapsar      | Temp: 26.1°C | Humidity: 80%
 -> Sent Weather | Zone: Shivajinagar  | Temp: 25.8°C | Humidity: 83%

--- Emitting Weather Window: 02:09:24 ---
 -> Sent Weather | Zone: Hinjewadi     | Temp: 25.5°C | Humidity: 83%
 -> Sent Weather | Zone: FC Road       | Temp: 25.7°C | Humidity: 82%
 -> Sent Weather | Zone: Kothrud       | Temp: 25.6°C | Humidity: 85%
 -> Sent Weather | Zone: Hadapsar      | Temp: 25.9°C | Humidity: 79%
 -> Sent Weather | Zone: Shivajinagar  | Temp: 25.8°C | Humidity: 83%

--- Emitting Weather Window: 02:09:42 ---
 -> Sent Weather | Zone: Hinjewadi     | Temp: 25.6°C | Humidity: 83%
 -> Sent Weather | Zone: FC Road       | Temp: 25.9°C | Humidity: 83%
 -> Sent Weather | Zone: Kothrud       | Temp: 25.3°C | Humidity: 84%
 -> Sent Weather | Zone: Hadapsar      | Temp: 26.1°C | Humidity: 79%
 -> Sent Weather | Zone: Shivajinagar  | Temp: 25.6°C | Humidity: 82%

--- Emitting Weather Window: 02:10:01 ---
 -> Sent Weather | Zone: Hinjewadi     | Temp: 25.6°C | Humidity: 83%
 -> Sent Weather | Zone: FC Road       | Temp: 25.9°C | Humidity: 83%
 -> Sent Weather | Zone: Kothrud       | Temp: 25.6°C | Humidity: 85%
 -> Sent Weather | Zone: Hadapsar      | Temp: 26.1°C | Humidity: 79%
 -> Sent Weather | Zone: Shivajinagar  | Temp: 25.5°C | Humidity: 82%

--- Emitting Weather Window: 02:10:33 ---
 -> Sent Weather | Zone: Hinjewadi     | Temp: 25.6°C | Humidity: 83%
 -> Sent Weather | Zone: FC Road       | Temp: 25.5°C | Humidity: 82%
 -> Sent Weather | Zone: Kothrud       | Temp: 25.5°C | Humidity: 85%
 -> Sent Weather | Zone: Hadapsar      | Temp: 26.1°C | Humidity: 79%
 -> Sent Weather | Zone: Shivajinagar  | Temp: 25.6°C | Humidity: 82%

--- Emitting Weather Window: 02:10:52 ---
 -> Sent Weather | Zone: Hinjewadi     | Temp: 25.5°C | Humidity: 82%
 -> Sent Weather | Zone: FC Road       | Temp: 25.9°C | Humidity: 83%
 -> Sent Weather | Zone: Kothrud       | Temp: 25.4°C | Humidity: 84%
 -> Sent Weather | Zone: Hadapsar      | Temp: 26.2°C | Humidity: 80%
 -> Sent Weather | Zone: Shivajinagar  | Temp: 25.8°C | Humidity: 83%

--- Emitting Weather Window: 02:11:11 ---
 -> Sent Weather | Zone: Hinjewadi     | Temp: 25.6°C | Humidity: 83%
 -> Sent Weather | Zone: FC Road       | Temp: 25.7°C | Humidity: 82%
 -> Sent Weather | Zone: Kothrud       | Temp: 25.5°C | Humidity: 85%
 -> Sent Weather | Zone: Hadapsar      | Temp: 26.2°C | Humidity: 80%
 -> Sent Weather | Zone: Shivajinagar  | Temp: 25.5°C | Humidity: 82%

--- Emitting Weather Window: 02:11:30 ---
 -> Sent Weather | Zone: Hinjewadi     | Temp: 25.5°C | Humidity: 83%
 -> Sent Weather | Zone: FC Road       | Temp: 25.8°C | Humidity: 83%
 -> Sent Weather | Zone: Kothrud       | Temp: 25.3°C | Humidity: 84%
 -> Sent Weather | Zone: Hadapsar      | Temp: 26.3°C | Humidity: 80%
 -> Sent Weather | Zone: Shivajinagar  | Temp: 25.9°C | Humidity: 83%

--- Emitting Weather Window: 02:11:49 ---
 -> Sent Weather | Zone: Hinjewadi     | Temp: 25.6°C | Humidity: 83%
 -> Sent Weather | Zone: FC Road       | Temp: 25.5°C | Humidity: 82%
 -> Sent Weather | Zone: Kothrud       | Temp: 25.6°C | Humidity: 85%
 -> Sent Weather | Zone: Hadapsar      | Temp: 26.0°C | Humidity: 79%
 -> Sent Weather | Zone: Shivajinagar  | Temp: 25.5°C | Humidity: 82%

--- Emitting Weather Window: 02:12:08 ---
 -> Sent Weather | Zone: Hinjewadi     | Temp: 25.7°C | Humidity: 83%
 -> Sent Weather | Zone: FC Road       | Temp: 25.8°C | Humidity: 83%
 -> Sent Weather | Zone: Kothrud       | Temp: 25.4°C | Humidity: 84%
 -> Sent Weather | Zone: Hadapsar      | Temp: 26.2°C | Humidity: 80%
 -> Sent Weather | Zone: Shivajinagar  | Temp: 25.6°C | Humidity: 82%

--- Emitting Weather Window: 02:12:26 ---
 -> Sent Weather | Zone: Hinjewadi     | Temp: 25.3°C | Humidity: 82%
 -> Sent Weather | Zone: FC Road       | Temp: 25.6°C | Humidity: 82%
 -> Sent Weather | Zone: Kothrud       | Temp: 25.6°C | Humidity: 85%
 -> Sent Weather | Zone: Hadapsar      | Temp: 26.1°C | Humidity: 80%
 -> Sent Weather | Zone: Shivajinagar  | Temp: 25.5°C | Humidity: 82%

--- Emitting Weather Window: 02:12:45 ---
 -> Sent Weather | Zone: Hinjewadi     | Temp: 25.5°C | Humidity: 83%
 -> Sent Weather | Zone: FC Road       | Temp: 25.6°C | Humidity: 82%
 -> Sent Weather | Zone: Kothrud       | Temp: 25.6°C | Humidity: 85%
 -> Sent Weather | Zone: Hadapsar      | Temp: 26.0°C | Humidity: 79%
 -> Sent Weather | Zone: Shivajinagar  | Temp: 25.7°C | Humidity: 83%

--- Emitting Weather Window: 02:13:04 ---
 -> Sent Weather | Zone: Hinjewadi     | Temp: 25.5°C | Humidity: 82%
 -> Sent Weather | Zone: FC Road       | Temp: 25.9°C | Humidity: 83%
 -> Sent Weather | Zone: Kothrud       | Temp: 25.3°C | Humidity: 84%
 -> Sent Weather | Zone: Hadapsar      | Temp: 26.0°C | Humidity: 79%
 -> Sent Weather | Zone: Shivajinagar  | Temp: 25.6°C | Humidity: 82%

--- Emitting Weather Window: 02:13:23 ---
 -> Sent Weather | Zone: Hinjewadi     | Temp: 25.5°C | Humidity: 82%
 -> Sent Weather | Zone: FC Road       | Temp: 25.6°C | Humidity: 82%
 -> Sent Weather | Zone: Kothrud       | Temp: 25.5°C | Humidity: 85%
 -> Sent Weather | Zone: Hadapsar      | Temp: 26.1°C | Humidity: 80%
 -> Sent Weather | Zone: Shivajinagar  | Temp: 25.9°C | Humidity: 83%

--- Emitting Weather Window: 02:13:42 ---
 -> Sent Weather | Zone: Hinjewadi     | Temp: 25.7°C | Humidity: 83%
 -> Sent Weather | Zone: FC Road       | Temp: 25.5°C | Humidity: 82%
 -> Sent Weather | Zone: Kothrud       | Temp: 25.5°C | Humidity: 84%
 -> Sent Weather | Zone: Hadapsar      | Temp: 26.1°C | Humidity: 79%
⚠️ API Fetch error: HTTPSConnectionPool(host='api.open-meteo.com', port=443): Read timed out. (read timeout=10)
 -> Sent Weather | Zone: Shivajinagar  | Temp: 31.9°C | Humidity: 59%

--- Emitting Weather Window: 02:14:10 ---
 -> Sent Weather | Zone: Hinjewadi     | Temp: 25.4°C | Humidity: 82%
 -> Sent Weather | Zone: FC Road       | Temp: 25.5°C | Humidity: 82%
 -> Sent Weather | Zone: Kothrud       | Temp: 25.3°C | Humidity: 84%
 -> Sent Weather | Zone: Hadapsar      | Temp: 25.9°C | Humidity: 79%
 -> Sent Weather | Zone: Shivajinagar  | Temp: 25.8°C | Humidity: 83%

--- Emitting Weather Window: 02:14:29 ---
 -> Sent Weather | Zone: Hinjewadi     | Temp: 25.4°C | Humidity: 82%
 -> Sent Weather | Zone: FC Road       | Temp: 25.5°C | Humidity: 82%
 -> Sent Weather | Zone: Kothrud       | Temp: 25.4°C | Humidity: 84%
 -> Sent Weather | Zone: Hadapsar      | Temp: 26.0°C | Humidity: 79%
 -> Sent Weather | Zone: Shivajinagar  | Temp: 25.5°C | Humidity: 82%

--- Emitting Weather Window: 02:14:47 ---
 -> Sent Weather | Zone: Hinjewadi     | Temp: 25.3°C | Humidity: 82%
 -> Sent Weather | Zone: FC Road       | Temp: 25.8°C | Humidity: 83%
 -> Sent Weather | Zone: Kothrud       | Temp: 25.6°C | Humidity: 85%
 -> Sent Weather | Zone: Hadapsar      | Temp: 26.1°C | Humidity: 79%
 -> Sent Weather | Zone: Shivajinagar  | Temp: 25.8°C | Humidity: 83%

--- Emitting Weather Window: 02:15:06 ---
 -> Sent Weather | Zone: Hinjewadi     | Temp: 25.7°C | Humidity: 83%
 -> Sent Weather | Zone: FC Road       | Temp: 25.9°C | Humidity: 83%
 -> Sent Weather | Zone: Kothrud       | Temp: 25.7°C | Humidity: 85%
 -> Sent Weather | Zone: Hadapsar      | Temp: 25.9°C | Humidity: 79%
 -> Sent Weather | Zone: Shivajinagar  | Temp: 25.6°C | Humidity: 82%

--- Emitting Weather Window: 02:15:25 ---
 -> Sent Weather | Zone: Hinjewadi     | Temp: 25.6°C | Humidity: 83%
 -> Sent Weather | Zone: FC Road       | Temp: 25.6°C | Humidity: 82%
 -> Sent Weather | Zone: Kothrud       | Temp: 25.7°C | Humidity: 85%
 -> Sent Weather | Zone: Hadapsar      | Temp: 26.3°C | Humidity: 80%
 -> Sent Weather | Zone: Shivajinagar  | Temp: 25.8°C | Humidity: 83%

--- Emitting Weather Window: 02:15:43 ---
 -> Sent Weather | Zone: Hinjewadi     | Temp: 25.5°C | Humidity: 82%
 -> Sent Weather | Zone: FC Road       | Temp: 25.7°C | Humidity: 83%
 -> Sent Weather | Zone: Kothrud       | Temp: 25.6°C | Humidity: 85%
 -> Sent Weather | Zone: Hadapsar      | Temp: 26.2°C | Humidity: 80%
 -> Sent Weather | Zone: Shivajinagar  | Temp: 25.7°C | Humidity: 83%

--- Emitting Weather Window: 02:16:02 ---
 -> Sent Weather | Zone: Hinjewadi     | Temp: 25.4°C | Humidity: 82%
 -> Sent Weather | Zone: FC Road       | Temp: 25.8°C | Humidity: 83%
 -> Sent Weather | Zone: Kothrud       | Temp: 25.5°C | Humidity: 85%
 -> Sent Weather | Zone: Hadapsar      | Temp: 26.1°C | Humidity: 80%
 -> Sent Weather | Zone: Shivajinagar  | Temp: 25.6°C | Humidity: 82%

--- Emitting Weather Window: 02:16:21 ---
 -> Sent Weather | Zone: Hinjewadi     | Temp: 25.6°C | Humidity: 83%
 -> Sent Weather | Zone: FC Road       | Temp: 25.7°C | Humidity: 83%
 -> Sent Weather | Zone: Kothrud       | Temp: 25.4°C | Humidity: 84%
 -> Sent Weather | Zone: Hadapsar      | Temp: 25.8°C | Humidity: 79%
 -> Sent Weather | Zone: Shivajinagar  | Temp: 25.9°C | Humidity: 83%

--- Emitting Weather Window: 02:16:39 ---
 -> Sent Weather | Zone: Hinjewadi     | Temp: 25.7°C | Humidity: 83%
 -> Sent Weather | Zone: FC Road       | Temp: 25.9°C | Humidity: 83%
 -> Sent Weather | Zone: Kothrud       | Temp: 25.5°C | Humidity: 84%
 -> Sent Weather | Zone: Hadapsar      | Temp: 26.3°C | Humidity: 80%
 -> Sent Weather | Zone: Shivajinagar  | Temp: 25.9°C | Humidity: 83%

--- Emitting Weather Window: 02:16:58 ---
 -> Sent Weather | Zone: Hinjewadi     | Temp: 25.5°C | Humidity: 83%
 -> Sent Weather | Zone: FC Road       | Temp: 25.9°C | Humidity: 83%
 -> Sent Weather | Zone: Kothrud       | Temp: 25.4°C | Humidity: 84%
 -> Sent Weather | Zone: Hadapsar      | Temp: 26.3°C | Humidity: 80%
 -> Sent Weather | Zone: Shivajinagar  | Temp: 25.9°C | Humidity: 83%

--- Emitting Weather Window: 02:17:16 ---
 -> Sent Weather | Zone: Hinjewadi     | Temp: 25.6°C | Humidity: 83%
 -> Sent Weather | Zone: FC Road       | Temp: 25.5°C | Humidity: 82%
 -> Sent Weather | Zone: Kothrud       | Temp: 25.7°C | Humidity: 85%
 -> Sent Weather | Zone: Hadapsar      | Temp: 26.2°C | Humidity: 80%
 -> Sent Weather | Zone: Shivajinagar  | Temp: 25.9°C | Humidity: 83%

--- Emitting Weather Window: 02:17:35 ---
 -> Sent Weather | Zone: Hinjewadi     | Temp: 25.4°C | Humidity: 82%
 -> Sent Weather | Zone: FC Road       | Temp: 25.7°C | Humidity: 83%
 -> Sent Weather | Zone: Kothrud       | Temp: 25.4°C | Humidity: 84%
 -> Sent Weather | Zone: Hadapsar      | Temp: 25.8°C | Humidity: 79%
⚠️ API Fetch error: HTTPSConnectionPool(host='api.open-meteo.com', port=443): Read timed out. (read timeout=10)
 -> Sent Weather | Zone: Shivajinagar  | Temp: 32.1°C | Humidity: 60%

--- Emitting Weather Window: 02:18:04 ---
 -> Sent Weather | Zone: Hinjewadi     | Temp: 25.7°C | Humidity: 83%
 -> Sent Weather | Zone: FC Road       | Temp: 25.6°C | Humidity: 82%
 -> Sent Weather | Zone: Kothrud       | Temp: 25.4°C | Humidity: 84%
 -> Sent Weather | Zone: Hadapsar      | Temp: 25.8°C | Humidity: 79%
 -> Sent Weather | Zone: Shivajinagar  | Temp: 25.8°C | Humidity: 83%

--- Emitting Weather Window: 02:18:23 ---
 -> Sent Weather | Zone: Hinjewadi     | Temp: 25.4°C | Humidity: 82%
 -> Sent Weather | Zone: FC Road       | Temp: 25.6°C | Humidity: 82%
 -> Sent Weather | Zone: Kothrud       | Temp: 25.6°C | Humidity: 85%
 -> Sent Weather | Zone: Hadapsar      | Temp: 26.3°C | Humidity: 80%
 -> Sent Weather | Zone: Shivajinagar  | Temp: 25.8°C | Humidity: 83%

--- Emitting Weather Window: 02:18:43 ---
 -> Sent Weather | Zone: Hinjewadi     | Temp: 25.7°C | Humidity: 83%
 -> Sent Weather | Zone: FC Road       | Temp: 25.9°C | Humidity: 83%
 -> Sent Weather | Zone: Kothrud       | Temp: 25.4°C | Humidity: 84%
 -> Sent Weather | Zone: Hadapsar      | Temp: 26.1°C | Humidity: 80%
 -> Sent Weather | Zone: Shivajinagar  | Temp: 25.8°C | Humidity: 83%

--- Emitting Weather Window: 02:19:01 ---
 -> Sent Weather | Zone: Hinjewadi     | Temp: 25.4°C | Humidity: 82%
 -> Sent Weather | Zone: FC Road       | Temp: 25.6°C | Humidity: 82%
 -> Sent Weather | Zone: Kothrud       | Temp: 25.4°C | Humidity: 84%
 -> Sent Weather | Zone: Hadapsar      | Temp: 26.1°C | Humidity: 80%
 -> Sent Weather | Zone: Shivajinagar  | Temp: 25.8°C | Humidity: 83%

--- Emitting Weather Window: 02:19:20 ---
 -> Sent Weather | Zone: Hinjewadi     | Temp: 25.5°C | Humidity: 83%
 -> Sent Weather | Zone: FC Road       | Temp: 25.9°C | Humidity: 83%
 -> Sent Weather | Zone: Kothrud       | Temp: 25.4°C | Humidity: 84%
 -> Sent Weather | Zone: Hadapsar      | Temp: 26.3°C | Humidity: 80%
 -> Sent Weather | Zone: Shivajinagar  | Temp: 25.5°C | Humidity: 82%

--- Emitting Weather Window: 02:19:38 ---
 -> Sent Weather | Zone: Hinjewadi     | Temp: 25.6°C | Humidity: 83%
 -> Sent Weather | Zone: FC Road       | Temp: 25.6°C | Humidity: 82%
 -> Sent Weather | Zone: Kothrud       | Temp: 25.3°C | Humidity: 84%
 -> Sent Weather | Zone: Hadapsar      | Temp: 26.0°C | Humidity: 79%
 -> Sent Weather | Zone: Shivajinagar  | Temp: 25.5°C | Humidity: 82%

--- Emitting Weather Window: 02:19:57 ---
 -> Sent Weather | Zone: Hinjewadi     | Temp: 25.3°C | Humidity: 82%
 -> Sent Weather | Zone: FC Road       | Temp: 25.5°C | Humidity: 82%
 -> Sent Weather | Zone: Kothrud       | Temp: 25.3°C | Humidity: 84%
 -> Sent Weather | Zone: Hadapsar      | Temp: 26.0°C | Humidity: 79%
 -> Sent Weather | Zone: Shivajinagar  | Temp: 25.4°C | Humidity: 82%

--- Emitting Weather Window: 02:20:27 ---
 -> Sent Weather | Zone: Hinjewadi     | Temp: 25.3°C | Humidity: 82%
 -> Sent Weather | Zone: FC Road       | Temp: 25.7°C | Humidity: 82%
 -> Sent Weather | Zone: Kothrud       | Temp: 25.7°C | Humidity: 85%
 -> Sent Weather | Zone: Hadapsar      | Temp: 26.0°C | Humidity: 79%
 -> Sent Weather | Zone: Shivajinagar  | Temp: 25.8°C | Humidity: 83%

--- Emitting Weather Window: 02:20:46 ---
 -> Sent Weather | Zone: Hinjewadi     | Temp: 25.5°C | Humidity: 83%
 -> Sent Weather | Zone: FC Road       | Temp: 25.5°C | Humidity: 82%
 -> Sent Weather | Zone: Kothrud       | Temp: 25.5°C | Humidity: 84%
 -> Sent Weather | Zone: Hadapsar      | Temp: 26.1°C | Humidity: 79%
 -> Sent Weather | Zone: Shivajinagar  | Temp: 25.6°C | Humidity: 82%

--- Emitting Weather Window: 02:21:05 ---
 -> Sent Weather | Zone: Hinjewadi     | Temp: 25.6°C | Humidity: 83%
 -> Sent Weather | Zone: FC Road       | Temp: 25.9°C | Humidity: 83%
 -> Sent Weather | Zone: Kothrud       | Temp: 25.7°C | Humidity: 85%
 -> Sent Weather | Zone: Hadapsar      | Temp: 26.1°C | Humidity: 80%
 -> Sent Weather | Zone: Shivajinagar  | Temp: 25.5°C | Humidity: 82%

--- Emitting Weather Window: 02:21:24 ---
 -> Sent Weather | Zone: Hinjewadi     | Temp: 25.6°C | Humidity: 83%
 -> Sent Weather | Zone: FC Road       | Temp: 25.8°C | Humidity: 83%
 -> Sent Weather | Zone: Kothrud       | Temp: 25.3°C | Humidity: 84%
 -> Sent Weather | Zone: Hadapsar      | Temp: 25.9°C | Humidity: 79%
 -> Sent Weather | Zone: Shivajinagar  | Temp: 25.7°C | Humidity: 83%

--- Emitting Weather Window: 02:21:42 ---
 -> Sent Weather | Zone: Hinjewadi     | Temp: 25.6°C | Humidity: 83%
 -> Sent Weather | Zone: FC Road       | Temp: 25.6°C | Humidity: 82%
 -> Sent Weather | Zone: Kothrud       | Temp: 25.7°C | Humidity: 85%
 -> Sent Weather | Zone: Hadapsar      | Temp: 25.9°C | Humidity: 79%
 -> Sent Weather | Zone: Shivajinagar  | Temp: 25.5°C | Humidity: 82%

--- Emitting Weather Window: 02:22:01 ---
 -> Sent Weather | Zone: Hinjewadi     | Temp: 25.6°C | Humidity: 83%
 -> Sent Weather | Zone: FC Road       | Temp: 25.6°C | Humidity: 82%
 -> Sent Weather | Zone: Kothrud       | Temp: 25.5°C | Humidity: 85%
 -> Sent Weather | Zone: Hadapsar      | Temp: 26.2°C | Humidity: 80%
 -> Sent Weather | Zone: Shivajinagar  | Temp: 25.6°C | Humidity: 82%

--- Emitting Weather Window: 02:22:20 ---
 -> Sent Weather | Zone: Hinjewadi     | Temp: 25.4°C | Humidity: 82%
 -> Sent Weather | Zone: FC Road       | Temp: 25.7°C | Humidity: 82%
 -> Sent Weather | Zone: Kothrud       | Temp: 25.3°C | Humidity: 84%
 -> Sent Weather | Zone: Hadapsar      | Temp: 26.3°C | Humidity: 80%
 -> Sent Weather | Zone: Shivajinagar  | Temp: 25.9°C | Humidity: 83%

--- Emitting Weather Window: 02:22:39 ---
 -> Sent Weather | Zone: Hinjewadi     | Temp: 25.4°C | Humidity: 82%
 -> Sent Weather | Zone: FC Road       | Temp: 25.8°C | Humidity: 83%
 -> Sent Weather | Zone: Kothrud       | Temp: 25.7°C | Humidity: 85%
 -> Sent Weather | Zone: Hadapsar      | Temp: 26.0°C | Humidity: 79%
 -> Sent Weather | Zone: Shivajinagar  | Temp: 25.7°C | Humidity: 83%

--- Emitting Weather Window: 02:22:57 ---
 -> Sent Weather | Zone: Hinjewadi     | Temp: 25.6°C | Humidity: 83%
 -> Sent Weather | Zone: FC Road       | Temp: 25.6°C | Humidity: 82%
 -> Sent Weather | Zone: Kothrud       | Temp: 25.7°C | Humidity: 85%
 -> Sent Weather | Zone: Hadapsar      | Temp: 25.9°C | Humidity: 79%
 -> Sent Weather | Zone: Shivajinagar  | Temp: 25.7°C | Humidity: 83%

--- Emitting Weather Window: 02:23:16 ---
 -> Sent Weather | Zone: Hinjewadi     | Temp: 25.3°C | Humidity: 82%
 -> Sent Weather | Zone: FC Road       | Temp: 25.6°C | Humidity: 82%
 -> Sent Weather | Zone: Kothrud       | Temp: 25.3°C | Humidity: 84%
 -> Sent Weather | Zone: Hadapsar      | Temp: 26.3°C | Humidity: 80%
 -> Sent Weather | Zone: Shivajinagar  | Temp: 25.9°C | Humidity: 83%

--- Emitting Weather Window: 02:23:35 ---
 -> Sent Weather | Zone: Hinjewadi     | Temp: 25.4°C | Humidity: 82%
 -> Sent Weather | Zone: FC Road       | Temp: 25.9°C | Humidity: 83%
 -> Sent Weather | Zone: Kothrud       | Temp: 25.3°C | Humidity: 84%
 -> Sent Weather | Zone: Hadapsar      | Temp: 26.2°C | Humidity: 80%
 -> Sent Weather | Zone: Shivajinagar  | Temp: 25.5°C | Humidity: 82%

--- Emitting Weather Window: 02:23:53 ---
 -> Sent Weather | Zone: Hinjewadi     | Temp: 25.5°C | Humidity: 82%
⚠️ API Fetch error: HTTPSConnectionPool(host='api.open-meteo.com', port=443): Read timed out. (read timeout=10)
 -> Sent Weather | Zone: FC Road       | Temp: 32.3°C | Humidity: 60%
 -> Sent Weather | Zone: Kothrud       | Temp: 25.2°C | Humidity: 84%
 -> Sent Weather | Zone: Hadapsar      | Temp: 25.9°C | Humidity: 79%
 -> Sent Weather | Zone: Shivajinagar  | Temp: 25.7°C | Humidity: 83%

--- Emitting Weather Window: 02:24:22 ---
 -> Sent Weather | Zone: Hinjewadi     | Temp: 25.7°C | Humidity: 83%
 -> Sent Weather | Zone: FC Road       | Temp: 25.7°C | Humidity: 83%
 -> Sent Weather | Zone: Kothrud       | Temp: 25.3°C | Humidity: 84%
 -> Sent Weather | Zone: Hadapsar      | Temp: 26.0°C | Humidity: 79%
 -> Sent Weather | Zone: Shivajinagar  | Temp: 25.8°C | Humidity: 83%

--- Emitting Weather Window: 02:24:41 ---
 -> Sent Weather | Zone: Hinjewadi     | Temp: 25.6°C | Humidity: 83%
 -> Sent Weather | Zone: FC Road       | Temp: 25.8°C | Humidity: 83%
 -> Sent Weather | Zone: Kothrud       | Temp: 25.7°C | Humidity: 85%
⚠️ API Fetch error: HTTPSConnectionPool(host='api.open-meteo.com', port=443): Read timed out. (read timeout=10)
 -> Sent Weather | Zone: Hadapsar      | Temp: 31.8°C | Humidity: 59%
 -> Sent Weather | Zone: Shivajinagar  | Temp: 26.0°C | Humidity: 83%

--- Emitting Weather Window: 02:25:09 ---
 -> Sent Weather | Zone: Hinjewadi     | Temp: 25.3°C | Humidity: 82%
 -> Sent Weather | Zone: FC Road       | Temp: 25.9°C | Humidity: 83%
 -> Sent Weather | Zone: Kothrud       | Temp: 25.5°C | Humidity: 85%
 -> Sent Weather | Zone: Hadapsar      | Temp: 25.9°C | Humidity: 79%
 -> Sent Weather | Zone: Shivajinagar  | Temp: 25.7°C | Humidity: 83%

--- Emitting Weather Window: 02:25:28 ---
 -> Sent Weather | Zone: Hinjewadi     | Temp: 25.7°C | Humidity: 83%
 -> Sent Weather | Zone: FC Road       | Temp: 25.9°C | Humidity: 83%
 -> Sent Weather | Zone: Kothrud       | Temp: 25.7°C | Humidity: 85%
 -> Sent Weather | Zone: Hadapsar      | Temp: 26.3°C | Humidity: 80%
 -> Sent Weather | Zone: Shivajinagar  | Temp: 25.7°C | Humidity: 82%

--- Emitting Weather Window: 02:25:46 ---
 -> Sent Weather | Zone: Hinjewadi     | Temp: 25.5°C | Humidity: 83%
 -> Sent Weather | Zone: FC Road       | Temp: 25.5°C | Humidity: 82%
 -> Sent Weather | Zone: Kothrud       | Temp: 25.6°C | Humidity: 85%
 -> Sent Weather | Zone: Hadapsar      | Temp: 25.9°C | Humidity: 79%
 -> Sent Weather | Zone: Shivajinagar  | Temp: 25.9°C | Humidity: 83%

--- Emitting Weather Window: 02:26:05 ---
 -> Sent Weather | Zone: Hinjewadi     | Temp: 25.4°C | Humidity: 82%
 -> Sent Weather | Zone: FC Road       | Temp: 25.7°C | Humidity: 82%
 -> Sent Weather | Zone: Kothrud       | Temp: 25.7°C | Humidity: 85%
 -> Sent Weather | Zone: Hadapsar      | Temp: 26.1°C | Humidity: 80%
 -> Sent Weather | Zone: Shivajinagar  | Temp: 25.9°C | Humidity: 83%

--- Emitting Weather Window: 02:26:24 ---
 -> Sent Weather | Zone: Hinjewadi     | Temp: 25.7°C | Humidity: 83%
 -> Sent Weather | Zone: FC Road       | Temp: 25.9°C | Humidity: 83%
 -> Sent Weather | Zone: Kothrud       | Temp: 25.7°C | Humidity: 85%
 -> Sent Weather | Zone: Hadapsar      | Temp: 26.3°C | Humidity: 80%
 -> Sent Weather | Zone: Shivajinagar  | Temp: 25.9°C | Humidity: 83%

--- Emitting Weather Window: 02:26:42 ---
 -> Sent Weather | Zone: Hinjewadi     | Temp: 25.4°C | Humidity: 82%
 -> Sent Weather | Zone: FC Road       | Temp: 25.7°C | Humidity: 82%
 -> Sent Weather | Zone: Kothrud       | Temp: 25.5°C | Humidity: 85%
 -> Sent Weather | Zone: Hadapsar      | Temp: 26.3°C | Humidity: 80%
 -> Sent Weather | Zone: Shivajinagar  | Temp: 25.7°C | Humidity: 83%

--- Emitting Weather Window: 02:27:01 ---
 -> Sent Weather | Zone: Hinjewadi     | Temp: 25.3°C | Humidity: 82%
 -> Sent Weather | Zone: FC Road       | Temp: 25.9°C | Humidity: 83%
 -> Sent Weather | Zone: Kothrud       | Temp: 25.7°C | Humidity: 85%
 -> Sent Weather | Zone: Hadapsar      | Temp: 25.9°C | Humidity: 79%
 -> Sent Weather | Zone: Shivajinagar  | Temp: 25.9°C | Humidity: 83%

--- Emitting Weather Window: 02:27:19 ---
 -> Sent Weather | Zone: Hinjewadi     | Temp: 25.3°C | Humidity: 82%
 -> Sent Weather | Zone: FC Road       | Temp: 26.0°C | Humidity: 83%
 -> Sent Weather | Zone: Kothrud       | Temp: 25.3°C | Humidity: 84%
 -> Sent Weather | Zone: Hadapsar      | Temp: 26.0°C | Humidity: 79%
 -> Sent Weather | Zone: Shivajinagar  | Temp: 25.6°C | Humidity: 82%

--- Emitting Weather Window: 02:27:38 ---
 -> Sent Weather | Zone: Hinjewadi     | Temp: 25.4°C | Humidity: 82%
 -> Sent Weather | Zone: FC Road       | Temp: 25.8°C | Humidity: 83%
 -> Sent Weather | Zone: Kothrud       | Temp: 25.5°C | Humidity: 85%
 -> Sent Weather | Zone: Hadapsar      | Temp: 26.3°C | Humidity: 80%
 -> Sent Weather | Zone: Shivajinagar  | Temp: 25.8°C | Humidity: 83%

--- Emitting Weather Window: 02:27:56 ---
 -> Sent Weather | Zone: Hinjewadi     | Temp: 25.5°C | Humidity: 82%
 -> Sent Weather | Zone: FC Road       | Temp: 25.6°C | Humidity: 82%
 -> Sent Weather | Zone: Kothrud       | Temp: 25.5°C | Humidity: 85%
 -> Sent Weather | Zone: Hadapsar      | Temp: 26.0°C | Humidity: 79%
 -> Sent Weather | Zone: Shivajinagar  | Temp: 25.9°C | Humidity: 83%

--- Emitting Weather Window: 02:28:15 ---
 -> Sent Weather | Zone: Hinjewadi     | Temp: 25.6°C | Humidity: 83%
 -> Sent Weather | Zone: FC Road       | Temp: 25.5°C | Humidity: 82%
 -> Sent Weather | Zone: Kothrud       | Temp: 25.6°C | Humidity: 85%
 -> Sent Weather | Zone: Hadapsar      | Temp: 26.2°C | Humidity: 80%
 -> Sent Weather | Zone: Shivajinagar  | Temp: 25.9°C | Humidity: 83%

--- Emitting Weather Window: 02:28:34 ---
 -> Sent Weather | Zone: Hinjewadi     | Temp: 25.7°C | Humidity: 83%
 -> Sent Weather | Zone: FC Road       | Temp: 25.6°C | Humidity: 82%
 -> Sent Weather | Zone: Kothrud       | Temp: 25.7°C | Humidity: 85%
 -> Sent Weather | Zone: Hadapsar      | Temp: 25.9°C | Humidity: 79%
 -> Sent Weather | Zone: Shivajinagar  | Temp: 25.6°C | Humidity: 82%

--- Emitting Weather Window: 02:28:53 ---
 -> Sent Weather | Zone: Hinjewadi     | Temp: 25.5°C | Humidity: 83%
 -> Sent Weather | Zone: FC Road       | Temp: 25.9°C | Humidity: 83%
 -> Sent Weather | Zone: Kothrud       | Temp: 25.4°C | Humidity: 84%
 -> Sent Weather | Zone: Hadapsar      | Temp: 26.2°C | Humidity: 80%
 -> Sent Weather | Zone: Shivajinagar  | Temp: 25.7°C | Humidity: 83%

--- Emitting Weather Window: 02:29:11 ---
 -> Sent Weather | Zone: Hinjewadi     | Temp: 25.7°C | Humidity: 83%
 -> Sent Weather | Zone: FC Road       | Temp: 25.8°C | Humidity: 83%
 -> Sent Weather | Zone: Kothrud       | Temp: 25.4°C | Humidity: 84%
 -> Sent Weather | Zone: Hadapsar      | Temp: 25.9°C | Humidity: 79%
 -> Sent Weather | Zone: Shivajinagar  | Temp: 25.6°C | Humidity: 82%

--- Emitting Weather Window: 02:29:30 ---
 -> Sent Weather | Zone: Hinjewadi     | Temp: 25.7°C | Humidity: 83%
 -> Sent Weather | Zone: FC Road       | Temp: 25.5°C | Humidity: 82%
 -> Sent Weather | Zone: Kothrud       | Temp: 25.4°C | Humidity: 84%
 -> Sent Weather | Zone: Hadapsar      | Temp: 26.2°C | Humidity: 80%
 -> Sent Weather | Zone: Shivajinagar  | Temp: 25.7°C | Humidity: 83%

--- Emitting Weather Window: 02:29:49 ---
 -> Sent Weather | Zone: Hinjewadi     | Temp: 25.7°C | Humidity: 83%
 -> Sent Weather | Zone: FC Road       | Temp: 25.6°C | Humidity: 82%
 -> Sent Weather | Zone: Kothrud       | Temp: 25.3°C | Humidity: 84%
 -> Sent Weather | Zone: Hadapsar      | Temp: 26.3°C | Humidity: 80%
 -> Sent Weather | Zone: Shivajinagar  | Temp: 25.6°C | Humidity: 82%

--- Emitting Weather Window: 02:30:08 ---
 -> Sent Weather | Zone: Hinjewadi     | Temp: 25.5°C | Humidity: 83%
 -> Sent Weather | Zone: FC Road       | Temp: 25.9°C | Humidity: 83%
 -> Sent Weather | Zone: Kothrud       | Temp: 25.5°C | Humidity: 84%
 -> Sent Weather | Zone: Hadapsar      | Temp: 26.0°C | Humidity: 79%
 -> Sent Weather | Zone: Shivajinagar  | Temp: 25.5°C | Humidity: 82%

--- Emitting Weather Window: 02:30:49 ---
 -> Sent Weather | Zone: Hinjewadi     | Temp: 25.4°C | Humidity: 82%
 -> Sent Weather | Zone: FC Road       | Temp: 25.8°C | Humidity: 83%
 -> Sent Weather | Zone: Kothrud       | Temp: 25.3°C | Humidity: 84%
 -> Sent Weather | Zone: Hadapsar      | Temp: 26.3°C | Humidity: 80%
 -> Sent Weather | Zone: Shivajinagar  | Temp: 25.4°C | Humidity: 82%

--- Emitting Weather Window: 02:31:11 ---
 -> Sent Weather | Zone: Hinjewadi     | Temp: 25.2°C | Humidity: 82%
 -> Sent Weather | Zone: FC Road       | Temp: 25.5°C | Humidity: 82%
 -> Sent Weather | Zone: Kothrud       | Temp: 25.3°C | Humidity: 84%
 -> Sent Weather | Zone: Hadapsar      | Temp: 25.9°C | Humidity: 79%
 -> Sent Weather | Zone: Shivajinagar  | Temp: 25.8°C | Humidity: 83%

--- Emitting Weather Window: 02:31:30 ---
 -> Sent Weather | Zone: Hinjewadi     | Temp: 25.4°C | Humidity: 83%
 -> Sent Weather | Zone: FC Road       | Temp: 25.5°C | Humidity: 82%
 -> Sent Weather | Zone: Kothrud       | Temp: 25.7°C | Humidity: 85%
 -> Sent Weather | Zone: Hadapsar      | Temp: 25.8°C | Humidity: 79%
 -> Sent Weather | Zone: Shivajinagar  | Temp: 25.4°C | Humidity: 82%

--- Emitting Weather Window: 02:31:49 ---
 -> Sent Weather | Zone: Hinjewadi     | Temp: 25.6°C | Humidity: 83%
 -> Sent Weather | Zone: FC Road       | Temp: 25.6°C | Humidity: 83%
 -> Sent Weather | Zone: Kothrud       | Temp: 25.7°C | Humidity: 85%
 -> Sent Weather | Zone: Hadapsar      | Temp: 26.1°C | Humidity: 80%
 -> Sent Weather | Zone: Shivajinagar  | Temp: 25.6°C | Humidity: 82%

--- Emitting Weather Window: 02:32:07 ---
 -> Sent Weather | Zone: Hinjewadi     | Temp: 25.6°C | Humidity: 83%
 -> Sent Weather | Zone: FC Road       | Temp: 25.6°C | Humidity: 83%
 -> Sent Weather | Zone: Kothrud       | Temp: 25.5°C | Humidity: 85%
 -> Sent Weather | Zone: Hadapsar      | Temp: 26.0°C | Humidity: 80%
 -> Sent Weather | Zone: Shivajinagar  | Temp: 25.6°C | Humidity: 82%

--- Emitting Weather Window: 02:32:26 ---
 -> Sent Weather | Zone: Hinjewadi     | Temp: 25.4°C | Humidity: 83%
 -> Sent Weather | Zone: FC Road       | Temp: 25.7°C | Humidity: 83%
 -> Sent Weather | Zone: Kothrud       | Temp: 25.5°C | Humidity: 84%
 -> Sent Weather | Zone: Hadapsar      | Temp: 25.8°C | Humidity: 79%
 -> Sent Weather | Zone: Shivajinagar  | Temp: 25.5°C | Humidity: 82%

--- Emitting Weather Window: 02:32:44 ---
 -> Sent Weather | Zone: Hinjewadi     | Temp: 25.6°C | Humidity: 83%
 -> Sent Weather | Zone: FC Road       | Temp: 25.8°C | Humidity: 83%
 -> Sent Weather | Zone: Kothrud       | Temp: 25.4°C | Humidity: 84%
 -> Sent Weather | Zone: Hadapsar      | Temp: 26.1°C | Humidity: 80%
 -> Sent Weather | Zone: Shivajinagar  | Temp: 25.7°C | Humidity: 83%

--- Emitting Weather Window: 02:33:03 ---
 -> Sent Weather | Zone: Hinjewadi     | Temp: 25.3°C | Humidity: 82%
 -> Sent Weather | Zone: FC Road       | Temp: 25.6°C | Humidity: 83%
 -> Sent Weather | Zone: Kothrud       | Temp: 25.6°C | Humidity: 85%
 -> Sent Weather | Zone: Hadapsar      | Temp: 25.8°C | Humidity: 79%
 -> Sent Weather | Zone: Shivajinagar  | Temp: 25.5°C | Humidity: 82%

--- Emitting Weather Window: 02:33:22 ---
 -> Sent Weather | Zone: Hinjewadi     | Temp: 25.4°C | Humidity: 83%
 -> Sent Weather | Zone: FC Road       | Temp: 25.5°C | Humidity: 82%
 -> Sent Weather | Zone: Kothrud       | Temp: 25.4°C | Humidity: 84%
⚠️ API Fetch error: HTTPSConnectionPool(host='api.open-meteo.com', port=443): Read timed out. (read timeout=10)
 -> Sent Weather | Zone: Hadapsar      | Temp: 31.8°C | Humidity: 59%
 -> Sent Weather | Zone: Shivajinagar  | Temp: 25.6°C | Humidity: 83%

--- Emitting Weather Window: 02:33:50 ---
 -> Sent Weather | Zone: Hinjewadi     | Temp: 25.5°C | Humidity: 83%
 -> Sent Weather | Zone: FC Road       | Temp: 25.7°C | Humidity: 83%
 -> Sent Weather | Zone: Kothrud       | Temp: 25.7°C | Humidity: 85%
 -> Sent Weather | Zone: Hadapsar      | Temp: 26.1°C | Humidity: 80%
 -> Sent Weather | Zone: Shivajinagar  | Temp: 25.8°C | Humidity: 83%

--- Emitting Weather Window: 02:34:08 ---
 -> Sent Weather | Zone: Hinjewadi     | Temp: 25.2°C | Humidity: 82%
 -> Sent Weather | Zone: FC Road       | Temp: 25.4°C | Humidity: 82%
 -> Sent Weather | Zone: Kothrud       | Temp: 25.7°C | Humidity: 85%
 -> Sent Weather | Zone: Hadapsar      | Temp: 26.1°C | Humidity: 80%
 -> Sent Weather | Zone: Shivajinagar  | Temp: 25.7°C | Humidity: 83%

--- Emitting Weather Window: 02:34:27 ---
 -> Sent Weather | Zone: Hinjewadi     | Temp: 25.3°C | Humidity: 82%
 -> Sent Weather | Zone: FC Road       | Temp: 25.5°C | Humidity: 82%
 -> Sent Weather | Zone: Kothrud       | Temp: 25.6°C | Humidity: 85%
 -> Sent Weather | Zone: Hadapsar      | Temp: 26.2°C | Humidity: 80%
 -> Sent Weather | Zone: Shivajinagar  | Temp: 25.9°C | Humidity: 83%

--- Emitting Weather Window: 02:34:46 ---
 -> Sent Weather | Zone: Hinjewadi     | Temp: 25.4°C | Humidity: 82%
 -> Sent Weather | Zone: FC Road       | Temp: 25.8°C | Humidity: 83%
 -> Sent Weather | Zone: Kothrud       | Temp: 25.5°C | Humidity: 85%
 -> Sent Weather | Zone: Hadapsar      | Temp: 26.0°C | Humidity: 80%
 -> Sent Weather | Zone: Shivajinagar  | Temp: 25.8°C | Humidity: 83%

--- Emitting Weather Window: 02:35:05 ---
 -> Sent Weather | Zone: Hinjewadi     | Temp: 25.2°C | Humidity: 82%
 -> Sent Weather | Zone: FC Road       | Temp: 25.5°C | Humidity: 82%
 -> Sent Weather | Zone: Kothrud       | Temp: 25.3°C | Humidity: 84%
 -> Sent Weather | Zone: Hadapsar      | Temp: 26.2°C | Humidity: 80%
 -> Sent Weather | Zone: Shivajinagar  | Temp: 25.8°C | Humidity: 83%

--- Emitting Weather Window: 02:35:23 ---
⚠️ API Fetch error: HTTPSConnectionPool(host='api.open-meteo.com', port=443): Read timed out. (read timeout=10)
 -> Sent Weather | Zone: Hinjewadi     | Temp: 32.2°C | Humidity: 60%
 -> Sent Weather | Zone: FC Road       | Temp: 25.8°C | Humidity: 83%
 -> Sent Weather | Zone: Kothrud       | Temp: 25.7°C | Humidity: 85%
 -> Sent Weather | Zone: Hadapsar      | Temp: 25.8°C | Humidity: 79%
 -> Sent Weather | Zone: Shivajinagar  | Temp: 25.8°C | Humidity: 83%

--- Emitting Weather Window: 02:35:51 ---
 -> Sent Weather | Zone: Hinjewadi     | Temp: 25.3°C | Humidity: 82%
 -> Sent Weather | Zone: FC Road       | Temp: 25.8°C | Humidity: 83%
 -> Sent Weather | Zone: Kothrud       | Temp: 25.5°C | Humidity: 84%
 -> Sent Weather | Zone: Hadapsar      | Temp: 25.8°C | Humidity: 79%
 -> Sent Weather | Zone: Shivajinagar  | Temp: 25.4°C | Humidity: 82%

--- Emitting Weather Window: 02:36:10 ---
 -> Sent Weather | Zone: Hinjewadi     | Temp: 25.3°C | Humidity: 82%
 -> Sent Weather | Zone: FC Road       | Temp: 25.4°C | Humidity: 82%
 -> Sent Weather | Zone: Kothrud       | Temp: 25.5°C | Humidity: 85%
 -> Sent Weather | Zone: Hadapsar      | Temp: 26.2°C | Humidity: 80%
 -> Sent Weather | Zone: Shivajinagar  | Temp: 25.8°C | Humidity: 83%

--- Emitting Weather Window: 02:36:29 ---
 -> Sent Weather | Zone: Hinjewadi     | Temp: 25.4°C | Humidity: 82%
 -> Sent Weather | Zone: FC Road       | Temp: 25.6°C | Humidity: 83%
 -> Sent Weather | Zone: Kothrud       | Temp: 25.4°C | Humidity: 84%
 -> Sent Weather | Zone: Hadapsar      | Temp: 26.3°C | Humidity: 80%
 -> Sent Weather | Zone: Shivajinagar  | Temp: 25.7°C | Humidity: 83%

--- Emitting Weather Window: 02:36:47 ---
 -> Sent Weather | Zone: Hinjewadi     | Temp: 25.4°C | Humidity: 82%
 -> Sent Weather | Zone: FC Road       | Temp: 25.7°C | Humidity: 83%
 -> Sent Weather | Zone: Kothrud       | Temp: 25.5°C | Humidity: 85%
 -> Sent Weather | Zone: Hadapsar      | Temp: 25.9°C | Humidity: 79%
 -> Sent Weather | Zone: Shivajinagar  | Temp: 25.5°C | Humidity: 82%

--- Emitting Weather Window: 02:37:06 ---
 -> Sent Weather | Zone: Hinjewadi     | Temp: 25.6°C | Humidity: 83%
 -> Sent Weather | Zone: FC Road       | Temp: 25.4°C | Humidity: 82%
 -> Sent Weather | Zone: Kothrud       | Temp: 25.3°C | Humidity: 84%
 -> Sent Weather | Zone: Hadapsar      | Temp: 26.2°C | Humidity: 80%
 -> Sent Weather | Zone: Shivajinagar  | Temp: 25.5°C | Humidity: 82%

--- Emitting Weather Window: 02:37:25 ---
 -> Sent Weather | Zone: Hinjewadi     | Temp: 25.4°C | Humidity: 82%
 -> Sent Weather | Zone: FC Road       | Temp: 25.8°C | Humidity: 83%
 -> Sent Weather | Zone: Kothrud       | Temp: 25.6°C | Humidity: 85%
 -> Sent Weather | Zone: Hadapsar      | Temp: 26.2°C | Humidity: 80%
 -> Sent Weather | Zone: Shivajinagar  | Temp: 25.5°C | Humidity: 82%

--- Emitting Weather Window: 02:37:43 ---
 -> Sent Weather | Zone: Hinjewadi     | Temp: 25.3°C | Humidity: 82%
 -> Sent Weather | Zone: FC Road       | Temp: 25.3°C | Humidity: 82%
 -> Sent Weather | Zone: Kothrud       | Temp: 25.4°C | Humidity: 84%
 -> Sent Weather | Zone: Hadapsar      | Temp: 25.7°C | Humidity: 79%
 -> Sent Weather | Zone: Shivajinagar  | Temp: 25.7°C | Humidity: 83%

--- Emitting Weather Window: 02:38:02 ---
 -> Sent Weather | Zone: Hinjewadi     | Temp: 25.3°C | Humidity: 82%
 -> Sent Weather | Zone: FC Road       | Temp: 25.8°C | Humidity: 83%
 -> Sent Weather | Zone: Kothrud       | Temp: 25.3°C | Humidity: 84%
 -> Sent Weather | Zone: Hadapsar      | Temp: 25.8°C | Humidity: 79%
 -> Sent Weather | Zone: Shivajinagar  | Temp: 25.4°C | Humidity: 82%

--- Emitting Weather Window: 02:38:21 ---
 -> Sent Weather | Zone: Hinjewadi     | Temp: 25.6°C | Humidity: 83%
 -> Sent Weather | Zone: FC Road       | Temp: 25.4°C | Humidity: 82%
 -> Sent Weather | Zone: Kothrud       | Temp: 25.6°C | Humidity: 85%
 -> Sent Weather | Zone: Hadapsar      | Temp: 26.2°C | Humidity: 80%
 -> Sent Weather | Zone: Shivajinagar  | Temp: 25.7°C | Humidity: 83%

--- Emitting Weather Window: 02:38:39 ---
 -> Sent Weather | Zone: Hinjewadi     | Temp: 25.4°C | Humidity: 83%
 -> Sent Weather | Zone: FC Road       | Temp: 25.6°C | Humidity: 82%
 -> Sent Weather | Zone: Kothrud       | Temp: 25.7°C | Humidity: 85%
 -> Sent Weather | Zone: Hadapsar      | Temp: 26.2°C | Humidity: 80%
 -> Sent Weather | Zone: Shivajinagar  | Temp: 25.8°C | Humidity: 83%

--- Emitting Weather Window: 02:38:58 ---
 -> Sent Weather | Zone: Hinjewadi     | Temp: 25.6°C | Humidity: 83%
 -> Sent Weather | Zone: FC Road       | Temp: 25.7°C | Humidity: 83%
 -> Sent Weather | Zone: Kothrud       | Temp: 25.5°C | Humidity: 84%
 -> Sent Weather | Zone: Hadapsar      | Temp: 25.8°C | Humidity: 79%
 -> Sent Weather | Zone: Shivajinagar  | Temp: 25.6°C | Humidity: 83%

--- Emitting Weather Window: 02:39:17 ---
 -> Sent Weather | Zone: Hinjewadi     | Temp: 25.5°C | Humidity: 83%
 -> Sent Weather | Zone: FC Road       | Temp: 25.6°C | Humidity: 83%
 -> Sent Weather | Zone: Kothrud       | Temp: 25.6°C | Humidity: 85%
 -> Sent Weather | Zone: Hadapsar      | Temp: 25.8°C | Humidity: 79%
 -> Sent Weather | Zone: Shivajinagar  | Temp: 25.7°C | Humidity: 83%

--- Emitting Weather Window: 02:39:36 ---
 -> Sent Weather | Zone: Hinjewadi     | Temp: 25.2°C | Humidity: 82%
 -> Sent Weather | Zone: FC Road       | Temp: 25.8°C | Humidity: 83%
 -> Sent Weather | Zone: Kothrud       | Temp: 25.4°C | Humidity: 84%
 -> Sent Weather | Zone: Hadapsar      | Temp: 25.9°C | Humidity: 79%
 -> Sent Weather | Zone: Shivajinagar  | Temp: 25.5°C | Humidity: 82%

--- Emitting Weather Window: 02:39:55 ---
 -> Sent Weather | Zone: Hinjewadi     | Temp: 25.3°C | Humidity: 82%
 -> Sent Weather | Zone: FC Road       | Temp: 25.7°C | Humidity: 83%
 -> Sent Weather | Zone: Kothrud       | Temp: 25.3°C | Humidity: 84%
 -> Sent Weather | Zone: Hadapsar      | Temp: 26.1°C | Humidity: 80%
 -> Sent Weather | Zone: Shivajinagar  | Temp: 25.5°C | Humidity: 82%

--- Emitting Weather Window: 02:40:13 ---
 -> Sent Weather | Zone: Hinjewadi     | Temp: 25.5°C | Humidity: 83%
 -> Sent Weather | Zone: FC Road       | Temp: 25.7°C | Humidity: 83%
 -> Sent Weather | Zone: Kothrud       | Temp: 25.3°C | Humidity: 84%
 -> Sent Weather | Zone: Hadapsar      | Temp: 26.1°C | Humidity: 80%
 -> Sent Weather | Zone: Shivajinagar  | Temp: 25.8°C | Humidity: 83%

--- Emitting Weather Window: 02:40:34 ---
 -> Sent Weather | Zone: Hinjewadi     | Temp: 25.5°C | Humidity: 83%
 -> Sent Weather | Zone: FC Road       | Temp: 25.7°C | Humidity: 83%
 -> Sent Weather | Zone: Kothrud       | Temp: 25.7°C | Humidity: 85%
 -> Sent Weather | Zone: Hadapsar      | Temp: 25.7°C | Humidity: 79%
 -> Sent Weather | Zone: Shivajinagar  | Temp: 25.7°C | Humidity: 83%

--- Emitting Weather Window: 02:40:53 ---
 -> Sent Weather | Zone: Hinjewadi     | Temp: 25.6°C | Humidity: 83%
 -> Sent Weather | Zone: FC Road       | Temp: 25.4°C | Humidity: 82%
 -> Sent Weather | Zone: Kothrud       | Temp: 25.5°C | Humidity: 85%
 -> Sent Weather | Zone: Hadapsar      | Temp: 26.0°C | Humidity: 79%
 -> Sent Weather | Zone: Shivajinagar  | Temp: 25.5°C | Humidity: 82%

--- Emitting Weather Window: 02:41:12 ---
 -> Sent Weather | Zone: Hinjewadi     | Temp: 25.4°C | Humidity: 83%
 -> Sent Weather | Zone: FC Road       | Temp: 25.6°C | Humidity: 83%
 -> Sent Weather | Zone: Kothrud       | Temp: 25.3°C | Humidity: 84%
 -> Sent Weather | Zone: Hadapsar      | Temp: 26.1°C | Humidity: 80%
 -> Sent Weather | Zone: Shivajinagar  | Temp: 25.8°C | Humidity: 83%

--- Emitting Weather Window: 02:41:30 ---
 -> Sent Weather | Zone: Hinjewadi     | Temp: 25.4°C | Humidity: 83%
 -> Sent Weather | Zone: FC Road       | Temp: 25.8°C | Humidity: 83%
 -> Sent Weather | Zone: Kothrud       | Temp: 25.5°C | Humidity: 85%
 -> Sent Weather | Zone: Hadapsar      | Temp: 25.9°C | Humidity: 79%
 -> Sent Weather | Zone: Shivajinagar  | Temp: 25.5°C | Humidity: 82%

--- Emitting Weather Window: 02:41:49 ---
 -> Sent Weather | Zone: Hinjewadi     | Temp: 25.3°C | Humidity: 82%
 -> Sent Weather | Zone: FC Road       | Temp: 25.4°C | Humidity: 82%
 -> Sent Weather | Zone: Kothrud       | Temp: 25.6°C | Humidity: 85%
 -> Sent Weather | Zone: Hadapsar      | Temp: 26.2°C | Humidity: 80%
 -> Sent Weather | Zone: Shivajinagar  | Temp: 25.6°C | Humidity: 83%

--- Emitting Weather Window: 02:42:07 ---
 -> Sent Weather | Zone: Hinjewadi     | Temp: 25.5°C | Humidity: 83%
 -> Sent Weather | Zone: FC Road       | Temp: 25.7°C | Humidity: 83%
 -> Sent Weather | Zone: Kothrud       | Temp: 25.4°C | Humidity: 84%
 -> Sent Weather | Zone: Hadapsar      | Temp: 25.8°C | Humidity: 79%
 -> Sent Weather | Zone: Shivajinagar  | Temp: 25.5°C | Humidity: 82%

--- Emitting Weather Window: 02:42:26 ---
 -> Sent Weather | Zone: Hinjewadi     | Temp: 25.3°C | Humidity: 82%
 -> Sent Weather | Zone: FC Road       | Temp: 25.6°C | Humidity: 82%
 -> Sent Weather | Zone: Kothrud       | Temp: 25.5°C | Humidity: 84%
 -> Sent Weather | Zone: Hadapsar      | Temp: 25.9°C | Humidity: 79%
⚠️ API Fetch error: HTTPSConnectionPool(host='api.open-meteo.com', port=443): Read timed out. (read timeout=10)
 -> Sent Weather | Zone: Shivajinagar  | Temp: 32.0°C | Humidity: 60%

--- Emitting Weather Window: 02:42:54 ---
 -> Sent Weather | Zone: Hinjewadi     | Temp: 25.2°C | Humidity: 82%
 -> Sent Weather | Zone: FC Road       | Temp: 25.4°C | Humidity: 82%
 -> Sent Weather | Zone: Kothrud       | Temp: 25.4°C | Humidity: 84%
 -> Sent Weather | Zone: Hadapsar      | Temp: 26.2°C | Humidity: 80%
 -> Sent Weather | Zone: Shivajinagar  | Temp: 25.8°C | Humidity: 83%

--- Emitting Weather Window: 02:43:13 ---
 -> Sent Weather | Zone: Hinjewadi     | Temp: 25.4°C | Humidity: 83%
 -> Sent Weather | Zone: FC Road       | Temp: 25.8°C | Humidity: 83%
 -> Sent Weather | Zone: Kothrud       | Temp: 25.4°C | Humidity: 84%
 -> Sent Weather | Zone: Hadapsar      | Temp: 26.0°C | Humidity: 79%
 -> Sent Weather | Zone: Shivajinagar  | Temp: 25.7°C | Humidity: 83%

--- Emitting Weather Window: 02:43:32 ---
 -> Sent Weather | Zone: Hinjewadi     | Temp: 25.4°C | Humidity: 82%
 -> Sent Weather | Zone: FC Road       | Temp: 25.4°C | Humidity: 82%
 -> Sent Weather | Zone: Kothrud       | Temp: 25.7°C | Humidity: 85%
 -> Sent Weather | Zone: Hadapsar      | Temp: 25.9°C | Humidity: 79%
 -> Sent Weather | Zone: Shivajinagar  | Temp: 25.6°C | Humidity: 82%

--- Emitting Weather Window: 02:43:51 ---
 -> Sent Weather | Zone: Hinjewadi     | Temp: 25.2°C | Humidity: 82%
 -> Sent Weather | Zone: FC Road       | Temp: 25.6°C | Humidity: 83%
 -> Sent Weather | Zone: Kothrud       | Temp: 25.7°C | Humidity: 85%
 -> Sent Weather | Zone: Hadapsar      | Temp: 25.9°C | Humidity: 79%
⚠️ API Fetch error: HTTPSConnectionPool(host='api.open-meteo.com', port=443): Read timed out. (read timeout=10)
 -> Sent Weather | Zone: Shivajinagar  | Temp: 32.1°C | Humidity: 60%

--- Emitting Weather Window: 02:44:19 ---
 -> Sent Weather | Zone: Hinjewadi     | Temp: 25.3°C | Humidity: 82%
 -> Sent Weather | Zone: FC Road       | Temp: 25.6°C | Humidity: 82%
 -> Sent Weather | Zone: Kothrud       | Temp: 25.7°C | Humidity: 85%
 -> Sent Weather | Zone: Hadapsar      | Temp: 26.0°C | Humidity: 79%
 -> Sent Weather | Zone: Shivajinagar  | Temp: 25.7°C | Humidity: 83%

--- Emitting Weather Window: 02:44:37 ---
 -> Sent Weather | Zone: Hinjewadi     | Temp: 25.5°C | Humidity: 83%
 -> Sent Weather | Zone: FC Road       | Temp: 25.8°C | Humidity: 83%
 -> Sent Weather | Zone: Kothrud       | Temp: 25.3°C | Humidity: 84%
 -> Sent Weather | Zone: Hadapsar      | Temp: 25.8°C | Humidity: 79%
 -> Sent Weather | Zone: Shivajinagar  | Temp: 25.7°C | Humidity: 83%

--- Emitting Weather Window: 02:44:56 ---
 -> Sent Weather | Zone: Hinjewadi     | Temp: 25.2°C | Humidity: 82%
 -> Sent Weather | Zone: FC Road       | Temp: 25.6°C | Humidity: 83%
 -> Sent Weather | Zone: Kothrud       | Temp: 25.7°C | Humidity: 85%
 -> Sent Weather | Zone: Hadapsar      | Temp: 25.8°C | Humidity: 79%
 -> Sent Weather | Zone: Shivajinagar  | Temp: 25.6°C | Humidity: 83%

--- Emitting Weather Window: 02:45:15 ---
 -> Sent Weather | Zone: Hinjewadi     | Temp: 25.5°C | Humidity: 83%
 -> Sent Weather | Zone: FC Road       | Temp: 25.6°C | Humidity: 82%
 -> Sent Weather | Zone: Kothrud       | Temp: 25.6°C | Humidity: 85%
 -> Sent Weather | Zone: Hadapsar      | Temp: 26.2°C | Humidity: 80%
 -> Sent Weather | Zone: Shivajinagar  | Temp: 25.5°C | Humidity: 82%

--- Emitting Weather Window: 02:45:34 ---
 -> Sent Weather | Zone: Hinjewadi     | Temp: 25.3°C | Humidity: 82%
 -> Sent Weather | Zone: FC Road       | Temp: 25.6°C | Humidity: 83%
 -> Sent Weather | Zone: Kothrud       | Temp: 25.4°C | Humidity: 84%
 -> Sent Weather | Zone: Hadapsar      | Temp: 25.8°C | Humidity: 79%
 -> Sent Weather | Zone: Shivajinagar  | Temp: 25.7°C | Humidity: 83%

--- Emitting Weather Window: 02:45:52 ---
 -> Sent Weather | Zone: Hinjewadi     | Temp: 25.6°C | Humidity: 83%
 -> Sent Weather | Zone: FC Road       | Temp: 25.8°C | Humidity: 83%
 -> Sent Weather | Zone: Kothrud       | Temp: 25.6°C | Humidity: 85%
 -> Sent Weather | Zone: Hadapsar      | Temp: 26.1°C | Humidity: 80%
 -> Sent Weather | Zone: Shivajinagar  | Temp: 25.8°C | Humidity: 83%

--- Emitting Weather Window: 02:46:11 ---
 -> Sent Weather | Zone: Hinjewadi     | Temp: 25.7°C | Humidity: 83%
 -> Sent Weather | Zone: FC Road       | Temp: 25.4°C | Humidity: 82%
 -> Sent Weather | Zone: Kothrud       | Temp: 25.3°C | Humidity: 84%
 -> Sent Weather | Zone: Hadapsar      | Temp: 25.9°C | Humidity: 79%
 -> Sent Weather | Zone: Shivajinagar  | Temp: 25.6°C | Humidity: 83%

--- Emitting Weather Window: 02:46:30 ---
 -> Sent Weather | Zone: Hinjewadi     | Temp: 25.3°C | Humidity: 82%
 -> Sent Weather | Zone: FC Road       | Temp: 25.6°C | Humidity: 83%
 -> Sent Weather | Zone: Kothrud       | Temp: 25.6°C | Humidity: 85%
 -> Sent Weather | Zone: Hadapsar      | Temp: 25.8°C | Humidity: 79%
 -> Sent Weather | Zone: Shivajinagar  | Temp: 25.5°C | Humidity: 82%

--- Emitting Weather Window: 02:46:48 ---
 -> Sent Weather | Zone: Hinjewadi     | Temp: 25.6°C | Humidity: 83%
 -> Sent Weather | Zone: FC Road       | Temp: 25.8°C | Humidity: 83%
 -> Sent Weather | Zone: Kothrud       | Temp: 25.4°C | Humidity: 84%
 -> Sent Weather | Zone: Hadapsar      | Temp: 26.1°C | Humidity: 80%
 -> Sent Weather | Zone: Shivajinagar  | Temp: 25.8°C | Humidity: 83%

--- Emitting Weather Window: 02:47:06 ---
 -> Sent Weather | Zone: Hinjewadi     | Temp: 25.5°C | Humidity: 83%
 -> Sent Weather | Zone: FC Road       | Temp: 25.4°C | Humidity: 82%
 -> Sent Weather | Zone: Kothrud       | Temp: 25.7°C | Humidity: 85%
 -> Sent Weather | Zone: Hadapsar      | Temp: 25.9°C | Humidity: 79%
 -> Sent Weather | Zone: Shivajinagar  | Temp: 25.7°C | Humidity: 83%

--- Emitting Weather Window: 02:47:26 ---
 -> Sent Weather | Zone: Hinjewadi     | Temp: 25.3°C | Humidity: 82%
 -> Sent Weather | Zone: FC Road       | Temp: 25.6°C | Humidity: 83%
 -> Sent Weather | Zone: Kothrud       | Temp: 25.3°C | Humidity: 84%
 -> Sent Weather | Zone: Hadapsar      | Temp: 26.2°C | Humidity: 80%
 -> Sent Weather | Zone: Shivajinagar  | Temp: 25.7°C | Humidity: 83%

--- Emitting Weather Window: 02:47:44 ---
 -> Sent Weather | Zone: Hinjewadi     | Temp: 25.6°C | Humidity: 83%
 -> Sent Weather | Zone: FC Road       | Temp: 25.6°C | Humidity: 83%
 -> Sent Weather | Zone: Kothrud       | Temp: 25.7°C | Humidity: 85%
 -> Sent Weather | Zone: Hadapsar      | Temp: 26.0°C | Humidity: 80%
 -> Sent Weather | Zone: Shivajinagar  | Temp: 25.8°C | Humidity: 83%

--- Emitting Weather Window: 02:48:03 ---
 -> Sent Weather | Zone: Hinjewadi     | Temp: 25.5°C | Humidity: 83%
 -> Sent Weather | Zone: FC Road       | Temp: 25.5°C | Humidity: 82%
 -> Sent Weather | Zone: Kothrud       | Temp: 25.5°C | Humidity: 84%
 -> Sent Weather | Zone: Hadapsar      | Temp: 25.8°C | Humidity: 79%
 -> Sent Weather | Zone: Shivajinagar  | Temp: 25.6°C | Humidity: 83%

--- Emitting Weather Window: 02:48:22 ---
 -> Sent Weather | Zone: Hinjewadi     | Temp: 25.3°C | Humidity: 82%
 -> Sent Weather | Zone: FC Road       | Temp: 25.8°C | Humidity: 83%
 -> Sent Weather | Zone: Kothrud       | Temp: 25.8°C | Humidity: 85%
 -> Sent Weather | Zone: Hadapsar      | Temp: 25.8°C | Humidity: 79%
 -> Sent Weather | Zone: Shivajinagar  | Temp: 25.5°C | Humidity: 82%

--- Emitting Weather Window: 02:48:40 ---
 -> Sent Weather | Zone: Hinjewadi     | Temp: 25.4°C | Humidity: 82%
 -> Sent Weather | Zone: FC Road       | Temp: 25.8°C | Humidity: 83%
 -> Sent Weather | Zone: Kothrud       | Temp: 25.7°C | Humidity: 85%
 -> Sent Weather | Zone: Hadapsar      | Temp: 26.1°C | Humidity: 80%
 -> Sent Weather | Zone: Shivajinagar  | Temp: 25.5°C | Humidity: 82%

--- Emitting Weather Window: 02:48:59 ---
 -> Sent Weather | Zone: Hinjewadi     | Temp: 25.4°C | Humidity: 82%
 -> Sent Weather | Zone: FC Road       | Temp: 25.7°C | Humidity: 83%
 -> Sent Weather | Zone: Kothrud       | Temp: 25.7°C | Humidity: 85%
 -> Sent Weather | Zone: Hadapsar      | Temp: 25.9°C | Humidity: 79%
 -> Sent Weather | Zone: Shivajinagar  | Temp: 25.7°C | Humidity: 83%

--- Emitting Weather Window: 02:49:18 ---
 -> Sent Weather | Zone: Hinjewadi     | Temp: 25.5°C | Humidity: 82%
 -> Sent Weather | Zone: FC Road       | Temp: 25.7°C | Humidity: 83%
 -> Sent Weather | Zone: Kothrud       | Temp: 25.6°C | Humidity: 85%
 -> Sent Weather | Zone: Hadapsar      | Temp: 26.1°C | Humidity: 80%
 -> Sent Weather | Zone: Shivajinagar  | Temp: 25.4°C | Humidity: 82%

--- Emitting Weather Window: 02:49:37 ---
 -> Sent Weather | Zone: Hinjewadi     | Temp: 25.3°C | Humidity: 82%
 -> Sent Weather | Zone: FC Road       | Temp: 25.7°C | Humidity: 83%
 -> Sent Weather | Zone: Kothrud       | Temp: 25.5°C | Humidity: 85%
 -> Sent Weather | Zone: Hadapsar      | Temp: 26.1°C | Humidity: 80%
 -> Sent Weather | Zone: Shivajinagar  | Temp: 25.4°C | Humidity: 82%

--- Emitting Weather Window: 02:49:56 ---
 -> Sent Weather | Zone: Hinjewadi     | Temp: 25.3°C | Humidity: 82%
 -> Sent Weather | Zone: FC Road       | Temp: 25.5°C | Humidity: 82%
 -> Sent Weather | Zone: Kothrud       | Temp: 25.3°C | Humidity: 84%
 -> Sent Weather | Zone: Hadapsar      | Temp: 26.2°C | Humidity: 80%
 -> Sent Weather | Zone: Shivajinagar  | Temp: 25.7°C | Humidity: 83%

--- Emitting Weather Window: 02:50:14 ---
 -> Sent Weather | Zone: Hinjewadi     | Temp: 25.6°C | Humidity: 83%
 -> Sent Weather | Zone: FC Road       | Temp: 25.8°C | Humidity: 83%
 -> Sent Weather | Zone: Kothrud       | Temp: 25.7°C | Humidity: 85%
 -> Sent Weather | Zone: Hadapsar      | Temp: 26.1°C | Humidity: 80%
 -> Sent Weather | Zone: Shivajinagar  | Temp: 25.4°C | Humidity: 82%

--- Emitting Weather Window: 02:50:35 ---
 -> Sent Weather | Zone: Hinjewadi     | Temp: 25.7°C | Humidity: 83%
 -> Sent Weather | Zone: FC Road       | Temp: 25.7°C | Humidity: 83%
 -> Sent Weather | Zone: Kothrud       | Temp: 25.3°C | Humidity: 84%
 -> Sent Weather | Zone: Hadapsar      | Temp: 26.0°C | Humidity: 79%
 -> Sent Weather | Zone: Shivajinagar  | Temp: 25.8°C | Humidity: 83%

--- Emitting Weather Window: 02:50:53 ---
 -> Sent Weather | Zone: Hinjewadi     | Temp: 25.7°C | Humidity: 83%
 -> Sent Weather | Zone: FC Road       | Temp: 25.3°C | Humidity: 82%
 -> Sent Weather | Zone: Kothrud       | Temp: 25.6°C | Humidity: 85%
 -> Sent Weather | Zone: Hadapsar      | Temp: 26.1°C | Humidity: 80%
 -> Sent Weather | Zone: Shivajinagar  | Temp: 25.7°C | Humidity: 83%

--- Emitting Weather Window: 02:51:13 ---
 -> Sent Weather | Zone: Hinjewadi     | Temp: 25.7°C | Humidity: 83%
 -> Sent Weather | Zone: FC Road       | Temp: 25.4°C | Humidity: 82%
 -> Sent Weather | Zone: Kothrud       | Temp: 25.6°C | Humidity: 85%
 -> Sent Weather | Zone: Hadapsar      | Temp: 25.8°C | Humidity: 79%
 -> Sent Weather | Zone: Shivajinagar  | Temp: 25.4°C | Humidity: 82%

--- Emitting Weather Window: 02:51:33 ---
 -> Sent Weather | Zone: Hinjewadi     | Temp: 25.5°C | Humidity: 82%
 -> Sent Weather | Zone: FC Road       | Temp: 25.7°C | Humidity: 83%
 -> Sent Weather | Zone: Kothrud       | Temp: 25.3°C | Humidity: 84%
 -> Sent Weather | Zone: Hadapsar      | Temp: 26.2°C | Humidity: 80%
 -> Sent Weather | Zone: Shivajinagar  | Temp: 25.4°C | Humidity: 82%

--- Emitting Weather Window: 02:51:52 ---
 -> Sent Weather | Zone: Hinjewadi     | Temp: 25.7°C | Humidity: 83%
 -> Sent Weather | Zone: FC Road       | Temp: 25.4°C | Humidity: 82%
 -> Sent Weather | Zone: Kothrud       | Temp: 25.3°C | Humidity: 84%
 -> Sent Weather | Zone: Hadapsar      | Temp: 25.9°C | Humidity: 79%
 -> Sent Weather | Zone: Shivajinagar  | Temp: 25.8°C | Humidity: 83%

--- Emitting Weather Window: 02:52:11 ---
 -> Sent Weather | Zone: Hinjewadi     | Temp: 25.3°C | Humidity: 82%
 -> Sent Weather | Zone: FC Road       | Temp: 25.7°C | Humidity: 83%
 -> Sent Weather | Zone: Kothrud       | Temp: 25.7°C | Humidity: 85%
 -> Sent Weather | Zone: Hadapsar      | Temp: 26.0°C | Humidity: 80%
 -> Sent Weather | Zone: Shivajinagar  | Temp: 25.8°C | Humidity: 83%

--- Emitting Weather Window: 02:52:29 ---
 -> Sent Weather | Zone: Hinjewadi     | Temp: 25.5°C | Humidity: 82%
 -> Sent Weather | Zone: FC Road       | Temp: 25.6°C | Humidity: 83%
 -> Sent Weather | Zone: Kothrud       | Temp: 25.7°C | Humidity: 85%
 -> Sent Weather | Zone: Hadapsar      | Temp: 26.1°C | Humidity: 80%
 -> Sent Weather | Zone: Shivajinagar  | Temp: 25.8°C | Humidity: 83%

--- Emitting Weather Window: 02:52:48 ---
 -> Sent Weather | Zone: Hinjewadi     | Temp: 25.4°C | Humidity: 82%
 -> Sent Weather | Zone: FC Road       | Temp: 25.7°C | Humidity: 83%
 -> Sent Weather | Zone: Kothrud       | Temp: 25.6°C | Humidity: 85%
 -> Sent Weather | Zone: Hadapsar      | Temp: 26.2°C | Humidity: 80%
 -> Sent Weather | Zone: Shivajinagar  | Temp: 25.4°C | Humidity: 82%

--- Emitting Weather Window: 02:53:07 ---
 -> Sent Weather | Zone: Hinjewadi     | Temp: 25.6°C | Humidity: 83%
 -> Sent Weather | Zone: FC Road       | Temp: 25.6°C | Humidity: 82%
 -> Sent Weather | Zone: Kothrud       | Temp: 25.6°C | Humidity: 85%
 -> Sent Weather | Zone: Hadapsar      | Temp: 25.8°C | Humidity: 79%
 -> Sent Weather | Zone: Shivajinagar  | Temp: 25.4°C | Humidity: 82%

--- Emitting Weather Window: 02:53:26 ---
 -> Sent Weather | Zone: Hinjewadi     | Temp: 25.5°C | Humidity: 82%
 -> Sent Weather | Zone: FC Road       | Temp: 25.7°C | Humidity: 83%
 -> Sent Weather | Zone: Kothrud       | Temp: 25.6°C | Humidity: 85%
 -> Sent Weather | Zone: Hadapsar      | Temp: 25.8°C | Humidity: 79%
 -> Sent Weather | Zone: Shivajinagar  | Temp: 25.5°C | Humidity: 82%

--- Emitting Weather Window: 02:53:44 ---
 -> Sent Weather | Zone: Hinjewadi     | Temp: 25.7°C | Humidity: 83%
 -> Sent Weather | Zone: FC Road       | Temp: 25.7°C | Humidity: 83%
 -> Sent Weather | Zone: Kothrud       | Temp: 25.4°C | Humidity: 84%
 -> Sent Weather | Zone: Hadapsar      | Temp: 26.0°C | Humidity: 79%
 -> Sent Weather | Zone: Shivajinagar  | Temp: 25.4°C | Humidity: 82%

--- Emitting Weather Window: 02:54:03 ---
 -> Sent Weather | Zone: Hinjewadi     | Temp: 25.4°C | Humidity: 82%
 -> Sent Weather | Zone: FC Road       | Temp: 25.7°C | Humidity: 83%
 -> Sent Weather | Zone: Kothrud       | Temp: 25.7°C | Humidity: 85%
 -> Sent Weather | Zone: Hadapsar      | Temp: 26.1°C | Humidity: 80%
 -> Sent Weather | Zone: Shivajinagar  | Temp: 25.6°C | Humidity: 82%

--- Emitting Weather Window: 02:54:22 ---
 -> Sent Weather | Zone: Hinjewadi     | Temp: 25.7°C | Humidity: 83%
 -> Sent Weather | Zone: FC Road       | Temp: 25.4°C | Humidity: 82%
 -> Sent Weather | Zone: Kothrud       | Temp: 25.5°C | Humidity: 84%
 -> Sent Weather | Zone: Hadapsar      | Temp: 26.0°C | Humidity: 80%
 -> Sent Weather | Zone: Shivajinagar  | Temp: 25.5°C | Humidity: 82%

--- Emitting Weather Window: 02:54:41 ---
 -> Sent Weather | Zone: Hinjewadi     | Temp: 25.3°C | Humidity: 82%
 -> Sent Weather | Zone: FC Road       | Temp: 25.8°C | Humidity: 83%
 -> Sent Weather | Zone: Kothrud       | Temp: 25.4°C | Humidity: 84%
 -> Sent Weather | Zone: Hadapsar      | Temp: 26.0°C | Humidity: 79%
 -> Sent Weather | Zone: Shivajinagar  | Temp: 25.6°C | Humidity: 83%

--- Emitting Weather Window: 02:55:00 ---
 -> Sent Weather | Zone: Hinjewadi     | Temp: 25.7°C | Humidity: 83%
 -> Sent Weather | Zone: FC Road       | Temp: 25.6°C | Humidity: 82%
 -> Sent Weather | Zone: Kothrud       | Temp: 25.6°C | Humidity: 85%
 -> Sent Weather | Zone: Hadapsar      | Temp: 26.2°C | Humidity: 80%
 -> Sent Weather | Zone: Shivajinagar  | Temp: 25.5°C | Humidity: 82%

--- Emitting Weather Window: 02:55:18 ---
 -> Sent Weather | Zone: Hinjewadi     | Temp: 25.3°C | Humidity: 82%
 -> Sent Weather | Zone: FC Road       | Temp: 25.7°C | Humidity: 83%
 -> Sent Weather | Zone: Kothrud       | Temp: 25.4°C | Humidity: 84%
 -> Sent Weather | Zone: Hadapsar      | Temp: 25.9°C | Humidity: 79%
 -> Sent Weather | Zone: Shivajinagar  | Temp: 25.4°C | Humidity: 82%

--- Emitting Weather Window: 02:55:37 ---
 -> Sent Weather | Zone: Hinjewadi     | Temp: 25.7°C | Humidity: 83%
 -> Sent Weather | Zone: FC Road       | Temp: 25.5°C | Humidity: 82%
 -> Sent Weather | Zone: Kothrud       | Temp: 25.7°C | Humidity: 85%
 -> Sent Weather | Zone: Hadapsar      | Temp: 26.2°C | Humidity: 80%
 -> Sent Weather | Zone: Shivajinagar  | Temp: 25.8°C | Humidity: 83%

--- Emitting Weather Window: 02:55:56 ---
 -> Sent Weather | Zone: Hinjewadi     | Temp: 25.6°C | Humidity: 83%
 -> Sent Weather | Zone: FC Road       | Temp: 25.6°C | Humidity: 83%
 -> Sent Weather | Zone: Kothrud       | Temp: 25.3°C | Humidity: 84%
 -> Sent Weather | Zone: Hadapsar      | Temp: 26.0°C | Humidity: 80%
 -> Sent Weather | Zone: Shivajinagar  | Temp: 25.8°C | Humidity: 83%

--- Emitting Weather Window: 02:56:15 ---
 -> Sent Weather | Zone: Hinjewadi     | Temp: 25.4°C | Humidity: 82%
 -> Sent Weather | Zone: FC Road       | Temp: 25.6°C | Humidity: 82%
 -> Sent Weather | Zone: Kothrud       | Temp: 25.4°C | Humidity: 84%
 -> Sent Weather | Zone: Hadapsar      | Temp: 25.9°C | Humidity: 79%
 -> Sent Weather | Zone: Shivajinagar  | Temp: 25.6°C | Humidity: 82%

--- Emitting Weather Window: 02:56:34 ---
 -> Sent Weather | Zone: Hinjewadi     | Temp: 25.5°C | Humidity: 83%
 -> Sent Weather | Zone: FC Road       | Temp: 25.5°C | Humidity: 82%
 -> Sent Weather | Zone: Kothrud       | Temp: 25.6°C | Humidity: 85%
 -> Sent Weather | Zone: Hadapsar      | Temp: 26.1°C | Humidity: 80%
 -> Sent Weather | Zone: Shivajinagar  | Temp: 25.6°C | Humidity: 83%

--- Emitting Weather Window: 02:56:52 ---
 -> Sent Weather | Zone: Hinjewadi     | Temp: 25.3°C | Humidity: 82%
 -> Sent Weather | Zone: FC Road       | Temp: 25.5°C | Humidity: 82%
 -> Sent Weather | Zone: Kothrud       | Temp: 25.6°C | Humidity: 85%
 -> Sent Weather | Zone: Hadapsar      | Temp: 26.0°C | Humidity: 80%
 -> Sent Weather | Zone: Shivajinagar  | Temp: 25.4°C | Humidity: 82%

--- Emitting Weather Window: 02:57:11 ---
 -> Sent Weather | Zone: Hinjewadi     | Temp: 25.7°C | Humidity: 83%
 -> Sent Weather | Zone: FC Road       | Temp: 25.6°C | Humidity: 83%
 -> Sent Weather | Zone: Kothrud       | Temp: 25.6°C | Humidity: 85%
 -> Sent Weather | Zone: Hadapsar      | Temp: 26.0°C | Humidity: 79%
 -> Sent Weather | Zone: Shivajinagar  | Temp: 25.7°C | Humidity: 83%

--- Emitting Weather Window: 02:57:30 ---
 -> Sent Weather | Zone: Hinjewadi     | Temp: 25.6°C | Humidity: 83%
⚠️ API Fetch error: HTTPSConnectionPool(host='api.open-meteo.com', port=443): Read timed out. (read timeout=10)
 -> Sent Weather | Zone: FC Road       | Temp: 32.0°C | Humidity: 60%
 -> Sent Weather | Zone: Kothrud       | Temp: 25.6°C | Humidity: 85%
 -> Sent Weather | Zone: Hadapsar      | Temp: 26.1°C | Humidity: 80%
 -> Sent Weather | Zone: Shivajinagar  | Temp: 25.4°C | Humidity: 82%

--- Emitting Weather Window: 02:57:58 ---
 -> Sent Weather | Zone: Hinjewadi     | Temp: 25.7°C | Humidity: 83%
 -> Sent Weather | Zone: FC Road       | Temp: 25.4°C | Humidity: 82%
 -> Sent Weather | Zone: Kothrud       | Temp: 25.5°C | Humidity: 85%
 -> Sent Weather | Zone: Hadapsar      | Temp: 26.2°C | Humidity: 80%
 -> Sent Weather | Zone: Shivajinagar  | Temp: 25.6°C | Humidity: 82%

--- Emitting Weather Window: 02:58:16 ---
 -> Sent Weather | Zone: Hinjewadi     | Temp: 25.7°C | Humidity: 83%
 -> Sent Weather | Zone: FC Road       | Temp: 25.8°C | Humidity: 83%
 -> Sent Weather | Zone: Kothrud       | Temp: 25.5°C | Humidity: 84%
 -> Sent Weather | Zone: Hadapsar      | Temp: 26.0°C | Humidity: 79%
 -> Sent Weather | Zone: Shivajinagar  | Temp: 25.8°C | Humidity: 83%

--- Emitting Weather Window: 02:58:34 ---
 -> Sent Weather | Zone: Hinjewadi     | Temp: 25.7°C | Humidity: 83%
 -> Sent Weather | Zone: FC Road       | Temp: 25.4°C | Humidity: 82%
 -> Sent Weather | Zone: Kothrud       | Temp: 25.5°C | Humidity: 85%
 -> Sent Weather | Zone: Hadapsar      | Temp: 25.9°C | Humidity: 79%
 -> Sent Weather | Zone: Shivajinagar  | Temp: 25.7°C | Humidity: 83%

--- Emitting Weather Window: 02:58:53 ---
 -> Sent Weather | Zone: Hinjewadi     | Temp: 25.3°C | Humidity: 82%
 -> Sent Weather | Zone: FC Road       | Temp: 25.6°C | Humidity: 82%
 -> Sent Weather | Zone: Kothrud       | Temp: 25.6°C | Humidity: 85%
 -> Sent Weather | Zone: Hadapsar      | Temp: 26.0°C | Humidity: 79%
 -> Sent Weather | Zone: Shivajinagar  | Temp: 25.7°C | Humidity: 83%

--- Emitting Weather Window: 02:59:12 ---
 -> Sent Weather | Zone: Hinjewadi     | Temp: 25.3°C | Humidity: 82%
 -> Sent Weather | Zone: FC Road       | Temp: 25.7°C | Humidity: 83%
 -> Sent Weather | Zone: Kothrud       | Temp: 25.5°C | Humidity: 85%
 -> Sent Weather | Zone: Hadapsar      | Temp: 25.9°C | Humidity: 79%
 -> Sent Weather | Zone: Shivajinagar  | Temp: 25.7°C | Humidity: 83%

--- Emitting Weather Window: 02:59:30 ---
 -> Sent Weather | Zone: Hinjewadi     | Temp: 25.3°C | Humidity: 82%
 -> Sent Weather | Zone: FC Road       | Temp: 25.5°C | Humidity: 82%
 -> Sent Weather | Zone: Kothrud       | Temp: 25.4°C | Humidity: 84%
 -> Sent Weather | Zone: Hadapsar      | Temp: 26.1°C | Humidity: 80%
 -> Sent Weather | Zone: Shivajinagar  | Temp: 25.4°C | Humidity: 82%

--- Emitting Weather Window: 02:59:49 ---
 -> Sent Weather | Zone: Hinjewadi     | Temp: 25.5°C | Humidity: 83%
 -> Sent Weather | Zone: FC Road       | Temp: 25.4°C | Humidity: 82%
 -> Sent Weather | Zone: Kothrud       | Temp: 25.6°C | Humidity: 85%
 -> Sent Weather | Zone: Hadapsar      | Temp: 26.0°C | Humidity: 79%
 -> Sent Weather | Zone: Shivajinagar  | Temp: 25.6°C | Humidity: 83%

--- Emitting Weather Window: 03:00:08 ---
⚠️ API Fetch error: HTTPSConnectionPool(host='api.open-meteo.com', port=443): Read timed out. (read timeout=10)
 -> Sent Weather | Zone: Hinjewadi     | Temp: 31.7°C | Humidity: 59%
 -> Sent Weather | Zone: FC Road       | Temp: 25.4°C | Humidity: 82%
 -> Sent Weather | Zone: Kothrud       | Temp: 25.4°C | Humidity: 84%
 -> Sent Weather | Zone: Hadapsar      | Temp: 26.2°C | Humidity: 80%
 -> Sent Weather | Zone: Shivajinagar  | Temp: 25.7°C | Humidity: 83%

--- Emitting Weather Window: 03:00:42 ---
 -> Sent Weather | Zone: Hinjewadi     | Temp: 25.4°C | Humidity: 82%
 -> Sent Weather | Zone: FC Road       | Temp: 25.6°C | Humidity: 83%
 -> Sent Weather | Zone: Kothrud       | Temp: 25.3°C | Humidity: 84%
 -> Sent Weather | Zone: Hadapsar      | Temp: 25.8°C | Humidity: 79%
 -> Sent Weather | Zone: Shivajinagar  | Temp: 25.7°C | Humidity: 83%

--- Emitting Weather Window: 03:01:00 ---
 -> Sent Weather | Zone: Hinjewadi     | Temp: 25.4°C | Humidity: 82%
 -> Sent Weather | Zone: FC Road       | Temp: 25.7°C | Humidity: 83%
 -> Sent Weather | Zone: Kothrud       | Temp: 25.6°C | Humidity: 85%
 -> Sent Weather | Zone: Hadapsar      | Temp: 25.7°C | Humidity: 79%
 -> Sent Weather | Zone: Shivajinagar  | Temp: 25.5°C | Humidity: 82%

--- Emitting Weather Window: 03:01:19 ---
 -> Sent Weather | Zone: Hinjewadi     | Temp: 25.5°C | Humidity: 83%
 -> Sent Weather | Zone: FC Road       | Temp: 25.6°C | Humidity: 83%
 -> Sent Weather | Zone: Kothrud       | Temp: 25.3°C | Humidity: 84%
 -> Sent Weather | Zone: Hadapsar      | Temp: 26.2°C | Humidity: 80%
 -> Sent Weather | Zone: Shivajinagar  | Temp: 25.3°C | Humidity: 82%

--- Emitting Weather Window: 03:01:38 ---
 -> Sent Weather | Zone: Hinjewadi     | Temp: 25.6°C | Humidity: 83%
 -> Sent Weather | Zone: FC Road       | Temp: 25.4°C | Humidity: 82%
 -> Sent Weather | Zone: Kothrud       | Temp: 25.3°C | Humidity: 84%
 -> Sent Weather | Zone: Hadapsar      | Temp: 26.0°C | Humidity: 80%
⚠️ API Fetch error: HTTPSConnectionPool(host='api.open-meteo.com', port=443): Read timed out. (read timeout=10)
 -> Sent Weather | Zone: Shivajinagar  | Temp: 32.1°C | Humidity: 60%

--- Emitting Weather Window: 03:02:06 ---
 -> Sent Weather | Zone: Hinjewadi     | Temp: 25.4°C | Humidity: 82%
 -> Sent Weather | Zone: FC Road       | Temp: 25.3°C | Humidity: 82%
 -> Sent Weather | Zone: Kothrud       | Temp: 25.3°C | Humidity: 84%
 -> Sent Weather | Zone: Hadapsar      | Temp: 25.8°C | Humidity: 79%
 -> Sent Weather | Zone: Shivajinagar  | Temp: 25.5°C | Humidity: 83%

--- Emitting Weather Window: 03:02:25 ---
 -> Sent Weather | Zone: Hinjewadi     | Temp: 25.5°C | Humidity: 82%
 -> Sent Weather | Zone: FC Road       | Temp: 25.4°C | Humidity: 82%
 -> Sent Weather | Zone: Kothrud       | Temp: 25.3°C | Humidity: 84%
 -> Sent Weather | Zone: Hadapsar      | Temp: 26.1°C | Humidity: 80%
 -> Sent Weather | Zone: Shivajinagar  | Temp: 25.4°C | Humidity: 82%

--- Emitting Weather Window: 03:02:44 ---
 -> Sent Weather | Zone: Hinjewadi     | Temp: 25.4°C | Humidity: 82%
 -> Sent Weather | Zone: FC Road       | Temp: 25.3°C | Humidity: 82%
 -> Sent Weather | Zone: Kothrud       | Temp: 25.6°C | Humidity: 85%
 -> Sent Weather | Zone: Hadapsar      | Temp: 25.9°C | Humidity: 79%
 -> Sent Weather | Zone: Shivajinagar  | Temp: 25.4°C | Humidity: 82%

--- Emitting Weather Window: 03:03:03 ---
 -> Sent Weather | Zone: Hinjewadi     | Temp: 25.4°C | Humidity: 82%
 -> Sent Weather | Zone: FC Road       | Temp: 25.5°C | Humidity: 82%
 -> Sent Weather | Zone: Kothrud       | Temp: 25.5°C | Humidity: 85%
 -> Sent Weather | Zone: Hadapsar      | Temp: 26.0°C | Humidity: 80%
 -> Sent Weather | Zone: Shivajinagar  | Temp: 25.4°C | Humidity: 82%

--- Emitting Weather Window: 03:03:22 ---
 -> Sent Weather | Zone: Hinjewadi     | Temp: 25.6°C | Humidity: 83%
 -> Sent Weather | Zone: FC Road       | Temp: 25.5°C | Humidity: 83%
 -> Sent Weather | Zone: Kothrud       | Temp: 25.3°C | Humidity: 84%
 -> Sent Weather | Zone: Hadapsar      | Temp: 26.0°C | Humidity: 79%
 -> Sent Weather | Zone: Shivajinagar  | Temp: 25.5°C | Humidity: 83%

--- Emitting Weather Window: 03:03:41 ---
 -> Sent Weather | Zone: Hinjewadi     | Temp: 25.3°C | Humidity: 82%
 -> Sent Weather | Zone: FC Road       | Temp: 25.7°C | Humidity: 83%
 -> Sent Weather | Zone: Kothrud       | Temp: 25.3°C | Humidity: 84%
 -> Sent Weather | Zone: Hadapsar      | Temp: 26.1°C | Humidity: 80%
 -> Sent Weather | Zone: Shivajinagar  | Temp: 25.3°C | Humidity: 82%

--- Emitting Weather Window: 03:04:00 ---
 -> Sent Weather | Zone: Hinjewadi     | Temp: 25.3°C | Humidity: 82%
 -> Sent Weather | Zone: FC Road       | Temp: 25.7°C | Humidity: 83%
 -> Sent Weather | Zone: Kothrud       | Temp: 25.3°C | Humidity: 84%
 -> Sent Weather | Zone: Hadapsar      | Temp: 26.1°C | Humidity: 80%
 -> Sent Weather | Zone: Shivajinagar  | Temp: 25.5°C | Humidity: 83%

--- Emitting Weather Window: 03:04:19 ---
 -> Sent Weather | Zone: Hinjewadi     | Temp: 25.4°C | Humidity: 82%
 -> Sent Weather | Zone: FC Road       | Temp: 25.5°C | Humidity: 82%
 -> Sent Weather | Zone: Kothrud       | Temp: 25.4°C | Humidity: 85%
 -> Sent Weather | Zone: Hadapsar      | Temp: 25.8°C | Humidity: 79%
 -> Sent Weather | Zone: Shivajinagar  | Temp: 25.5°C | Humidity: 82%

--- Emitting Weather Window: 03:04:38 ---
 -> Sent Weather | Zone: Hinjewadi     | Temp: 25.5°C | Humidity: 82%
 -> Sent Weather | Zone: FC Road       | Temp: 25.3°C | Humidity: 82%
 -> Sent Weather | Zone: Kothrud       | Temp: 25.2°C | Humidity: 84%
 -> Sent Weather | Zone: Hadapsar      | Temp: 25.9°C | Humidity: 79%
 -> Sent Weather | Zone: Shivajinagar  | Temp: 25.3°C | Humidity: 82%

--- Emitting Weather Window: 03:04:57 ---
 -> Sent Weather | Zone: Hinjewadi     | Temp: 25.7°C | Humidity: 83%
 -> Sent Weather | Zone: FC Road       | Temp: 25.6°C | Humidity: 83%
 -> Sent Weather | Zone: Kothrud       | Temp: 25.4°C | Humidity: 84%
 -> Sent Weather | Zone: Hadapsar      | Temp: 25.9°C | Humidity: 79%
 -> Sent Weather | Zone: Shivajinagar  | Temp: 25.7°C | Humidity: 83%

--- Emitting Weather Window: 03:05:15 ---
 -> Sent Weather | Zone: Hinjewadi     | Temp: 25.5°C | Humidity: 83%
 -> Sent Weather | Zone: FC Road       | Temp: 25.4°C | Humidity: 82%
 -> Sent Weather | Zone: Kothrud       | Temp: 25.2°C | Humidity: 84%
 -> Sent Weather | Zone: Hadapsar      | Temp: 26.0°C | Humidity: 80%
 -> Sent Weather | Zone: Shivajinagar  | Temp: 25.3°C | Humidity: 82%

--- Emitting Weather Window: 03:05:34 ---
 -> Sent Weather | Zone: Hinjewadi     | Temp: 25.4°C | Humidity: 82%
 -> Sent Weather | Zone: FC Road       | Temp: 25.3°C | Humidity: 82%
 -> Sent Weather | Zone: Kothrud       | Temp: 25.5°C | Humidity: 85%
 -> Sent Weather | Zone: Hadapsar      | Temp: 26.0°C | Humidity: 79%
 -> Sent Weather | Zone: Shivajinagar  | Temp: 25.6°C | Humidity: 83%

--- Emitting Weather Window: 03:05:53 ---
 -> Sent Weather | Zone: Hinjewadi     | Temp: 25.7°C | Humidity: 83%
 -> Sent Weather | Zone: FC Road       | Temp: 25.5°C | Humidity: 82%
 -> Sent Weather | Zone: Kothrud       | Temp: 25.6°C | Humidity: 85%
 -> Sent Weather | Zone: Hadapsar      | Temp: 25.9°C | Humidity: 79%
 -> Sent Weather | Zone: Shivajinagar  | Temp: 25.3°C | Humidity: 82%

--- Emitting Weather Window: 03:06:12 ---
 -> Sent Weather | Zone: Hinjewadi     | Temp: 25.7°C | Humidity: 83%
 -> Sent Weather | Zone: FC Road       | Temp: 25.5°C | Humidity: 83%
 -> Sent Weather | Zone: Kothrud       | Temp: 25.5°C | Humidity: 85%
 -> Sent Weather | Zone: Hadapsar      | Temp: 26.2°C | Humidity: 80%
 -> Sent Weather | Zone: Shivajinagar  | Temp: 25.7°C | Humidity: 83%

--- Emitting Weather Window: 03:06:31 ---
 -> Sent Weather | Zone: Hinjewadi     | Temp: 25.6°C | Humidity: 83%
 -> Sent Weather | Zone: FC Road       | Temp: 25.5°C | Humidity: 82%
 -> Sent Weather | Zone: Kothrud       | Temp: 25.6°C | Humidity: 85%
 -> Sent Weather | Zone: Hadapsar      | Temp: 26.2°C | Humidity: 80%
 -> Sent Weather | Zone: Shivajinagar  | Temp: 25.6°C | Humidity: 83%

--- Emitting Weather Window: 03:06:50 ---
 -> Sent Weather | Zone: Hinjewadi     | Temp: 25.7°C | Humidity: 83%
 -> Sent Weather | Zone: FC Road       | Temp: 25.3°C | Humidity: 82%
 -> Sent Weather | Zone: Kothrud       | Temp: 25.2°C | Humidity: 84%
 -> Sent Weather | Zone: Hadapsar      | Temp: 26.0°C | Humidity: 79%
 -> Sent Weather | Zone: Shivajinagar  | Temp: 25.7°C | Humidity: 83%

--- Emitting Weather Window: 03:07:08 ---
 -> Sent Weather | Zone: Hinjewadi     | Temp: 25.3°C | Humidity: 82%
 -> Sent Weather | Zone: FC Road       | Temp: 25.7°C | Humidity: 83%
 -> Sent Weather | Zone: Kothrud       | Temp: 25.4°C | Humidity: 85%
 -> Sent Weather | Zone: Hadapsar      | Temp: 25.9°C | Humidity: 79%
 -> Sent Weather | Zone: Shivajinagar  | Temp: 25.4°C | Humidity: 82%

--- Emitting Weather Window: 03:07:27 ---
 -> Sent Weather | Zone: Hinjewadi     | Temp: 25.4°C | Humidity: 82%
 -> Sent Weather | Zone: FC Road       | Temp: 25.4°C | Humidity: 82%
 -> Sent Weather | Zone: Kothrud       | Temp: 25.5°C | Humidity: 85%
 -> Sent Weather | Zone: Hadapsar      | Temp: 26.2°C | Humidity: 80%
 -> Sent Weather | Zone: Shivajinagar  | Temp: 25.5°C | Humidity: 82%

--- Emitting Weather Window: 03:07:46 ---
 -> Sent Weather | Zone: Hinjewadi     | Temp: 25.2°C | Humidity: 82%
 -> Sent Weather | Zone: FC Road       | Temp: 25.7°C | Humidity: 83%
 -> Sent Weather | Zone: Kothrud       | Temp: 25.6°C | Humidity: 85%
 -> Sent Weather | Zone: Hadapsar      | Temp: 26.1°C | Humidity: 80%
 -> Sent Weather | Zone: Shivajinagar  | Temp: 25.4°C | Humidity: 82%

--- Emitting Weather Window: 03:08:05 ---
 -> Sent Weather | Zone: Hinjewadi     | Temp: 25.4°C | Humidity: 82%
 -> Sent Weather | Zone: FC Road       | Temp: 25.4°C | Humidity: 82%
 -> Sent Weather | Zone: Kothrud       | Temp: 25.4°C | Humidity: 84%
 -> Sent Weather | Zone: Hadapsar      | Temp: 26.2°C | Humidity: 80%
 -> Sent Weather | Zone: Shivajinagar  | Temp: 25.5°C | Humidity: 82%

--- Emitting Weather Window: 03:08:24 ---
 -> Sent Weather | Zone: Hinjewadi     | Temp: 25.7°C | Humidity: 83%
 -> Sent Weather | Zone: FC Road       | Temp: 25.3°C | Humidity: 82%
 -> Sent Weather | Zone: Kothrud       | Temp: 25.3°C | Humidity: 84%
 -> Sent Weather | Zone: Hadapsar      | Temp: 26.2°C | Humidity: 80%
 -> Sent Weather | Zone: Shivajinagar  | Temp: 25.5°C | Humidity: 83%

--- Emitting Weather Window: 03:08:43 ---
 -> Sent Weather | Zone: Hinjewadi     | Temp: 25.4°C | Humidity: 82%
 -> Sent Weather | Zone: FC Road       | Temp: 25.5°C | Humidity: 83%
 -> Sent Weather | Zone: Kothrud       | Temp: 25.3°C | Humidity: 84%
 -> Sent Weather | Zone: Hadapsar      | Temp: 26.0°C | Humidity: 79%
 -> Sent Weather | Zone: Shivajinagar  | Temp: 25.6°C | Humidity: 83%

--- Emitting Weather Window: 03:09:02 ---
 -> Sent Weather | Zone: Hinjewadi     | Temp: 25.6°C | Humidity: 83%
 -> Sent Weather | Zone: FC Road       | Temp: 25.6°C | Humidity: 83%
 -> Sent Weather | Zone: Kothrud       | Temp: 25.5°C | Humidity: 85%
 -> Sent Weather | Zone: Hadapsar      | Temp: 26.3°C | Humidity: 80%
 -> Sent Weather | Zone: Shivajinagar  | Temp: 25.5°C | Humidity: 82%

--- Emitting Weather Window: 03:09:21 ---
 -> Sent Weather | Zone: Hinjewadi     | Temp: 25.7°C | Humidity: 83%
 -> Sent Weather | Zone: FC Road       | Temp: 25.5°C | Humidity: 83%
 -> Sent Weather | Zone: Kothrud       | Temp: 25.6°C | Humidity: 85%
 -> Sent Weather | Zone: Hadapsar      | Temp: 26.2°C | Humidity: 80%
 -> Sent Weather | Zone: Shivajinagar  | Temp: 25.7°C | Humidity: 83%

--- Emitting Weather Window: 03:09:40 ---
 -> Sent Weather | Zone: Hinjewadi     | Temp: 25.7°C | Humidity: 83%
 -> Sent Weather | Zone: FC Road       | Temp: 25.3°C | Humidity: 82%
 -> Sent Weather | Zone: Kothrud       | Temp: 25.3°C | Humidity: 84%
 -> Sent Weather | Zone: Hadapsar      | Temp: 26.2°C | Humidity: 80%
 -> Sent Weather | Zone: Shivajinagar  | Temp: 25.5°C | Humidity: 82%

--- Emitting Weather Window: 03:09:59 ---
 -> Sent Weather | Zone: Hinjewadi     | Temp: 25.6°C | Humidity: 83%
 -> Sent Weather | Zone: FC Road       | Temp: 25.3°C | Humidity: 82%
 -> Sent Weather | Zone: Kothrud       | Temp: 25.4°C | Humidity: 85%
 -> Sent Weather | Zone: Hadapsar      | Temp: 25.9°C | Humidity: 79%
 -> Sent Weather | Zone: Shivajinagar  | Temp: 25.3°C | Humidity: 82%

--- Emitting Weather Window: 03:10:31 ---
 -> Sent Weather | Zone: Hinjewadi     | Temp: 25.6°C | Humidity: 83%
 -> Sent Weather | Zone: FC Road       | Temp: 25.3°C | Humidity: 82%
 -> Sent Weather | Zone: Kothrud       | Temp: 25.5°C | Humidity: 85%
 -> Sent Weather | Zone: Hadapsar      | Temp: 25.8°C | Humidity: 79%
 -> Sent Weather | Zone: Shivajinagar  | Temp: 25.5°C | Humidity: 83%

--- Emitting Weather Window: 03:10:50 ---
 -> Sent Weather | Zone: Hinjewadi     | Temp: 25.4°C | Humidity: 82%
 -> Sent Weather | Zone: FC Road       | Temp: 25.3°C | Humidity: 82%
 -> Sent Weather | Zone: Kothrud       | Temp: 25.5°C | Humidity: 85%
 -> Sent Weather | Zone: Hadapsar      | Temp: 26.2°C | Humidity: 80%
 -> Sent Weather | Zone: Shivajinagar  | Temp: 25.3°C | Humidity: 82%

--- Emitting Weather Window: 03:11:08 ---
⚠️ API Fetch error: HTTPSConnectionPool(host='api.open-meteo.com', port=443): Max retries exceeded with url: /v1/forecast?latitude=18.5912&longitude=73.7389&current_weather=True&hourly=relativehumidity_2m%2Cprecipitation%2Csurface_pressure (Caused by NameResolutionError("<urllib3.connection.HTTPSConnection object at 0x7374c08c94c0>: Failed to resolve 'api.open-meteo.com' ([Errno -2] Name or service not known)"))
 -> Sent Weather | Zone: Hinjewadi     | Temp: 32.2°C | Humidity: 60%
⚠️ API Fetch error: HTTPSConnectionPool(host='api.open-meteo.com', port=443): Max retries exceeded with url: /v1/forecast?latitude=18.5236&longitude=73.8478&current_weather=True&hourly=relativehumidity_2m%2Cprecipitation%2Csurface_pressure (Caused by NameResolutionError("<urllib3.connection.HTTPSConnection object at 0x7374bf7bd010>: Failed to resolve 'api.open-meteo.com' ([Errno -2] Name or service not known)"))
 -> Sent Weather | Zone: FC Road       | Temp: 32.0°C | Humidity: 59%
⚠️ API Fetch error: HTTPSConnectionPool(host='api.open-meteo.com', port=443): Max retries exceeded with url: /v1/forecast?latitude=18.5074&longitude=73.8077&current_weather=True&hourly=relativehumidity_2m%2Cprecipitation%2Csurface_pressure (Caused by NameResolutionError("<urllib3.connection.HTTPSConnection object at 0x7374bf7bdc10>: Failed to resolve 'api.open-meteo.com' ([Errno -2] Name or service not known)"))
 -> Sent Weather | Zone: Kothrud       | Temp: 32.0°C | Humidity: 59%
⚠️ API Fetch error: HTTPSConnectionPool(host='api.open-meteo.com', port=443): Max retries exceeded with url: /v1/forecast?latitude=18.5089&longitude=73.926&current_weather=True&hourly=relativehumidity_2m%2Cprecipitation%2Csurface_pressure (Caused by NameResolutionError("<urllib3.connection.HTTPSConnection object at 0x7374bf7968d0>: Failed to resolve 'api.open-meteo.com' ([Errno -2] Name or service not known)"))
 -> Sent Weather | Zone: Hadapsar      | Temp: 32.1°C | Humidity: 60%
⚠️ API Fetch error: HTTPSConnectionPool(host='api.open-meteo.com', port=443): Max retries exceeded with url: /v1/forecast?latitude=18.5308&longitude=73.8474&current_weather=True&hourly=relativehumidity_2m%2Cprecipitation%2Csurface_pressure (Caused by NameResolutionError("<urllib3.connection.HTTPSConnection object at 0x7374bf7bed50>: Failed to resolve 'api.open-meteo.com' ([Errno -2] Name or service not known)"))
 -> Sent Weather | Zone: Shivajinagar  | Temp: 31.7°C | Humidity: 59%

--- Emitting Weather Window: 08:01:47 ---
 -> Sent Weather | Zone: Hinjewadi     | Temp: 26.9°C | Humidity: 90%
 -> Sent Weather | Zone: FC Road       | Temp: 26.5°C | Humidity: 88%
 -> Sent Weather | Zone: Kothrud       | Temp: 26.8°C | Humidity: 92%
 -> Sent Weather | Zone: Hadapsar      | Temp: 27.1°C | Humidity: 85%
 -> Sent Weather | Zone: Shivajinagar  | Temp: 26.6°C | Humidity: 89%

--- Emitting Weather Window: 08:02:09 ---
 -> Sent Weather | Zone: Hinjewadi     | Temp: 26.8°C | Humidity: 90%
 -> Sent Weather | Zone: FC Road       | Temp: 26.5°C | Humidity: 88%
 -> Sent Weather | Zone: Kothrud       | Temp: 26.4°C | Humidity: 91%
 -> Sent Weather | Zone: Hadapsar      | Temp: 27.0°C | Humidity: 85%
 -> Sent Weather | Zone: Shivajinagar  | Temp: 26.6°C | Humidity: 88%

--- Emitting Weather Window: 08:02:28 ---
⚠️ API Fetch error: HTTPSConnectionPool(host='api.open-meteo.com', port=443): Read timed out. (read timeout=10)
 -> Sent Weather | Zone: Hinjewadi     | Temp: 32.1°C | Humidity: 60%
 -> Sent Weather | Zone: FC Road       | Temp: 26.7°C | Humidity: 89%
 -> Sent Weather | Zone: Kothrud       | Temp: 26.3°C | Humidity: 91%
 -> Sent Weather | Zone: Hadapsar      | Temp: 27.5°C | Humidity: 86%
 -> Sent Weather | Zone: Shivajinagar  | Temp: 26.8°C | Humidity: 89%

--- Emitting Weather Window: 08:03:11 ---
 -> Sent Weather | Zone: Hinjewadi     | Temp: 26.9°C | Humidity: 90%
 -> Sent Weather | Zone: FC Road       | Temp: 26.4°C | Humidity: 88%
 -> Sent Weather | Zone: Kothrud       | Temp: 26.4°C | Humidity: 91%
 -> Sent Weather | Zone: Hadapsar      | Temp: 27.1°C | Humidity: 85%
 -> Sent Weather | Zone: Shivajinagar  | Temp: 26.5°C | Humidity: 88%

--- Emitting Weather Window: 08:03:31 ---
 -> Sent Weather | Zone: Hinjewadi     | Temp: 27.0°C | Humidity: 90%
 -> Sent Weather | Zone: FC Road       | Temp: 26.8°C | Humidity: 89%
 -> Sent Weather | Zone: Kothrud       | Temp: 26.6°C | Humidity: 92%
⚠️ API Fetch error: ('Connection aborted.', ConnectionResetError(104, 'Connection reset by peer'))
 -> Sent Weather | Zone: Hadapsar      | Temp: 32.2°C | Humidity: 60%
 -> Sent Weather | Zone: Shivajinagar  | Temp: 26.6°C | Humidity: 89%

--- Emitting Weather Window: 08:04:12 ---
⚠️ API Fetch error: HTTPSConnectionPool(host='api.open-meteo.com', port=443): Read timed out. (read timeout=10)
 -> Sent Weather | Zone: Hinjewadi     | Temp: 31.8°C | Humidity: 59%
 -> Sent Weather | Zone: FC Road       | Temp: 26.4°C | Humidity: 88%
 -> Sent Weather | Zone: Kothrud       | Temp: 26.8°C | Humidity: 92%
 -> Sent Weather | Zone: Hadapsar      | Temp: 27.0°C | Humidity: 85%
 -> Sent Weather | Zone: Shivajinagar  | Temp: 26.7°C | Humidity: 89%

--- Emitting Weather Window: 08:05:01 ---
 -> Sent Weather | Zone: Hinjewadi     | Temp: 26.9°C | Humidity: 90%
 -> Sent Weather | Zone: FC Road       | Temp: 26.8°C | Humidity: 89%
 -> Sent Weather | Zone: Kothrud       | Temp: 26.5°C | Humidity: 91%
 -> Sent Weather | Zone: Hadapsar      | Temp: 27.3°C | Humidity: 86%
 -> Sent Weather | Zone: Shivajinagar  | Temp: 26.7°C | Humidity: 89%

--- Emitting Weather Window: 08:05:23 ---
 -> Sent Weather | Zone: Hinjewadi     | Temp: 26.7°C | Humidity: 89%
 -> Sent Weather | Zone: FC Road       | Temp: 26.8°C | Humidity: 89%
 -> Sent Weather | Zone: Kothrud       | Temp: 26.6°C | Humidity: 91%
 -> Sent Weather | Zone: Hadapsar      | Temp: 27.2°C | Humidity: 86%
 -> Sent Weather | Zone: Shivajinagar  | Temp: 26.7°C | Humidity: 89%

--- Emitting Weather Window: 08:05:42 ---
 -> Sent Weather | Zone: Hinjewadi     | Temp: 27.1°C | Humidity: 90%
 -> Sent Weather | Zone: FC Road       | Temp: 26.5°C | Humidity: 88%
 -> Sent Weather | Zone: Kothrud       | Temp: 26.7°C | Humidity: 92%
 -> Sent Weather | Zone: Hadapsar      | Temp: 27.2°C | Humidity: 86%
 -> Sent Weather | Zone: Shivajinagar  | Temp: 26.6°C | Humidity: 89%

--- Emitting Weather Window: 08:06:01 ---
 -> Sent Weather | Zone: Hinjewadi     | Temp: 26.7°C | Humidity: 89%
 -> Sent Weather | Zone: FC Road       | Temp: 26.6°C | Humidity: 89%
 -> Sent Weather | Zone: Kothrud       | Temp: 26.6°C | Humidity: 91%
 -> Sent Weather | Zone: Hadapsar      | Temp: 27.1°C | Humidity: 85%
 -> Sent Weather | Zone: Shivajinagar  | Temp: 26.5°C | Humidity: 88%

--- Emitting Weather Window: 08:06:21 ---
 -> Sent Weather | Zone: Hinjewadi     | Temp: 27.0°C | Humidity: 90%
 -> Sent Weather | Zone: FC Road       | Temp: 26.7°C | Humidity: 89%
 -> Sent Weather | Zone: Kothrud       | Temp: 26.7°C | Humidity: 92%
 -> Sent Weather | Zone: Hadapsar      | Temp: 27.0°C | Humidity: 85%
 -> Sent Weather | Zone: Shivajinagar  | Temp: 26.3°C | Humidity: 88%

--- Emitting Weather Window: 08:06:39 ---
 -> Sent Weather | Zone: Hinjewadi     | Temp: 26.7°C | Humidity: 89%
 -> Sent Weather | Zone: FC Road       | Temp: 26.8°C | Humidity: 89%
 -> Sent Weather | Zone: Kothrud       | Temp: 26.5°C | Humidity: 91%
 -> Sent Weather | Zone: Hadapsar      | Temp: 27.4°C | Humidity: 86%
 -> Sent Weather | Zone: Shivajinagar  | Temp: 26.8°C | Humidity: 89%

--- Emitting Weather Window: 08:06:58 ---
 -> Sent Weather | Zone: Hinjewadi     | Temp: 27.0°C | Humidity: 90%
 -> Sent Weather | Zone: FC Road       | Temp: 26.5°C | Humidity: 88%
 -> Sent Weather | Zone: Kothrud       | Temp: 26.5°C | Humidity: 91%
 -> Sent Weather | Zone: Hadapsar      | Temp: 27.3°C | Humidity: 86%
 -> Sent Weather | Zone: Shivajinagar  | Temp: 26.4°C | Humidity: 88%

--- Emitting Weather Window: 08:07:17 ---
 -> Sent Weather | Zone: Hinjewadi     | Temp: 26.7°C | Humidity: 89%
 -> Sent Weather | Zone: FC Road       | Temp: 26.7°C | Humidity: 89%
 -> Sent Weather | Zone: Kothrud       | Temp: 26.5°C | Humidity: 91%
 -> Sent Weather | Zone: Hadapsar      | Temp: 27.3°C | Humidity: 86%
 -> Sent Weather | Zone: Shivajinagar  | Temp: 26.6°C | Humidity: 89%

--- Emitting Weather Window: 08:07:36 ---
 -> Sent Weather | Zone: Hinjewadi     | Temp: 26.6°C | Humidity: 89%
 -> Sent Weather | Zone: FC Road       | Temp: 26.6°C | Humidity: 88%
 -> Sent Weather | Zone: Kothrud       | Temp: 26.5°C | Humidity: 91%
⚠️ API Fetch error: HTTPSConnectionPool(host='api.open-meteo.com', port=443): Read timed out. (read timeout=10)
 -> Sent Weather | Zone: Hadapsar      | Temp: 31.9°C | Humidity: 59%
 -> Sent Weather | Zone: Shivajinagar  | Temp: 26.9°C | Humidity: 89%

--- Emitting Weather Window: 08:08:05 ---
 -> Sent Weather | Zone: Hinjewadi     | Temp: 26.8°C | Humidity: 89%
 -> Sent Weather | Zone: FC Road       | Temp: 26.5°C | Humidity: 88%
 -> Sent Weather | Zone: Kothrud       | Temp: 26.3°C | Humidity: 91%
 -> Sent Weather | Zone: Hadapsar      | Temp: 27.5°C | Humidity: 86%
 -> Sent Weather | Zone: Shivajinagar  | Temp: 26.7°C | Humidity: 89%

--- Emitting Weather Window: 08:08:24 ---
 -> Sent Weather | Zone: Hinjewadi     | Temp: 26.8°C | Humidity: 90%
 -> Sent Weather | Zone: FC Road       | Temp: 26.4°C | Humidity: 88%
 -> Sent Weather | Zone: Kothrud       | Temp: 26.6°C | Humidity: 92%
 -> Sent Weather | Zone: Hadapsar      | Temp: 27.4°C | Humidity: 86%
 -> Sent Weather | Zone: Shivajinagar  | Temp: 26.6°C | Humidity: 88%

--- Emitting Weather Window: 08:08:42 ---
 -> Sent Weather | Zone: Hinjewadi     | Temp: 27.0°C | Humidity: 90%
 -> Sent Weather | Zone: FC Road       | Temp: 26.4°C | Humidity: 88%
 -> Sent Weather | Zone: Kothrud       | Temp: 26.3°C | Humidity: 91%
 -> Sent Weather | Zone: Hadapsar      | Temp: 27.3°C | Humidity: 86%
 -> Sent Weather | Zone: Shivajinagar  | Temp: 26.5°C | Humidity: 88%

--- Emitting Weather Window: 08:09:01 ---
 -> Sent Weather | Zone: Hinjewadi     | Temp: 26.9°C | Humidity: 90%
 -> Sent Weather | Zone: FC Road       | Temp: 26.5°C | Humidity: 88%
 -> Sent Weather | Zone: Kothrud       | Temp: 26.5°C | Humidity: 91%
 -> Sent Weather | Zone: Hadapsar      | Temp: 27.3°C | Humidity: 86%
 -> Sent Weather | Zone: Shivajinagar  | Temp: 26.7°C | Humidity: 89%

--- Emitting Weather Window: 08:09:20 ---
 -> Sent Weather | Zone: Hinjewadi     | Temp: 26.6°C | Humidity: 89%
 -> Sent Weather | Zone: FC Road       | Temp: 26.5°C | Humidity: 88%
 -> Sent Weather | Zone: Kothrud       | Temp: 26.4°C | Humidity: 91%
 -> Sent Weather | Zone: Hadapsar      | Temp: 27.1°C | Humidity: 85%
 -> Sent Weather | Zone: Shivajinagar  | Temp: 26.8°C | Humidity: 89%

--- Emitting Weather Window: 08:09:39 ---
 -> Sent Weather | Zone: Hinjewadi     | Temp: 26.8°C | Humidity: 90%
 -> Sent Weather | Zone: FC Road       | Temp: 26.8°C | Humidity: 89%
 -> Sent Weather | Zone: Kothrud       | Temp: 26.8°C | Humidity: 92%
 -> Sent Weather | Zone: Hadapsar      | Temp: 27.4°C | Humidity: 86%
 -> Sent Weather | Zone: Shivajinagar  | Temp: 26.4°C | Humidity: 88%

--- Emitting Weather Window: 08:09:58 ---
 -> Sent Weather | Zone: Hinjewadi     | Temp: 26.6°C | Humidity: 89%
 -> Sent Weather | Zone: FC Road       | Temp: 26.5°C | Humidity: 88%
 -> Sent Weather | Zone: Kothrud       | Temp: 26.5°C | Humidity: 91%
 -> Sent Weather | Zone: Hadapsar      | Temp: 27.0°C | Humidity: 85%
 -> Sent Weather | Zone: Shivajinagar  | Temp: 26.6°C | Humidity: 89%

--- Emitting Weather Window: 08:10:17 ---
 -> Sent Weather | Zone: Hinjewadi     | Temp: 26.7°C | Humidity: 89%
 -> Sent Weather | Zone: FC Road       | Temp: 26.7°C | Humidity: 89%
 -> Sent Weather | Zone: Kothrud       | Temp: 26.6°C | Humidity: 92%
 -> Sent Weather | Zone: Hadapsar      | Temp: 27.1°C | Humidity: 85%
 -> Sent Weather | Zone: Shivajinagar  | Temp: 26.8°C | Humidity: 89%

--- Emitting Weather Window: 08:10:38 ---
 -> Sent Weather | Zone: Hinjewadi     | Temp: 27.0°C | Humidity: 90%
 -> Sent Weather | Zone: FC Road       | Temp: 26.4°C | Humidity: 88%
 -> Sent Weather | Zone: Kothrud       | Temp: 26.5°C | Humidity: 91%
 -> Sent Weather | Zone: Hadapsar      | Temp: 27.3°C | Humidity: 86%
 -> Sent Weather | Zone: Shivajinagar  | Temp: 26.8°C | Humidity: 89%

--- Emitting Weather Window: 08:10:57 ---
 -> Sent Weather | Zone: Hinjewadi     | Temp: 27.0°C | Humidity: 90%
 -> Sent Weather | Zone: FC Road       | Temp: 26.8°C | Humidity: 89%
 -> Sent Weather | Zone: Kothrud       | Temp: 26.4°C | Humidity: 91%
 -> Sent Weather | Zone: Hadapsar      | Temp: 27.3°C | Humidity: 86%
 -> Sent Weather | Zone: Shivajinagar  | Temp: 26.7°C | Humidity: 89%

--- Emitting Weather Window: 08:11:15 ---
 -> Sent Weather | Zone: Hinjewadi     | Temp: 27.0°C | Humidity: 90%
 -> Sent Weather | Zone: FC Road       | Temp: 26.5°C | Humidity: 88%
 -> Sent Weather | Zone: Kothrud       | Temp: 26.7°C | Humidity: 92%
 -> Sent Weather | Zone: Hadapsar      | Temp: 26.9°C | Humidity: 85%
 -> Sent Weather | Zone: Shivajinagar  | Temp: 26.5°C | Humidity: 88%

--- Emitting Weather Window: 08:11:34 ---
 -> Sent Weather | Zone: Hinjewadi     | Temp: 26.9°C | Humidity: 90%
 -> Sent Weather | Zone: FC Road       | Temp: 26.5°C | Humidity: 88%
 -> Sent Weather | Zone: Kothrud       | Temp: 26.7°C | Humidity: 92%
 -> Sent Weather | Zone: Hadapsar      | Temp: 27.3°C | Humidity: 86%
 -> Sent Weather | Zone: Shivajinagar  | Temp: 26.4°C | Humidity: 88%

--- Emitting Weather Window: 08:11:54 ---
 -> Sent Weather | Zone: Hinjewadi     | Temp: 26.7°C | Humidity: 89%
 -> Sent Weather | Zone: FC Road       | Temp: 26.4°C | Humidity: 88%
 -> Sent Weather | Zone: Kothrud       | Temp: 26.5°C | Humidity: 91%
 -> Sent Weather | Zone: Hadapsar      | Temp: 27.1°C | Humidity: 85%
 -> Sent Weather | Zone: Shivajinagar  | Temp: 26.7°C | Humidity: 89%

--- Emitting Weather Window: 08:12:13 ---
 -> Sent Weather | Zone: Hinjewadi     | Temp: 27.0°C | Humidity: 90%
 -> Sent Weather | Zone: FC Road       | Temp: 26.8°C | Humidity: 89%
 -> Sent Weather | Zone: Kothrud       | Temp: 26.6°C | Humidity: 91%
 -> Sent Weather | Zone: Hadapsar      | Temp: 27.1°C | Humidity: 85%
 -> Sent Weather | Zone: Shivajinagar  | Temp: 26.5°C | Humidity: 88%

--- Emitting Weather Window: 08:12:32 ---
 -> Sent Weather | Zone: Hinjewadi     | Temp: 26.8°C | Humidity: 90%
 -> Sent Weather | Zone: FC Road       | Temp: 26.8°C | Humidity: 89%
 -> Sent Weather | Zone: Kothrud       | Temp: 26.7°C | Humidity: 92%
 -> Sent Weather | Zone: Hadapsar      | Temp: 27.5°C | Humidity: 86%
 -> Sent Weather | Zone: Shivajinagar  | Temp: 26.4°C | Humidity: 88%

--- Emitting Weather Window: 08:12:51 ---
 -> Sent Weather | Zone: Hinjewadi     | Temp: 27.1°C | Humidity: 90%
 -> Sent Weather | Zone: FC Road       | Temp: 26.8°C | Humidity: 89%
 -> Sent Weather | Zone: Kothrud       | Temp: 26.6°C | Humidity: 91%
 -> Sent Weather | Zone: Hadapsar      | Temp: 27.3°C | Humidity: 86%
 -> Sent Weather | Zone: Shivajinagar  | Temp: 26.5°C | Humidity: 88%

--- Emitting Weather Window: 08:13:10 ---
 -> Sent Weather | Zone: Hinjewadi     | Temp: 26.7°C | Humidity: 89%
 -> Sent Weather | Zone: FC Road       | Temp: 26.6°C | Humidity: 89%
 -> Sent Weather | Zone: Kothrud       | Temp: 26.4°C | Humidity: 91%
 -> Sent Weather | Zone: Hadapsar      | Temp: 27.0°C | Humidity: 85%
 -> Sent Weather | Zone: Shivajinagar  | Temp: 26.6°C | Humidity: 88%

--- Emitting Weather Window: 08:13:28 ---
 -> Sent Weather | Zone: Hinjewadi     | Temp: 26.8°C | Humidity: 90%
 -> Sent Weather | Zone: FC Road       | Temp: 26.7°C | Humidity: 89%
 -> Sent Weather | Zone: Kothrud       | Temp: 26.4°C | Humidity: 91%
 -> Sent Weather | Zone: Hadapsar      | Temp: 27.0°C | Humidity: 85%
 -> Sent Weather | Zone: Shivajinagar  | Temp: 26.6°C | Humidity: 89%

--- Emitting Weather Window: 08:13:48 ---
 -> Sent Weather | Zone: Hinjewadi     | Temp: 26.5°C | Humidity: 89%
 -> Sent Weather | Zone: FC Road       | Temp: 26.3°C | Humidity: 88%
 -> Sent Weather | Zone: Kothrud       | Temp: 26.7°C | Humidity: 92%
 -> Sent Weather | Zone: Hadapsar      | Temp: 27.0°C | Humidity: 85%
 -> Sent Weather | Zone: Shivajinagar  | Temp: 26.4°C | Humidity: 88%

--- Emitting Weather Window: 08:14:07 ---
 -> Sent Weather | Zone: Hinjewadi     | Temp: 26.5°C | Humidity: 89%
 -> Sent Weather | Zone: FC Road       | Temp: 26.5°C | Humidity: 88%
 -> Sent Weather | Zone: Kothrud       | Temp: 26.7°C | Humidity: 92%
 -> Sent Weather | Zone: Hadapsar      | Temp: 27.3°C | Humidity: 86%
 -> Sent Weather | Zone: Shivajinagar  | Temp: 26.7°C | Humidity: 89%

--- Emitting Weather Window: 08:14:28 ---
 -> Sent Weather | Zone: Hinjewadi     | Temp: 26.9°C | Humidity: 90%
 -> Sent Weather | Zone: FC Road       | Temp: 26.8°C | Humidity: 89%
 -> Sent Weather | Zone: Kothrud       | Temp: 26.5°C | Humidity: 91%
 -> Sent Weather | Zone: Hadapsar      | Temp: 27.0°C | Humidity: 85%
 -> Sent Weather | Zone: Shivajinagar  | Temp: 26.7°C | Humidity: 89%

--- Emitting Weather Window: 08:14:47 ---
 -> Sent Weather | Zone: Hinjewadi     | Temp: 27.0°C | Humidity: 90%
 -> Sent Weather | Zone: FC Road       | Temp: 26.6°C | Humidity: 88%
 -> Sent Weather | Zone: Kothrud       | Temp: 26.7°C | Humidity: 92%
 -> Sent Weather | Zone: Hadapsar      | Temp: 27.1°C | Humidity: 85%
 -> Sent Weather | Zone: Shivajinagar  | Temp: 26.6°C | Humidity: 89%

--- Emitting Weather Window: 08:15:06 ---
 -> Sent Weather | Zone: Hinjewadi     | Temp: 27.3°C | Humidity: 89%
 -> Sent Weather | Zone: FC Road       | Temp: 27.0°C | Humidity: 88%
 -> Sent Weather | Zone: Kothrud       | Temp: 27.5°C | Humidity: 92%
 -> Sent Weather | Zone: Hadapsar      | Temp: 27.6°C | Humidity: 85%
 -> Sent Weather | Zone: Shivajinagar  | Temp: 27.1°C | Humidity: 88%

--- Emitting Weather Window: 08:15:25 ---
 -> Sent Weather | Zone: Hinjewadi     | Temp: 27.7°C | Humidity: 90%
 -> Sent Weather | Zone: FC Road       | Temp: 27.0°C | Humidity: 88%
 -> Sent Weather | Zone: Kothrud       | Temp: 27.0°C | Humidity: 91%
 -> Sent Weather | Zone: Hadapsar      | Temp: 27.7°C | Humidity: 85%
 -> Sent Weather | Zone: Shivajinagar  | Temp: 27.3°C | Humidity: 89%

--- Emitting Weather Window: 08:15:44 ---
 -> Sent Weather | Zone: Hinjewadi     | Temp: 27.4°C | Humidity: 90%
 -> Sent Weather | Zone: FC Road       | Temp: 27.2°C | Humidity: 89%
 -> Sent Weather | Zone: Kothrud       | Temp: 27.1°C | Humidity: 91%
 -> Sent Weather | Zone: Hadapsar      | Temp: 27.6°C | Humidity: 85%
 -> Sent Weather | Zone: Shivajinagar  | Temp: 27.2°C | Humidity: 88%

--- Emitting Weather Window: 08:16:03 ---
 -> Sent Weather | Zone: Hinjewadi     | Temp: 27.4°C | Humidity: 90%
 -> Sent Weather | Zone: FC Road       | Temp: 27.4°C | Humidity: 89%
 -> Sent Weather | Zone: Kothrud       | Temp: 27.3°C | Humidity: 92%
 -> Sent Weather | Zone: Hadapsar      | Temp: 27.8°C | Humidity: 85%
 -> Sent Weather | Zone: Shivajinagar  | Temp: 27.0°C | Humidity: 88%

--- Emitting Weather Window: 08:16:22 ---
 -> Sent Weather | Zone: Hinjewadi     | Temp: 27.6°C | Humidity: 90%
 -> Sent Weather | Zone: FC Road       | Temp: 27.1°C | Humidity: 88%
 -> Sent Weather | Zone: Kothrud       | Temp: 27.1°C | Humidity: 91%
 -> Sent Weather | Zone: Hadapsar      | Temp: 28.0°C | Humidity: 86%
 -> Sent Weather | Zone: Shivajinagar  | Temp: 27.0°C | Humidity: 88%

--- Emitting Weather Window: 08:16:41 ---
 -> Sent Weather | Zone: Hinjewadi     | Temp: 27.7°C | Humidity: 90%
 -> Sent Weather | Zone: FC Road       | Temp: 27.4°C | Humidity: 89%
 -> Sent Weather | Zone: Kothrud       | Temp: 27.4°C | Humidity: 92%
 -> Sent Weather | Zone: Hadapsar      | Temp: 28.0°C | Humidity: 86%
 -> Sent Weather | Zone: Shivajinagar  | Temp: 27.2°C | Humidity: 88%

--- Emitting Weather Window: 08:17:00 ---
 -> Sent Weather | Zone: Hinjewadi     | Temp: 27.1°C | Humidity: 89%
 -> Sent Weather | Zone: FC Road       | Temp: 27.0°C | Humidity: 88%
 -> Sent Weather | Zone: Kothrud       | Temp: 27.5°C | Humidity: 92%
⚠️ API Fetch error: HTTPSConnectionPool(host='api.open-meteo.com', port=443): Read timed out. (read timeout=10)
 -> Sent Weather | Zone: Hadapsar      | Temp: 31.8°C | Humidity: 59%
 -> Sent Weather | Zone: Shivajinagar  | Temp: 27.5°C | Humidity: 89%

--- Emitting Weather Window: 08:17:29 ---
 -> Sent Weather | Zone: Hinjewadi     | Temp: 27.4°C | Humidity: 89%
 -> Sent Weather | Zone: FC Road       | Temp: 27.4°C | Humidity: 89%
 -> Sent Weather | Zone: Kothrud       | Temp: 27.2°C | Humidity: 92%
 -> Sent Weather | Zone: Hadapsar      | Temp: 27.5°C | Humidity: 85%
 -> Sent Weather | Zone: Shivajinagar  | Temp: 27.4°C | Humidity: 89%

--- Emitting Weather Window: 08:17:48 ---
 -> Sent Weather | Zone: Hinjewadi     | Temp: 27.6°C | Humidity: 90%
 -> Sent Weather | Zone: FC Road       | Temp: 27.2°C | Humidity: 89%
 -> Sent Weather | Zone: Kothrud       | Temp: 27.0°C | Humidity: 91%
 -> Sent Weather | Zone: Hadapsar      | Temp: 27.9°C | Humidity: 86%
 -> Sent Weather | Zone: Shivajinagar  | Temp: 27.3°C | Humidity: 89%

--- Emitting Weather Window: 08:18:07 ---
 -> Sent Weather | Zone: Hinjewadi     | Temp: 27.3°C | Humidity: 89%
 -> Sent Weather | Zone: FC Road       | Temp: 27.3°C | Humidity: 89%
 -> Sent Weather | Zone: Kothrud       | Temp: 27.2°C | Humidity: 92%
 -> Sent Weather | Zone: Hadapsar      | Temp: 27.7°C | Humidity: 85%
 -> Sent Weather | Zone: Shivajinagar  | Temp: 27.4°C | Humidity: 89%

--- Emitting Weather Window: 08:18:26 ---
 -> Sent Weather | Zone: Hinjewadi     | Temp: 27.3°C | Humidity: 89%
 -> Sent Weather | Zone: FC Road       | Temp: 26.9°C | Humidity: 88%
 -> Sent Weather | Zone: Kothrud       | Temp: 27.4°C | Humidity: 92%
 -> Sent Weather | Zone: Hadapsar      | Temp: 27.6°C | Humidity: 85%
 -> Sent Weather | Zone: Shivajinagar  | Temp: 27.3°C | Humidity: 89%

--- Emitting Weather Window: 08:18:45 ---
 -> Sent Weather | Zone: Hinjewadi     | Temp: 27.6°C | Humidity: 90%
 -> Sent Weather | Zone: FC Road       | Temp: 27.1°C | Humidity: 88%
 -> Sent Weather | Zone: Kothrud       | Temp: 27.1°C | Humidity: 91%
 -> Sent Weather | Zone: Hadapsar      | Temp: 27.8°C | Humidity: 86%
 -> Sent Weather | Zone: Shivajinagar  | Temp: 27.5°C | Humidity: 89%

--- Emitting Weather Window: 08:19:04 ---
 -> Sent Weather | Zone: Hinjewadi     | Temp: 27.6°C | Humidity: 90%
 -> Sent Weather | Zone: FC Road       | Temp: 27.1°C | Humidity: 88%
 -> Sent Weather | Zone: Kothrud       | Temp: 27.5°C | Humidity: 92%
 -> Sent Weather | Zone: Hadapsar      | Temp: 27.7°C | Humidity: 85%
 -> Sent Weather | Zone: Shivajinagar  | Temp: 27.2°C | Humidity: 88%

--- Emitting Weather Window: 08:19:23 ---
 -> Sent Weather | Zone: Hinjewadi     | Temp: 27.4°C | Humidity: 90%
 -> Sent Weather | Zone: FC Road       | Temp: 27.1°C | Humidity: 88%
 -> Sent Weather | Zone: Kothrud       | Temp: 27.4°C | Humidity: 92%
 -> Sent Weather | Zone: Hadapsar      | Temp: 27.8°C | Humidity: 86%
 -> Sent Weather | Zone: Shivajinagar  | Temp: 27.3°C | Humidity: 89%

--- Emitting Weather Window: 08:19:42 ---
 -> Sent Weather | Zone: Hinjewadi     | Temp: 27.3°C | Humidity: 89%
 -> Sent Weather | Zone: FC Road       | Temp: 27.3°C | Humidity: 89%
 -> Sent Weather | Zone: Kothrud       | Temp: 27.0°C | Humidity: 91%
 -> Sent Weather | Zone: Hadapsar      | Temp: 28.0°C | Humidity: 86%
 -> Sent Weather | Zone: Shivajinagar  | Temp: 27.4°C | Humidity: 89%

--- Emitting Weather Window: 08:20:01 ---
 -> Sent Weather | Zone: Hinjewadi     | Temp: 27.4°C | Humidity: 90%
 -> Sent Weather | Zone: FC Road       | Temp: 27.1°C | Humidity: 88%
 -> Sent Weather | Zone: Kothrud       | Temp: 27.1°C | Humidity: 91%
 -> Sent Weather | Zone: Hadapsar      | Temp: 27.7°C | Humidity: 85%
 -> Sent Weather | Zone: Shivajinagar  | Temp: 27.4°C | Humidity: 89%

--- Emitting Weather Window: 08:20:33 ---
 -> Sent Weather | Zone: Hinjewadi     | Temp: 27.6°C | Humidity: 90%
 -> Sent Weather | Zone: FC Road       | Temp: 27.2°C | Humidity: 89%
 -> Sent Weather | Zone: Kothrud       | Temp: 27.3°C | Humidity: 92%
 -> Sent Weather | Zone: Hadapsar      | Temp: 27.5°C | Humidity: 85%
 -> Sent Weather | Zone: Shivajinagar  | Temp: 27.1°C | Humidity: 88%

--- Emitting Weather Window: 08:20:53 ---
 -> Sent Weather | Zone: Hinjewadi     | Temp: 27.2°C | Humidity: 89%
 -> Sent Weather | Zone: FC Road       | Temp: 27.5°C | Humidity: 89%
 -> Sent Weather | Zone: Kothrud       | Temp: 27.4°C | Humidity: 92%
 -> Sent Weather | Zone: Hadapsar      | Temp: 27.8°C | Humidity: 85%
 -> Sent Weather | Zone: Shivajinagar  | Temp: 27.4°C | Humidity: 89%

--- Emitting Weather Window: 08:21:11 ---
 -> Sent Weather | Zone: Hinjewadi     | Temp: 27.6°C | Humidity: 90%
 -> Sent Weather | Zone: FC Road       | Temp: 26.9°C | Humidity: 88%
 -> Sent Weather | Zone: Kothrud       | Temp: 27.2°C | Humidity: 91%
 -> Sent Weather | Zone: Hadapsar      | Temp: 27.7°C | Humidity: 85%
 -> Sent Weather | Zone: Shivajinagar  | Temp: 27.2°C | Humidity: 88%

--- Emitting Weather Window: 08:21:30 ---
 -> Sent Weather | Zone: Hinjewadi     | Temp: 27.4°C | Humidity: 90%
 -> Sent Weather | Zone: FC Road       | Temp: 27.3°C | Humidity: 89%
 -> Sent Weather | Zone: Kothrud       | Temp: 27.1°C | Humidity: 91%
 -> Sent Weather | Zone: Hadapsar      | Temp: 27.6°C | Humidity: 85%
 -> Sent Weather | Zone: Shivajinagar  | Temp: 27.4°C | Humidity: 89%

--- Emitting Weather Window: 08:21:49 ---
 -> Sent Weather | Zone: Hinjewadi     | Temp: 27.4°C | Humidity: 89%
 -> Sent Weather | Zone: FC Road       | Temp: 27.1°C | Humidity: 88%
 -> Sent Weather | Zone: Kothrud       | Temp: 27.0°C | Humidity: 91%
 -> Sent Weather | Zone: Hadapsar      | Temp: 27.8°C | Humidity: 85%
 -> Sent Weather | Zone: Shivajinagar  | Temp: 27.1°C | Humidity: 88%

--- Emitting Weather Window: 08:22:09 ---
 -> Sent Weather | Zone: Hinjewadi     | Temp: 27.5°C | Humidity: 90%
 -> Sent Weather | Zone: FC Road       | Temp: 27.1°C | Humidity: 88%
 -> Sent Weather | Zone: Kothrud       | Temp: 26.9°C | Humidity: 91%
 -> Sent Weather | Zone: Hadapsar      | Temp: 27.9°C | Humidity: 86%
 -> Sent Weather | Zone: Shivajinagar  | Temp: 27.1°C | Humidity: 88%

--- Emitting Weather Window: 08:22:28 ---
 -> Sent Weather | Zone: Hinjewadi     | Temp: 27.1°C | Humidity: 89%
 -> Sent Weather | Zone: FC Road       | Temp: 27.0°C | Humidity: 88%
 -> Sent Weather | Zone: Kothrud       | Temp: 27.3°C | Humidity: 92%
 -> Sent Weather | Zone: Hadapsar      | Temp: 27.5°C | Humidity: 85%
 -> Sent Weather | Zone: Shivajinagar  | Temp: 27.3°C | Humidity: 89%

--- Emitting Weather Window: 08:22:47 ---
 -> Sent Weather | Zone: Hinjewadi     | Temp: 27.6°C | Humidity: 90%
 -> Sent Weather | Zone: FC Road       | Temp: 27.1°C | Humidity: 88%
 -> Sent Weather | Zone: Kothrud       | Temp: 27.4°C | Humidity: 92%
 -> Sent Weather | Zone: Hadapsar      | Temp: 27.8°C | Humidity: 85%
 -> Sent Weather | Zone: Shivajinagar  | Temp: 27.4°C | Humidity: 89%

--- Emitting Weather Window: 08:23:06 ---
 -> Sent Weather | Zone: Hinjewadi     | Temp: 27.6°C | Humidity: 90%
 -> Sent Weather | Zone: FC Road       | Temp: 27.3°C | Humidity: 89%
 -> Sent Weather | Zone: Kothrud       | Temp: 27.1°C | Humidity: 91%
 -> Sent Weather | Zone: Hadapsar      | Temp: 27.9°C | Humidity: 86%
 -> Sent Weather | Zone: Shivajinagar  | Temp: 27.0°C | Humidity: 88%

--- Emitting Weather Window: 08:23:25 ---
 -> Sent Weather | Zone: Hinjewadi     | Temp: 27.7°C | Humidity: 90%
 -> Sent Weather | Zone: FC Road       | Temp: 27.2°C | Humidity: 88%
 -> Sent Weather | Zone: Kothrud       | Temp: 27.2°C | Humidity: 91%
 -> Sent Weather | Zone: Hadapsar      | Temp: 27.6°C | Humidity: 85%
 -> Sent Weather | Zone: Shivajinagar  | Temp: 27.1°C | Humidity: 88%

--- Emitting Weather Window: 08:23:44 ---
 -> Sent Weather | Zone: Hinjewadi     | Temp: 27.4°C | Humidity: 89%
 -> Sent Weather | Zone: FC Road       | Temp: 27.5°C | Humidity: 89%
 -> Sent Weather | Zone: Kothrud       | Temp: 27.4°C | Humidity: 92%
 -> Sent Weather | Zone: Hadapsar      | Temp: 27.6°C | Humidity: 85%
 -> Sent Weather | Zone: Shivajinagar  | Temp: 27.4°C | Humidity: 89%

--- Emitting Weather Window: 08:24:03 ---
 -> Sent Weather | Zone: Hinjewadi     | Temp: 27.2°C | Humidity: 89%
 -> Sent Weather | Zone: FC Road       | Temp: 27.0°C | Humidity: 88%
 -> Sent Weather | Zone: Kothrud       | Temp: 27.4°C | Humidity: 92%
 -> Sent Weather | Zone: Hadapsar      | Temp: 27.9°C | Humidity: 86%
 -> Sent Weather | Zone: Shivajinagar  | Temp: 27.4°C | Humidity: 89%

--- Emitting Weather Window: 08:24:22 ---
 -> Sent Weather | Zone: Hinjewadi     | Temp: 27.5°C | Humidity: 90%
 -> Sent Weather | Zone: FC Road       | Temp: 27.1°C | Humidity: 88%
 -> Sent Weather | Zone: Kothrud       | Temp: 27.0°C | Humidity: 91%
 -> Sent Weather | Zone: Hadapsar      | Temp: 27.9°C | Humidity: 86%
 -> Sent Weather | Zone: Shivajinagar  | Temp: 27.2°C | Humidity: 89%

--- Emitting Weather Window: 08:24:41 ---
 -> Sent Weather | Zone: Hinjewadi     | Temp: 27.2°C | Humidity: 89%
 -> Sent Weather | Zone: FC Road       | Temp: 27.3°C | Humidity: 89%
 -> Sent Weather | Zone: Kothrud       | Temp: 27.2°C | Humidity: 91%
 -> Sent Weather | Zone: Hadapsar      | Temp: 27.6°C | Humidity: 85%
 -> Sent Weather | Zone: Shivajinagar  | Temp: 27.3°C | Humidity: 89%

--- Emitting Weather Window: 08:25:00 ---
 -> Sent Weather | Zone: Hinjewadi     | Temp: 27.2°C | Humidity: 89%
 -> Sent Weather | Zone: FC Road       | Temp: 27.3°C | Humidity: 89%
 -> Sent Weather | Zone: Kothrud       | Temp: 27.5°C | Humidity: 92%
 -> Sent Weather | Zone: Hadapsar      | Temp: 27.9°C | Humidity: 86%
 -> Sent Weather | Zone: Shivajinagar  | Temp: 27.2°C | Humidity: 88%

--- Emitting Weather Window: 08:25:19 ---
 -> Sent Weather | Zone: Hinjewadi     | Temp: 27.4°C | Humidity: 89%
 -> Sent Weather | Zone: FC Road       | Temp: 27.4°C | Humidity: 89%
 -> Sent Weather | Zone: Kothrud       | Temp: 27.4°C | Humidity: 92%
 -> Sent Weather | Zone: Hadapsar      | Temp: 27.8°C | Humidity: 85%
 -> Sent Weather | Zone: Shivajinagar  | Temp: 27.1°C | Humidity: 88%

--- Emitting Weather Window: 08:25:38 ---
 -> Sent Weather | Zone: Hinjewadi     | Temp: 27.6°C | Humidity: 90%
 -> Sent Weather | Zone: FC Road       | Temp: 27.3°C | Humidity: 89%
 -> Sent Weather | Zone: Kothrud       | Temp: 27.1°C | Humidity: 91%
 -> Sent Weather | Zone: Hadapsar      | Temp: 28.0°C | Humidity: 86%
 -> Sent Weather | Zone: Shivajinagar  | Temp: 27.3°C | Humidity: 89%

--- Emitting Weather Window: 08:25:58 ---
 -> Sent Weather | Zone: Hinjewadi     | Temp: 27.6°C | Humidity: 90%
 -> Sent Weather | Zone: FC Road       | Temp: 26.9°C | Humidity: 88%
 -> Sent Weather | Zone: Kothrud       | Temp: 27.2°C | Humidity: 91%
 -> Sent Weather | Zone: Hadapsar      | Temp: 28.0°C | Humidity: 86%
 -> Sent Weather | Zone: Shivajinagar  | Temp: 27.4°C | Humidity: 89%

--- Emitting Weather Window: 08:26:17 ---
 -> Sent Weather | Zone: Hinjewadi     | Temp: 27.4°C | Humidity: 89%
 -> Sent Weather | Zone: FC Road       | Temp: 27.0°C | Humidity: 88%
 -> Sent Weather | Zone: Kothrud       | Temp: 27.1°C | Humidity: 91%
 -> Sent Weather | Zone: Hadapsar      | Temp: 27.8°C | Humidity: 85%
 -> Sent Weather | Zone: Shivajinagar  | Temp: 27.0°C | Humidity: 88%

--- Emitting Weather Window: 08:26:35 ---
 -> Sent Weather | Zone: Hinjewadi     | Temp: 27.2°C | Humidity: 89%
 -> Sent Weather | Zone: FC Road       | Temp: 27.3°C | Humidity: 89%
 -> Sent Weather | Zone: Kothrud       | Temp: 27.1°C | Humidity: 91%
 -> Sent Weather | Zone: Hadapsar      | Temp: 28.0°C | Humidity: 86%
 -> Sent Weather | Zone: Shivajinagar  | Temp: 27.0°C | Humidity: 88%

--- Emitting Weather Window: 08:26:54 ---
 -> Sent Weather | Zone: Hinjewadi     | Temp: 27.5°C | Humidity: 90%
 -> Sent Weather | Zone: FC Road       | Temp: 27.4°C | Humidity: 89%
 -> Sent Weather | Zone: Kothrud       | Temp: 27.4°C | Humidity: 92%
 -> Sent Weather | Zone: Hadapsar      | Temp: 27.6°C | Humidity: 85%
 -> Sent Weather | Zone: Shivajinagar  | Temp: 27.1°C | Humidity: 88%

--- Emitting Weather Window: 08:27:13 ---
 -> Sent Weather | Zone: Hinjewadi     | Temp: 27.3°C | Humidity: 89%
 -> Sent Weather | Zone: FC Road       | Temp: 27.0°C | Humidity: 88%
 -> Sent Weather | Zone: Kothrud       | Temp: 27.0°C | Humidity: 91%
 -> Sent Weather | Zone: Hadapsar      | Temp: 27.9°C | Humidity: 86%
 -> Sent Weather | Zone: Shivajinagar  | Temp: 27.1°C | Humidity: 88%

--- Emitting Weather Window: 08:27:32 ---
 -> Sent Weather | Zone: Hinjewadi     | Temp: 27.3°C | Humidity: 89%
 -> Sent Weather | Zone: FC Road       | Temp: 27.1°C | Humidity: 88%
 -> Sent Weather | Zone: Kothrud       | Temp: 27.1°C | Humidity: 91%
 -> Sent Weather | Zone: Hadapsar      | Temp: 27.7°C | Humidity: 85%
 -> Sent Weather | Zone: Shivajinagar  | Temp: 27.1°C | Humidity: 88%

--- Emitting Weather Window: 08:27:51 ---
 -> Sent Weather | Zone: Hinjewadi     | Temp: 27.4°C | Humidity: 89%
 -> Sent Weather | Zone: FC Road       | Temp: 27.4°C | Humidity: 89%
 -> Sent Weather | Zone: Kothrud       | Temp: 27.4°C | Humidity: 92%
 -> Sent Weather | Zone: Hadapsar      | Temp: 27.7°C | Humidity: 85%
 -> Sent Weather | Zone: Shivajinagar  | Temp: 27.0°C | Humidity: 88%

--- Emitting Weather Window: 08:28:10 ---
 -> Sent Weather | Zone: Hinjewadi     | Temp: 27.1°C | Humidity: 89%
 -> Sent Weather | Zone: FC Road       | Temp: 27.0°C | Humidity: 88%
 -> Sent Weather | Zone: Kothrud       | Temp: 27.2°C | Humidity: 91%
 -> Sent Weather | Zone: Hadapsar      | Temp: 27.6°C | Humidity: 85%
 -> Sent Weather | Zone: Shivajinagar  | Temp: 27.3°C | Humidity: 89%

--- Emitting Weather Window: 08:28:29 ---
 -> Sent Weather | Zone: Hinjewadi     | Temp: 27.3°C | Humidity: 89%
 -> Sent Weather | Zone: FC Road       | Temp: 27.0°C | Humidity: 88%
 -> Sent Weather | Zone: Kothrud       | Temp: 27.1°C | Humidity: 91%
 -> Sent Weather | Zone: Hadapsar      | Temp: 27.6°C | Humidity: 85%
 -> Sent Weather | Zone: Shivajinagar  | Temp: 27.3°C | Humidity: 89%

--- Emitting Weather Window: 08:28:48 ---
 -> Sent Weather | Zone: Hinjewadi     | Temp: 27.6°C | Humidity: 90%
 -> Sent Weather | Zone: FC Road       | Temp: 27.2°C | Humidity: 89%
 -> Sent Weather | Zone: Kothrud       | Temp: 27.0°C | Humidity: 91%
 -> Sent Weather | Zone: Hadapsar      | Temp: 27.9°C | Humidity: 86%
 -> Sent Weather | Zone: Shivajinagar  | Temp: 27.4°C | Humidity: 89%

--- Emitting Weather Window: 08:29:07 ---
 -> Sent Weather | Zone: Hinjewadi     | Temp: 27.5°C | Humidity: 90%
 -> Sent Weather | Zone: FC Road       | Temp: 27.1°C | Humidity: 88%
 -> Sent Weather | Zone: Kothrud       | Temp: 27.4°C | Humidity: 92%
 -> Sent Weather | Zone: Hadapsar      | Temp: 27.5°C | Humidity: 85%
 -> Sent Weather | Zone: Shivajinagar  | Temp: 27.1°C | Humidity: 88%

--- Emitting Weather Window: 08:29:26 ---
 -> Sent Weather | Zone: Hinjewadi     | Temp: 27.6°C | Humidity: 90%
 -> Sent Weather | Zone: FC Road       | Temp: 27.1°C | Humidity: 88%
 -> Sent Weather | Zone: Kothrud       | Temp: 27.2°C | Humidity: 92%
 -> Sent Weather | Zone: Hadapsar      | Temp: 27.7°C | Humidity: 85%
 -> Sent Weather | Zone: Shivajinagar  | Temp: 27.5°C | Humidity: 89%

--- Emitting Weather Window: 08:29:45 ---
 -> Sent Weather | Zone: Hinjewadi     | Temp: 27.6°C | Humidity: 90%
 -> Sent Weather | Zone: FC Road       | Temp: 27.3°C | Humidity: 89%
 -> Sent Weather | Zone: Kothrud       | Temp: 27.0°C | Humidity: 91%
 -> Sent Weather | Zone: Hadapsar      | Temp: 28.0°C | Humidity: 86%
 -> Sent Weather | Zone: Shivajinagar  | Temp: 27.3°C | Humidity: 89%

--- Emitting Weather Window: 08:30:04 ---
 -> Sent Weather | Zone: Hinjewadi     | Temp: 32.1°C | Humidity: 60%
 -> Sent Weather | Zone: FC Road       | Temp: 32.0°C | Humidity: 60%
 -> Sent Weather | Zone: Kothrud       | Temp: 28.2°C | Humidity: 92%
 -> Sent Weather | Zone: Hadapsar      | Temp: 28.4°C | Humidity: 85%
 -> Sent Weather | Zone: Shivajinagar  | Temp: 28.0°C | Humidity: 89%

--- Emitting Weather Window: 08:30:43 ---
 -> Sent Weather | Zone: Hinjewadi     | Temp: 27.7°C | Humidity: 89%
 -> Sent Weather | Zone: FC Road       | Temp: 27.9°C | Humidity: 89%
 -> Sent Weather | Zone: Kothrud       | Temp: 27.8°C | Humidity: 91%
 -> Sent Weather | Zone: Hadapsar      | Temp: 28.3°C | Humidity: 85%
 -> Sent Weather | Zone: Shivajinagar  | Temp: 28.0°C | Humidity: 89%

--- Emitting Weather Window: 08:31:07 ---
 -> Sent Weather | Zone: Hinjewadi     | Temp: 28.2°C | Humidity: 90%
 -> Sent Weather | Zone: FC Road       | Temp: 28.0°C | Humidity: 89%
 -> Sent Weather | Zone: Kothrud       | Temp: 27.6°C | Humidity: 91%
 -> Sent Weather | Zone: Hadapsar      | Temp: 28.5°C | Humidity: 86%
 -> Sent Weather | Zone: Shivajinagar  | Temp: 27.8°C | Humidity: 89%

--- Emitting Weather Window: 08:31:27 ---
 -> Sent Weather | Zone: Hinjewadi     | Temp: 28.3°C | Humidity: 90%
 -> Sent Weather | Zone: FC Road       | Temp: 27.9°C | Humidity: 89%
 -> Sent Weather | Zone: Kothrud       | Temp: 28.2°C | Humidity: 92%
 -> Sent Weather | Zone: Hadapsar      | Temp: 28.5°C | Humidity: 86%
 -> Sent Weather | Zone: Shivajinagar  | Temp: 27.9°C | Humidity: 89%

--- Emitting Weather Window: 08:31:46 ---
 -> Sent Weather | Zone: Hinjewadi     | Temp: 27.9°C | Humidity: 89%
 -> Sent Weather | Zone: FC Road       | Temp: 27.7°C | Humidity: 88%
 -> Sent Weather | Zone: Kothrud       | Temp: 27.6°C | Humidity: 91%
 -> Sent Weather | Zone: Hadapsar      | Temp: 28.7°C | Humidity: 86%
 -> Sent Weather | Zone: Shivajinagar  | Temp: 28.0°C | Humidity: 89%

--- Emitting Weather Window: 08:32:05 ---
 -> Sent Weather | Zone: Hinjewadi     | Temp: 28.2°C | Humidity: 90%
 -> Sent Weather | Zone: FC Road       | Temp: 27.8°C | Humidity: 88%
 -> Sent Weather | Zone: Kothrud       | Temp: 27.9°C | Humidity: 92%
 -> Sent Weather | Zone: Hadapsar      | Temp: 28.5°C | Humidity: 86%
 -> Sent Weather | Zone: Shivajinagar  | Temp: 27.8°C | Humidity: 88%

--- Emitting Weather Window: 08:32:24 ---
 -> Sent Weather | Zone: Hinjewadi     | Temp: 28.3°C | Humidity: 90%
 -> Sent Weather | Zone: FC Road       | Temp: 27.9°C | Humidity: 89%
 -> Sent Weather | Zone: Kothrud       | Temp: 27.8°C | Humidity: 91%
 -> Sent Weather | Zone: Hadapsar      | Temp: 28.5°C | Humidity: 86%
 -> Sent Weather | Zone: Shivajinagar  | Temp: 27.9°C | Humidity: 89%

--- Emitting Weather Window: 08:32:43 ---
 -> Sent Weather | Zone: Hinjewadi     | Temp: 28.1°C | Humidity: 90%
 -> Sent Weather | Zone: FC Road       | Temp: 27.8°C | Humidity: 88%
 -> Sent Weather | Zone: Kothrud       | Temp: 28.1°C | Humidity: 92%
 -> Sent Weather | Zone: Hadapsar      | Temp: 28.4°C | Humidity: 85%
 -> Sent Weather | Zone: Shivajinagar  | Temp: 28.0°C | Humidity: 89%

--- Emitting Weather Window: 08:33:02 ---
 -> Sent Weather | Zone: Hinjewadi     | Temp: 27.8°C | Humidity: 89%
 -> Sent Weather | Zone: FC Road       | Temp: 27.8°C | Humidity: 89%
 -> Sent Weather | Zone: Kothrud       | Temp: 28.1°C | Humidity: 92%
 -> Sent Weather | Zone: Hadapsar      | Temp: 28.4°C | Humidity: 85%
 -> Sent Weather | Zone: Shivajinagar  | Temp: 27.9°C | Humidity: 89%

--- Emitting Weather Window: 08:33:21 ---
 -> Sent Weather | Zone: Hinjewadi     | Temp: 28.1°C | Humidity: 90%
 -> Sent Weather | Zone: FC Road       | Temp: 28.1°C | Humidity: 89%
 -> Sent Weather | Zone: Kothrud       | Temp: 27.8°C | Humidity: 91%
 -> Sent Weather | Zone: Hadapsar      | Temp: 28.7°C | Humidity: 86%
 -> Sent Weather | Zone: Shivajinagar  | Temp: 27.6°C | Humidity: 88%

--- Emitting Weather Window: 08:33:40 ---
 -> Sent Weather | Zone: Hinjewadi     | Temp: 28.2°C | Humidity: 90%
 -> Sent Weather | Zone: FC Road       | Temp: 27.9°C | Humidity: 89%
 -> Sent Weather | Zone: Kothrud       | Temp: 27.9°C | Humidity: 92%
 -> Sent Weather | Zone: Hadapsar      | Temp: 28.4°C | Humidity: 85%
 -> Sent Weather | Zone: Shivajinagar  | Temp: 27.5°C | Humidity: 88%

--- Emitting Weather Window: 08:33:59 ---
 -> Sent Weather | Zone: Hinjewadi     | Temp: 27.9°C | Humidity: 89%
 -> Sent Weather | Zone: FC Road       | Temp: 27.9°C | Humidity: 89%
 -> Sent Weather | Zone: Kothrud       | Temp: 27.6°C | Humidity: 91%
 -> Sent Weather | Zone: Hadapsar      | Temp: 28.7°C | Humidity: 86%
 -> Sent Weather | Zone: Shivajinagar  | Temp: 28.1°C | Humidity: 89%

--- Emitting Weather Window: 08:34:18 ---
 -> Sent Weather | Zone: Hinjewadi     | Temp: 27.7°C | Humidity: 89%
 -> Sent Weather | Zone: FC Road       | Temp: 27.6°C | Humidity: 88%
 -> Sent Weather | Zone: Kothrud       | Temp: 27.9°C | Humidity: 92%
 -> Sent Weather | Zone: Hadapsar      | Temp: 28.4°C | Humidity: 86%
 -> Sent Weather | Zone: Shivajinagar  | Temp: 27.7°C | Humidity: 88%

--- Emitting Weather Window: 08:34:37 ---
 -> Sent Weather | Zone: Hinjewadi     | Temp: 28.0°C | Humidity: 90%
 -> Sent Weather | Zone: FC Road       | Temp: 27.8°C | Humidity: 88%
 -> Sent Weather | Zone: Kothrud       | Temp: 27.8°C | Humidity: 91%
 -> Sent Weather | Zone: Hadapsar      | Temp: 28.1°C | Humidity: 85%
 -> Sent Weather | Zone: Shivajinagar  | Temp: 27.9°C | Humidity: 89%

--- Emitting Weather Window: 08:34:56 ---
 -> Sent Weather | Zone: Hinjewadi     | Temp: 28.3°C | Humidity: 90%
 -> Sent Weather | Zone: FC Road       | Temp: 27.9°C | Humidity: 89%
 -> Sent Weather | Zone: Kothrud       | Temp: 27.8°C | Humidity: 91%
 -> Sent Weather | Zone: Hadapsar      | Temp: 28.2°C | Humidity: 85%
 -> Sent Weather | Zone: Shivajinagar  | Temp: 27.9°C | Humidity: 89%

--- Emitting Weather Window: 08:35:15 ---
 -> Sent Weather | Zone: Hinjewadi     | Temp: 27.8°C | Humidity: 89%
 -> Sent Weather | Zone: FC Road       | Temp: 27.9°C | Humidity: 89%
 -> Sent Weather | Zone: Kothrud       | Temp: 28.0°C | Humidity: 92%
 -> Sent Weather | Zone: Hadapsar      | Temp: 28.1°C | Humidity: 85%
 -> Sent Weather | Zone: Shivajinagar  | Temp: 27.7°C | Humidity: 88%

--- Emitting Weather Window: 08:35:34 ---
 -> Sent Weather | Zone: Hinjewadi     | Temp: 28.1°C | Humidity: 90%
 -> Sent Weather | Zone: FC Road       | Temp: 27.9°C | Humidity: 89%
 -> Sent Weather | Zone: Kothrud       | Temp: 28.1°C | Humidity: 92%
 -> Sent Weather | Zone: Hadapsar      | Temp: 28.6°C | Humidity: 86%
 -> Sent Weather | Zone: Shivajinagar  | Temp: 27.9°C | Humidity: 89%

--- Emitting Weather Window: 08:35:51 ---
 -> Sent Weather | Zone: Hinjewadi     | Temp: 28.2°C | Humidity: 90%
 -> Sent Weather | Zone: FC Road       | Temp: 27.6°C | Humidity: 88%
 -> Sent Weather | Zone: Kothrud       | Temp: 28.0°C | Humidity: 92%
 -> Sent Weather | Zone: Hadapsar      | Temp: 28.6°C | Humidity: 86%
 -> Sent Weather | Zone: Shivajinagar  | Temp: 28.0°C | Humidity: 89%

--- Emitting Weather Window: 08:36:10 ---
 -> Sent Weather | Zone: Hinjewadi     | Temp: 28.1°C | Humidity: 90%
 -> Sent Weather | Zone: FC Road       | Temp: 27.9°C | Humidity: 89%
 -> Sent Weather | Zone: Kothrud       | Temp: 27.6°C | Humidity: 91%
 -> Sent Weather | Zone: Hadapsar      | Temp: 28.4°C | Humidity: 86%
 -> Sent Weather | Zone: Shivajinagar  | Temp: 27.8°C | Humidity: 89%

--- Emitting Weather Window: 08:36:29 ---
 -> Sent Weather | Zone: Hinjewadi     | Temp: 28.1°C | Humidity: 90%
 -> Sent Weather | Zone: FC Road       | Temp: 27.9°C | Humidity: 89%
 -> Sent Weather | Zone: Kothrud       | Temp: 28.1°C | Humidity: 92%
 -> Sent Weather | Zone: Hadapsar      | Temp: 28.6°C | Humidity: 86%
 -> Sent Weather | Zone: Shivajinagar  | Temp: 27.7°C | Humidity: 88%

--- Emitting Weather Window: 08:36:48 ---
 -> Sent Weather | Zone: Hinjewadi     | Temp: 28.0°C | Humidity: 90%
 -> Sent Weather | Zone: FC Road       | Temp: 28.0°C | Humidity: 89%
 -> Sent Weather | Zone: Kothrud       | Temp: 27.8°C | Humidity: 91%
 -> Sent Weather | Zone: Hadapsar      | Temp: 28.6°C | Humidity: 86%
 -> Sent Weather | Zone: Shivajinagar  | Temp: 28.0°C | Humidity: 89%

--- Emitting Weather Window: 08:37:07 ---
 -> Sent Weather | Zone: Hinjewadi     | Temp: 28.3°C | Humidity: 90%
 -> Sent Weather | Zone: FC Road       | Temp: 27.7°C | Humidity: 88%
 -> Sent Weather | Zone: Kothrud       | Temp: 28.0°C | Humidity: 92%
 -> Sent Weather | Zone: Hadapsar      | Temp: 28.5°C | Humidity: 86%
 -> Sent Weather | Zone: Shivajinagar  | Temp: 27.8°C | Humidity: 88%

--- Emitting Weather Window: 08:37:25 ---
 -> Sent Weather | Zone: Hinjewadi     | Temp: 28.0°C | Humidity: 90%
 -> Sent Weather | Zone: FC Road       | Temp: 28.1°C | Humidity: 89%
 -> Sent Weather | Zone: Kothrud       | Temp: 27.7°C | Humidity: 91%
 -> Sent Weather | Zone: Hadapsar      | Temp: 28.3°C | Humidity: 85%
 -> Sent Weather | Zone: Shivajinagar  | Temp: 28.1°C | Humidity: 89%

--- Emitting Weather Window: 08:37:45 ---
 -> Sent Weather | Zone: Hinjewadi     | Temp: 27.7°C | Humidity: 89%
 -> Sent Weather | Zone: FC Road       | Temp: 27.9°C | Humidity: 89%
 -> Sent Weather | Zone: Kothrud       | Temp: 27.8°C | Humidity: 91%
 -> Sent Weather | Zone: Hadapsar      | Temp: 28.2°C | Humidity: 85%
 -> Sent Weather | Zone: Shivajinagar  | Temp: 27.6°C | Humidity: 88%

--- Emitting Weather Window: 08:38:04 ---
 -> Sent Weather | Zone: Hinjewadi     | Temp: 28.1°C | Humidity: 90%
 -> Sent Weather | Zone: FC Road       | Temp: 27.9°C | Humidity: 89%
 -> Sent Weather | Zone: Kothrud       | Temp: 28.1°C | Humidity: 92%
 -> Sent Weather | Zone: Hadapsar      | Temp: 28.5°C | Humidity: 86%
 -> Sent Weather | Zone: Shivajinagar  | Temp: 27.6°C | Humidity: 88%

--- Emitting Weather Window: 08:38:23 ---
 -> Sent Weather | Zone: Hinjewadi     | Temp: 27.7°C | Humidity: 89%
 -> Sent Weather | Zone: FC Road       | Temp: 27.9°C | Humidity: 89%
 -> Sent Weather | Zone: Kothrud       | Temp: 28.0°C | Humidity: 92%
 -> Sent Weather | Zone: Hadapsar      | Temp: 28.6°C | Humidity: 86%
 -> Sent Weather | Zone: Shivajinagar  | Temp: 27.9°C | Humidity: 89%

--- Emitting Weather Window: 08:38:42 ---
 -> Sent Weather | Zone: Hinjewadi     | Temp: 28.2°C | Humidity: 90%
 -> Sent Weather | Zone: FC Road       | Temp: 27.8°C | Humidity: 88%
 -> Sent Weather | Zone: Kothrud       | Temp: 27.9°C | Humidity: 92%
 -> Sent Weather | Zone: Hadapsar      | Temp: 28.1°C | Humidity: 85%
 -> Sent Weather | Zone: Shivajinagar  | Temp: 28.0°C | Humidity: 89%

--- Emitting Weather Window: 08:39:01 ---
 -> Sent Weather | Zone: Hinjewadi     | Temp: 27.9°C | Humidity: 89%
 -> Sent Weather | Zone: FC Road       | Temp: 27.9°C | Humidity: 89%
 -> Sent Weather | Zone: Kothrud       | Temp: 28.0°C | Humidity: 92%
 -> Sent Weather | Zone: Hadapsar      | Temp: 28.4°C | Humidity: 86%
 -> Sent Weather | Zone: Shivajinagar  | Temp: 27.9°C | Humidity: 89%

--- Emitting Weather Window: 08:39:20 ---
 -> Sent Weather | Zone: Hinjewadi     | Temp: 28.0°C | Humidity: 90%
 -> Sent Weather | Zone: FC Road       | Temp: 27.8°C | Humidity: 89%
 -> Sent Weather | Zone: Kothrud       | Temp: 27.7°C | Humidity: 91%
 -> Sent Weather | Zone: Hadapsar      | Temp: 28.7°C | Humidity: 86%
 -> Sent Weather | Zone: Shivajinagar  | Temp: 27.9°C | Humidity: 89%

--- Emitting Weather Window: 08:39:39 ---
 -> Sent Weather | Zone: Hinjewadi     | Temp: 28.3°C | Humidity: 90%
 -> Sent Weather | Zone: FC Road       | Temp: 28.0°C | Humidity: 89%
 -> Sent Weather | Zone: Kothrud       | Temp: 27.8°C | Humidity: 91%
 -> Sent Weather | Zone: Hadapsar      | Temp: 28.2°C | Humidity: 85%
 -> Sent Weather | Zone: Shivajinagar  | Temp: 27.8°C | Humidity: 88%

--- Emitting Weather Window: 08:39:57 ---
 -> Sent Weather | Zone: Hinjewadi     | Temp: 27.9°C | Humidity: 89%
 -> Sent Weather | Zone: FC Road       | Temp: 28.1°C | Humidity: 89%
 -> Sent Weather | Zone: Kothrud       | Temp: 28.0°C | Humidity: 92%
 -> Sent Weather | Zone: Hadapsar      | Temp: 28.3°C | Humidity: 85%
 -> Sent Weather | Zone: Shivajinagar  | Temp: 27.6°C | Humidity: 88%

--- Emitting Weather Window: 08:40:30 ---
 -> Sent Weather | Zone: Hinjewadi     | Temp: 27.9°C | Humidity: 89%
 -> Sent Weather | Zone: FC Road       | Temp: 27.7°C | Humidity: 88%
 -> Sent Weather | Zone: Kothrud       | Temp: 27.9°C | Humidity: 92%
 -> Sent Weather | Zone: Hadapsar      | Temp: 28.7°C | Humidity: 86%
 -> Sent Weather | Zone: Shivajinagar  | Temp: 27.7°C | Humidity: 88%

--- Emitting Weather Window: 08:40:50 ---
 -> Sent Weather | Zone: Hinjewadi     | Temp: 27.8°C | Humidity: 89%
 -> Sent Weather | Zone: FC Road       | Temp: 27.8°C | Humidity: 88%
 -> Sent Weather | Zone: Kothrud       | Temp: 28.0°C | Humidity: 92%
 -> Sent Weather | Zone: Hadapsar      | Temp: 28.6°C | Humidity: 86%
 -> Sent Weather | Zone: Shivajinagar  | Temp: 27.8°C | Humidity: 88%

--- Emitting Weather Window: 08:41:09 ---
 -> Sent Weather | Zone: Hinjewadi     | Temp: 27.9°C | Humidity: 89%
 -> Sent Weather | Zone: FC Road       | Temp: 28.1°C | Humidity: 89%
 -> Sent Weather | Zone: Kothrud       | Temp: 28.0°C | Humidity: 92%
 -> Sent Weather | Zone: Hadapsar      | Temp: 28.4°C | Humidity: 85%
 -> Sent Weather | Zone: Shivajinagar  | Temp: 27.8°C | Humidity: 89%

--- Emitting Weather Window: 08:41:28 ---
 -> Sent Weather | Zone: Hinjewadi     | Temp: 28.0°C | Humidity: 90%
 -> Sent Weather | Zone: FC Road       | Temp: 27.6°C | Humidity: 88%
 -> Sent Weather | Zone: Kothrud       | Temp: 27.9°C | Humidity: 91%
 -> Sent Weather | Zone: Hadapsar      | Temp: 28.6°C | Humidity: 86%
 -> Sent Weather | Zone: Shivajinagar  | Temp: 27.6°C | Humidity: 88%

--- Emitting Weather Window: 08:41:47 ---
 -> Sent Weather | Zone: Hinjewadi     | Temp: 27.8°C | Humidity: 89%
 -> Sent Weather | Zone: FC Road       | Temp: 27.8°C | Humidity: 89%
 -> Sent Weather | Zone: Kothrud       | Temp: 28.0°C | Humidity: 92%
 -> Sent Weather | Zone: Hadapsar      | Temp: 28.2°C | Humidity: 85%
 -> Sent Weather | Zone: Shivajinagar  | Temp: 28.1°C | Humidity: 89%

--- Emitting Weather Window: 08:42:06 ---
 -> Sent Weather | Zone: Hinjewadi     | Temp: 28.0°C | Humidity: 89%
 -> Sent Weather | Zone: FC Road       | Temp: 27.8°C | Humidity: 89%
 -> Sent Weather | Zone: Kothrud       | Temp: 27.9°C | Humidity: 91%
 -> Sent Weather | Zone: Hadapsar      | Temp: 28.4°C | Humidity: 85%
 -> Sent Weather | Zone: Shivajinagar  | Temp: 27.7°C | Humidity: 88%

--- Emitting Weather Window: 08:42:24 ---
 -> Sent Weather | Zone: Hinjewadi     | Temp: 28.2°C | Humidity: 90%
 -> Sent Weather | Zone: FC Road       | Temp: 27.5°C | Humidity: 88%
 -> Sent Weather | Zone: Kothrud       | Temp: 27.9°C | Humidity: 92%
 -> Sent Weather | Zone: Hadapsar      | Temp: 28.5°C | Humidity: 86%
 -> Sent Weather | Zone: Shivajinagar  | Temp: 27.8°C | Humidity: 88%

--- Emitting Weather Window: 08:42:43 ---
 -> Sent Weather | Zone: Hinjewadi     | Temp: 27.9°C | Humidity: 89%
 -> Sent Weather | Zone: FC Road       | Temp: 28.1°C | Humidity: 89%
 -> Sent Weather | Zone: Kothrud       | Temp: 27.7°C | Humidity: 91%
 -> Sent Weather | Zone: Hadapsar      | Temp: 28.4°C | Humidity: 86%
⚠️ API Fetch error: HTTPSConnectionPool(host='api.open-meteo.com', port=443): Read timed out. (read timeout=10)
 -> Sent Weather | Zone: Shivajinagar  | Temp: 32.3°C | Humidity: 60%

--- Emitting Weather Window: 08:43:12 ---
 -> Sent Weather | Zone: Hinjewadi     | Temp: 28.1°C | Humidity: 90%
 -> Sent Weather | Zone: FC Road       | Temp: 27.6°C | Humidity: 88%
 -> Sent Weather | Zone: Kothrud       | Temp: 27.9°C | Humidity: 92%
 -> Sent Weather | Zone: Hadapsar      | Temp: 28.1°C | Humidity: 85%
 -> Sent Weather | Zone: Shivajinagar  | Temp: 27.9°C | Humidity: 89%

--- Emitting Weather Window: 08:43:31 ---
 -> Sent Weather | Zone: Hinjewadi     | Temp: 27.9°C | Humidity: 89%
 -> Sent Weather | Zone: FC Road       | Temp: 28.0°C | Humidity: 89%
 -> Sent Weather | Zone: Kothrud       | Temp: 27.9°C | Humidity: 91%
 -> Sent Weather | Zone: Hadapsar      | Temp: 28.3°C | Humidity: 85%
 -> Sent Weather | Zone: Shivajinagar  | Temp: 27.8°C | Humidity: 88%

--- Emitting Weather Window: 08:43:50 ---
 -> Sent Weather | Zone: Hinjewadi     | Temp: 28.2°C | Humidity: 90%
 -> Sent Weather | Zone: FC Road       | Temp: 28.0°C | Humidity: 89%
 -> Sent Weather | Zone: Kothrud       | Temp: 28.0°C | Humidity: 92%
 -> Sent Weather | Zone: Hadapsar      | Temp: 28.4°C | Humidity: 85%
 -> Sent Weather | Zone: Shivajinagar  | Temp: 28.1°C | Humidity: 89%

--- Emitting Weather Window: 08:44:09 ---
 -> Sent Weather | Zone: Hinjewadi     | Temp: 28.0°C | Humidity: 89%
 -> Sent Weather | Zone: FC Road       | Temp: 27.8°C | Humidity: 89%
 -> Sent Weather | Zone: Kothrud       | Temp: 28.0°C | Humidity: 92%
 -> Sent Weather | Zone: Hadapsar      | Temp: 28.6°C | Humidity: 86%
 -> Sent Weather | Zone: Shivajinagar  | Temp: 28.0°C | Humidity: 89%

--- Emitting Weather Window: 08:44:28 ---
 -> Sent Weather | Zone: Hinjewadi     | Temp: 27.8°C | Humidity: 89%
 -> Sent Weather | Zone: FC Road       | Temp: 27.8°C | Humidity: 89%
 -> Sent Weather | Zone: Kothrud       | Temp: 28.1°C | Humidity: 92%
 -> Sent Weather | Zone: Hadapsar      | Temp: 28.4°C | Humidity: 86%
 -> Sent Weather | Zone: Shivajinagar  | Temp: 27.9°C | Humidity: 89%

--- Emitting Weather Window: 08:44:47 ---
 -> Sent Weather | Zone: Hinjewadi     | Temp: 27.8°C | Humidity: 89%
 -> Sent Weather | Zone: FC Road       | Temp: 27.7°C | Humidity: 88%
 -> Sent Weather | Zone: Kothrud       | Temp: 27.7°C | Humidity: 91%
 -> Sent Weather | Zone: Hadapsar      | Temp: 28.6°C | Humidity: 86%
 -> Sent Weather | Zone: Shivajinagar  | Temp: 28.1°C | Humidity: 89%

--- Emitting Weather Window: 08:45:06 ---
 -> Sent Weather | Zone: Hinjewadi     | Temp: 28.8°C | Humidity: 90%
 -> Sent Weather | Zone: FC Road       | Temp: 28.3°C | Humidity: 88%
 -> Sent Weather | Zone: Kothrud       | Temp: 28.3°C | Humidity: 91%
 -> Sent Weather | Zone: Hadapsar      | Temp: 29.2°C | Humidity: 86%
 -> Sent Weather | Zone: Shivajinagar  | Temp: 28.4°C | Humidity: 88%

--- Emitting Weather Window: 08:45:25 ---
 -> Sent Weather | Zone: Hinjewadi     | Temp: 28.6°C | Humidity: 89%
 -> Sent Weather | Zone: FC Road       | Temp: 28.1°C | Humidity: 88%
 -> Sent Weather | Zone: Kothrud       | Temp: 28.3°C | Humidity: 91%
 -> Sent Weather | Zone: Hadapsar      | Temp: 29.1°C | Humidity: 86%
 -> Sent Weather | Zone: Shivajinagar  | Temp: 28.7°C | Humidity: 89%

--- Emitting Weather Window: 08:45:44 ---
 -> Sent Weather | Zone: Hinjewadi     | Temp: 28.5°C | Humidity: 89%
 -> Sent Weather | Zone: FC Road       | Temp: 28.3°C | Humidity: 88%
 -> Sent Weather | Zone: Kothrud       | Temp: 28.4°C | Humidity: 91%
 -> Sent Weather | Zone: Hadapsar      | Temp: 29.0°C | Humidity: 86%
 -> Sent Weather | Zone: Shivajinagar  | Temp: 28.2°C | Humidity: 88%

--- Emitting Weather Window: 08:46:03 ---
 -> Sent Weather | Zone: Hinjewadi     | Temp: 28.5°C | Humidity: 89%
 -> Sent Weather | Zone: FC Road       | Temp: 28.4°C | Humidity: 89%
 -> Sent Weather | Zone: Kothrud       | Temp: 28.3°C | Humidity: 91%
 -> Sent Weather | Zone: Hadapsar      | Temp: 28.9°C | Humidity: 85%
 -> Sent Weather | Zone: Shivajinagar  | Temp: 28.3°C | Humidity: 88%

--- Emitting Weather Window: 08:46:22 ---
 -> Sent Weather | Zone: Hinjewadi     | Temp: 28.7°C | Humidity: 90%
 -> Sent Weather | Zone: FC Road       | Temp: 28.7°C | Humidity: 89%
 -> Sent Weather | Zone: Kothrud       | Temp: 28.5°C | Humidity: 91%
 -> Sent Weather | Zone: Hadapsar      | Temp: 29.1°C | Humidity: 86%
 -> Sent Weather | Zone: Shivajinagar  | Temp: 28.5°C | Humidity: 89%

--- Emitting Weather Window: 08:46:41 ---
 -> Sent Weather | Zone: Hinjewadi     | Temp: 28.7°C | Humidity: 90%
 -> Sent Weather | Zone: FC Road       | Temp: 28.3°C | Humidity: 88%
 -> Sent Weather | Zone: Kothrud       | Temp: 28.3°C | Humidity: 91%
 -> Sent Weather | Zone: Hadapsar      | Temp: 28.8°C | Humidity: 85%
 -> Sent Weather | Zone: Shivajinagar  | Temp: 28.6°C | Humidity: 89%

--- Emitting Weather Window: 08:47:00 ---
 -> Sent Weather | Zone: Hinjewadi     | Temp: 28.9°C | Humidity: 90%
 -> Sent Weather | Zone: FC Road       | Temp: 28.6°C | Humidity: 89%
 -> Sent Weather | Zone: Kothrud       | Temp: 28.8°C | Humidity: 92%
 -> Sent Weather | Zone: Hadapsar      | Temp: 29.0°C | Humidity: 85%
 -> Sent Weather | Zone: Shivajinagar  | Temp: 28.6°C | Humidity: 89%

--- Emitting Weather Window: 08:47:18 ---
 -> Sent Weather | Zone: Hinjewadi     | Temp: 28.8°C | Humidity: 90%
 -> Sent Weather | Zone: FC Road       | Temp: 28.2°C | Humidity: 88%
 -> Sent Weather | Zone: Kothrud       | Temp: 28.4°C | Humidity: 91%
 -> Sent Weather | Zone: Hadapsar      | Temp: 28.8°C | Humidity: 85%
 -> Sent Weather | Zone: Shivajinagar  | Temp: 28.2°C | Humidity: 88%

--- Emitting Weather Window: 08:47:37 ---
 -> Sent Weather | Zone: Hinjewadi     | Temp: 28.5°C | Humidity: 89%
 -> Sent Weather | Zone: FC Road       | Temp: 28.4°C | Humidity: 89%
 -> Sent Weather | Zone: Kothrud       | Temp: 28.6°C | Humidity: 91%
 -> Sent Weather | Zone: Hadapsar      | Temp: 29.2°C | Humidity: 86%
 -> Sent Weather | Zone: Shivajinagar  | Temp: 28.5°C | Humidity: 89%

--- Emitting Weather Window: 08:47:56 ---
 -> Sent Weather | Zone: Hinjewadi     | Temp: 28.8°C | Humidity: 90%
 -> Sent Weather | Zone: FC Road       | Temp: 28.3°C | Humidity: 88%
 -> Sent Weather | Zone: Kothrud       | Temp: 28.4°C | Humidity: 91%
 -> Sent Weather | Zone: Hadapsar      | Temp: 28.9°C | Humidity: 85%
 -> Sent Weather | Zone: Shivajinagar  | Temp: 28.4°C | Humidity: 89%

--- Emitting Weather Window: 08:48:15 ---
 -> Sent Weather | Zone: Hinjewadi     | Temp: 28.5°C | Humidity: 89%
 -> Sent Weather | Zone: FC Road       | Temp: 28.5°C | Humidity: 89%
 -> Sent Weather | Zone: Kothrud       | Temp: 28.7°C | Humidity: 92%
 -> Sent Weather | Zone: Hadapsar      | Temp: 29.1°C | Humidity: 86%
 -> Sent Weather | Zone: Shivajinagar  | Temp: 28.1°C | Humidity: 88%

--- Emitting Weather Window: 08:48:34 ---
 -> Sent Weather | Zone: Hinjewadi     | Temp: 28.7°C | Humidity: 90%
 -> Sent Weather | Zone: FC Road       | Temp: 28.2°C | Humidity: 88%
 -> Sent Weather | Zone: Kothrud       | Temp: 28.6°C | Humidity: 92%
 -> Sent Weather | Zone: Hadapsar      | Temp: 28.9°C | Humidity: 85%
 -> Sent Weather | Zone: Shivajinagar  | Temp: 28.3°C | Humidity: 88%

--- Emitting Weather Window: 08:48:53 ---
 -> Sent Weather | Zone: Hinjewadi     | Temp: 28.6°C | Humidity: 89%
 -> Sent Weather | Zone: FC Road       | Temp: 28.4°C | Humidity: 88%
 -> Sent Weather | Zone: Kothrud       | Temp: 28.5°C | Humidity: 91%
 -> Sent Weather | Zone: Hadapsar      | Temp: 29.1°C | Humidity: 86%
 -> Sent Weather | Zone: Shivajinagar  | Temp: 28.4°C | Humidity: 89%

--- Emitting Weather Window: 08:49:12 ---
 -> Sent Weather | Zone: Hinjewadi     | Temp: 28.3°C | Humidity: 89%
 -> Sent Weather | Zone: FC Road       | Temp: 28.4°C | Humidity: 89%
 -> Sent Weather | Zone: Kothrud       | Temp: 28.5°C | Humidity: 91%
 -> Sent Weather | Zone: Hadapsar      | Temp: 29.1°C | Humidity: 86%
 -> Sent Weather | Zone: Shivajinagar  | Temp: 28.6°C | Humidity: 89%

--- Emitting Weather Window: 08:49:31 ---
 -> Sent Weather | Zone: Hinjewadi     | Temp: 28.4°C | Humidity: 89%
 -> Sent Weather | Zone: FC Road       | Temp: 28.3°C | Humidity: 88%
 -> Sent Weather | Zone: Kothrud       | Temp: 28.9°C | Humidity: 92%
 -> Sent Weather | Zone: Hadapsar      | Temp: 29.2°C | Humidity: 86%
 -> Sent Weather | Zone: Shivajinagar  | Temp: 28.5°C | Humidity: 89%

--- Emitting Weather Window: 08:49:51 ---
 -> Sent Weather | Zone: Hinjewadi     | Temp: 28.7°C | Humidity: 90%
 -> Sent Weather | Zone: FC Road       | Temp: 28.5°C | Humidity: 89%
 -> Sent Weather | Zone: Kothrud       | Temp: 28.7°C | Humidity: 92%
 -> Sent Weather | Zone: Hadapsar      | Temp: 28.9°C | Humidity: 85%
 -> Sent Weather | Zone: Shivajinagar  | Temp: 28.3°C | Humidity: 88%

--- Emitting Weather Window: 08:50:10 ---
 -> Sent Weather | Zone: Hinjewadi     | Temp: 28.8°C | Humidity: 90%
 -> Sent Weather | Zone: FC Road       | Temp: 28.5°C | Humidity: 89%
 -> Sent Weather | Zone: Kothrud       | Temp: 28.6°C | Humidity: 92%
 -> Sent Weather | Zone: Hadapsar      | Temp: 28.8°C | Humidity: 85%
 -> Sent Weather | Zone: Shivajinagar  | Temp: 28.5°C | Humidity: 89%

--- Emitting Weather Window: 08:50:35 ---
 -> Sent Weather | Zone: Hinjewadi     | Temp: 28.5°C | Humidity: 89%
 -> Sent Weather | Zone: FC Road       | Temp: 28.4°C | Humidity: 89%
 -> Sent Weather | Zone: Kothrud       | Temp: 28.6°C | Humidity: 92%
 -> Sent Weather | Zone: Hadapsar      | Temp: 29.3°C | Humidity: 86%
 -> Sent Weather | Zone: Shivajinagar  | Temp: 28.2°C | Humidity: 88%

--- Emitting Weather Window: 08:50:54 ---
⚠️ API Fetch error: HTTPSConnectionPool(host='api.open-meteo.com', port=443): Read timed out. (read timeout=10)
 -> Sent Weather | Zone: Hinjewadi     | Temp: 32.2°C | Humidity: 60%
 -> Sent Weather | Zone: FC Road       | Temp: 28.5°C | Humidity: 89%
 -> Sent Weather | Zone: Kothrud       | Temp: 28.5°C | Humidity: 91%
 -> Sent Weather | Zone: Hadapsar      | Temp: 28.8°C | Humidity: 85%
 -> Sent Weather | Zone: Shivajinagar  | Temp: 28.4°C | Humidity: 88%

--- Emitting Weather Window: 08:51:23 ---
 -> Sent Weather | Zone: Hinjewadi     | Temp: 28.7°C | Humidity: 90%
 -> Sent Weather | Zone: FC Road       | Temp: 28.3°C | Humidity: 88%
 -> Sent Weather | Zone: Kothrud       | Temp: 28.7°C | Humidity: 92%
 -> Sent Weather | Zone: Hadapsar      | Temp: 28.8°C | Humidity: 85%
 -> Sent Weather | Zone: Shivajinagar  | Temp: 28.3°C | Humidity: 88%

--- Emitting Weather Window: 08:51:42 ---
 -> Sent Weather | Zone: Hinjewadi     | Temp: 28.3°C | Humidity: 89%
 -> Sent Weather | Zone: FC Road       | Temp: 28.6°C | Humidity: 89%
 -> Sent Weather | Zone: Kothrud       | Temp: 28.6°C | Humidity: 92%
 -> Sent Weather | Zone: Hadapsar      | Temp: 29.1°C | Humidity: 86%
 -> Sent Weather | Zone: Shivajinagar  | Temp: 28.6°C | Humidity: 89%

--- Emitting Weather Window: 08:52:01 ---
 -> Sent Weather | Zone: Hinjewadi     | Temp: 28.6°C | Humidity: 90%
 -> Sent Weather | Zone: FC Road       | Temp: 28.4°C | Humidity: 88%
 -> Sent Weather | Zone: Kothrud       | Temp: 28.5°C | Humidity: 91%
 -> Sent Weather | Zone: Hadapsar      | Temp: 28.8°C | Humidity: 85%
 -> Sent Weather | Zone: Shivajinagar  | Temp: 28.6°C | Humidity: 89%

--- Emitting Weather Window: 08:52:20 ---
 -> Sent Weather | Zone: Hinjewadi     | Temp: 28.3°C | Humidity: 89%
 -> Sent Weather | Zone: FC Road       | Temp: 28.4°C | Humidity: 88%
 -> Sent Weather | Zone: Kothrud       | Temp: 28.4°C | Humidity: 91%
 -> Sent Weather | Zone: Hadapsar      | Temp: 29.2°C | Humidity: 86%
 -> Sent Weather | Zone: Shivajinagar  | Temp: 28.5°C | Humidity: 89%

--- Emitting Weather Window: 08:52:39 ---
 -> Sent Weather | Zone: Hinjewadi     | Temp: 28.6°C | Humidity: 90%
 -> Sent Weather | Zone: FC Road       | Temp: 28.2°C | Humidity: 88%
 -> Sent Weather | Zone: Kothrud       | Temp: 28.6°C | Humidity: 92%
 -> Sent Weather | Zone: Hadapsar      | Temp: 29.1°C | Humidity: 86%
 -> Sent Weather | Zone: Shivajinagar  | Temp: 28.6°C | Humidity: 89%

--- Emitting Weather Window: 08:52:58 ---
 -> Sent Weather | Zone: Hinjewadi     | Temp: 28.9°C | Humidity: 90%
 -> Sent Weather | Zone: FC Road       | Temp: 28.4°C | Humidity: 88%
 -> Sent Weather | Zone: Kothrud       | Temp: 28.8°C | Humidity: 92%
 -> Sent Weather | Zone: Hadapsar      | Temp: 29.0°C | Humidity: 85%
 -> Sent Weather | Zone: Shivajinagar  | Temp: 28.2°C | Humidity: 88%

--- Emitting Weather Window: 08:53:17 ---
 -> Sent Weather | Zone: Hinjewadi     | Temp: 28.4°C | Humidity: 89%
 -> Sent Weather | Zone: FC Road       | Temp: 28.3°C | Humidity: 88%
 -> Sent Weather | Zone: Kothrud       | Temp: 28.6°C | Humidity: 92%
 -> Sent Weather | Zone: Hadapsar      | Temp: 29.0°C | Humidity: 86%
 -> Sent Weather | Zone: Shivajinagar  | Temp: 28.6°C | Humidity: 89%

--- Emitting Weather Window: 08:53:37 ---
 -> Sent Weather | Zone: Hinjewadi     | Temp: 28.4°C | Humidity: 89%
 -> Sent Weather | Zone: FC Road       | Temp: 28.2°C | Humidity: 88%
 -> Sent Weather | Zone: Kothrud       | Temp: 28.7°C | Humidity: 92%
 -> Sent Weather | Zone: Hadapsar      | Temp: 29.0°C | Humidity: 85%
 -> Sent Weather | Zone: Shivajinagar  | Temp: 28.6°C | Humidity: 89%

--- Emitting Weather Window: 08:53:55 ---
 -> Sent Weather | Zone: Hinjewadi     | Temp: 28.6°C | Humidity: 90%
 -> Sent Weather | Zone: FC Road       | Temp: 28.6°C | Humidity: 89%
 -> Sent Weather | Zone: Kothrud       | Temp: 28.5°C | Humidity: 91%
 -> Sent Weather | Zone: Hadapsar      | Temp: 29.0°C | Humidity: 85%
 -> Sent Weather | Zone: Shivajinagar  | Temp: 28.3°C | Humidity: 88%

--- Emitting Weather Window: 08:54:15 ---
 -> Sent Weather | Zone: Hinjewadi     | Temp: 28.8°C | Humidity: 90%
 -> Sent Weather | Zone: FC Road       | Temp: 28.6°C | Humidity: 89%
 -> Sent Weather | Zone: Kothrud       | Temp: 28.6°C | Humidity: 92%
 -> Sent Weather | Zone: Hadapsar      | Temp: 28.9°C | Humidity: 85%
 -> Sent Weather | Zone: Shivajinagar  | Temp: 28.7°C | Humidity: 89%

--- Emitting Weather Window: 08:54:34 ---
 -> Sent Weather | Zone: Hinjewadi     | Temp: 28.3°C | Humidity: 89%
 -> Sent Weather | Zone: FC Road       | Temp: 28.2°C | Humidity: 88%
 -> Sent Weather | Zone: Kothrud       | Temp: 28.9°C | Humidity: 92%
 -> Sent Weather | Zone: Hadapsar      | Temp: 29.0°C | Humidity: 86%
 -> Sent Weather | Zone: Shivajinagar  | Temp: 28.2°C | Humidity: 88%

--- Emitting Weather Window: 08:54:53 ---
 -> Sent Weather | Zone: Hinjewadi     | Temp: 28.7°C | Humidity: 90%
 -> Sent Weather | Zone: FC Road       | Temp: 28.5°C | Humidity: 89%
 -> Sent Weather | Zone: Kothrud       | Temp: 28.5°C | Humidity: 91%
 -> Sent Weather | Zone: Hadapsar      | Temp: 29.1°C | Humidity: 86%
 -> Sent Weather | Zone: Shivajinagar  | Temp: 28.6°C | Humidity: 89%

--- Emitting Weather Window: 08:55:12 ---
 -> Sent Weather | Zone: Hinjewadi     | Temp: 28.7°C | Humidity: 90%
 -> Sent Weather | Zone: FC Road       | Temp: 28.2°C | Humidity: 88%
 -> Sent Weather | Zone: Kothrud       | Temp: 28.7°C | Humidity: 92%
 -> Sent Weather | Zone: Hadapsar      | Temp: 29.1°C | Humidity: 86%
 -> Sent Weather | Zone: Shivajinagar  | Temp: 28.2°C | Humidity: 88%

--- Emitting Weather Window: 08:55:32 ---
⚠️ API Fetch error: HTTPSConnectionPool(host='api.open-meteo.com', port=443): Read timed out. (read timeout=10)
 -> Sent Weather | Zone: Hinjewadi     | Temp: 32.0°C | Humidity: 59%
 -> Sent Weather | Zone: FC Road       | Temp: 28.4°C | Humidity: 89%
 -> Sent Weather | Zone: Kothrud       | Temp: 28.8°C | Humidity: 92%
 -> Sent Weather | Zone: Hadapsar      | Temp: 29.1°C | Humidity: 86%
 -> Sent Weather | Zone: Shivajinagar  | Temp: 28.4°C | Humidity: 88%

--- Emitting Weather Window: 08:56:00 ---
 -> Sent Weather | Zone: Hinjewadi     | Temp: 28.7°C | Humidity: 90%
 -> Sent Weather | Zone: FC Road       | Temp: 28.1°C | Humidity: 88%
 -> Sent Weather | Zone: Kothrud       | Temp: 28.3°C | Humidity: 91%
 -> Sent Weather | Zone: Hadapsar      | Temp: 29.0°C | Humidity: 85%
 -> Sent Weather | Zone: Shivajinagar  | Temp: 28.5°C | Humidity: 89%

--- Emitting Weather Window: 08:56:19 ---
 -> Sent Weather | Zone: Hinjewadi     | Temp: 28.4°C | Humidity: 89%
 -> Sent Weather | Zone: FC Road       | Temp: 28.3°C | Humidity: 88%
 -> Sent Weather | Zone: Kothrud       | Temp: 28.7°C | Humidity: 92%
 -> Sent Weather | Zone: Hadapsar      | Temp: 28.9°C | Humidity: 85%
 -> Sent Weather | Zone: Shivajinagar  | Temp: 28.7°C | Humidity: 89%

--- Emitting Weather Window: 08:56:37 ---
 -> Sent Weather | Zone: Hinjewadi     | Temp: 28.4°C | Humidity: 89%
 -> Sent Weather | Zone: FC Road       | Temp: 28.5°C | Humidity: 89%
 -> Sent Weather | Zone: Kothrud       | Temp: 28.4°C | Humidity: 91%
 -> Sent Weather | Zone: Hadapsar      | Temp: 29.1°C | Humidity: 86%
 -> Sent Weather | Zone: Shivajinagar  | Temp: 28.3°C | Humidity: 88%

--- Emitting Weather Window: 08:56:56 ---
 -> Sent Weather | Zone: Hinjewadi     | Temp: 28.8°C | Humidity: 90%
 -> Sent Weather | Zone: FC Road       | Temp: 28.3°C | Humidity: 88%
 -> Sent Weather | Zone: Kothrud       | Temp: 28.7°C | Humidity: 92%
 -> Sent Weather | Zone: Hadapsar      | Temp: 29.0°C | Humidity: 86%
 -> Sent Weather | Zone: Shivajinagar  | Temp: 28.3°C | Humidity: 88%

--- Emitting Weather Window: 08:57:16 ---
 -> Sent Weather | Zone: Hinjewadi     | Temp: 28.5°C | Humidity: 89%
⚠️ API Fetch error: HTTPSConnectionPool(host='api.open-meteo.com', port=443): Read timed out. (read timeout=10)
 -> Sent Weather | Zone: FC Road       | Temp: 32.2°C | Humidity: 60%
 -> Sent Weather | Zone: Kothrud       | Temp: 28.8°C | Humidity: 92%
 -> Sent Weather | Zone: Hadapsar      | Temp: 28.8°C | Humidity: 85%
 -> Sent Weather | Zone: Shivajinagar  | Temp: 28.6°C | Humidity: 89%

--- Emitting Weather Window: 08:57:44 ---
 -> Sent Weather | Zone: Hinjewadi     | Temp: 28.9°C | Humidity: 90%
 -> Sent Weather | Zone: FC Road       | Temp: 28.3°C | Humidity: 88%
 -> Sent Weather | Zone: Kothrud       | Temp: 28.8°C | Humidity: 92%
 -> Sent Weather | Zone: Hadapsar      | Temp: 29.0°C | Humidity: 85%
 -> Sent Weather | Zone: Shivajinagar  | Temp: 28.4°C | Humidity: 88%

--- Emitting Weather Window: 08:58:03 ---
 -> Sent Weather | Zone: Hinjewadi     | Temp: 28.8°C | Humidity: 90%
 -> Sent Weather | Zone: FC Road       | Temp: 28.5°C | Humidity: 89%
 -> Sent Weather | Zone: Kothrud       | Temp: 28.3°C | Humidity: 91%
 -> Sent Weather | Zone: Hadapsar      | Temp: 28.9°C | Humidity: 85%
 -> Sent Weather | Zone: Shivajinagar  | Temp: 28.6°C | Humidity: 89%

--- Emitting Weather Window: 08:58:22 ---
 -> Sent Weather | Zone: Hinjewadi     | Temp: 28.6°C | Humidity: 90%
 -> Sent Weather | Zone: FC Road       | Temp: 28.4°C | Humidity: 89%
 -> Sent Weather | Zone: Kothrud       | Temp: 28.5°C | Humidity: 91%
 -> Sent Weather | Zone: Hadapsar      | Temp: 29.2°C | Humidity: 86%
 -> Sent Weather | Zone: Shivajinagar  | Temp: 28.2°C | Humidity: 88%

--- Emitting Weather Window: 08:58:41 ---
 -> Sent Weather | Zone: Hinjewadi     | Temp: 28.7°C | Humidity: 90%
 -> Sent Weather | Zone: FC Road       | Temp: 28.4°C | Humidity: 89%
 -> Sent Weather | Zone: Kothrud       | Temp: 28.7°C | Humidity: 92%
 -> Sent Weather | Zone: Hadapsar      | Temp: 28.8°C | Humidity: 85%
 -> Sent Weather | Zone: Shivajinagar  | Temp: 28.3°C | Humidity: 88%

--- Emitting Weather Window: 08:59:00 ---
 -> Sent Weather | Zone: Hinjewadi     | Temp: 28.6°C | Humidity: 89%
 -> Sent Weather | Zone: FC Road       | Temp: 28.6°C | Humidity: 89%
 -> Sent Weather | Zone: Kothrud       | Temp: 28.4°C | Humidity: 91%
 -> Sent Weather | Zone: Hadapsar      | Temp: 29.2°C | Humidity: 86%
 -> Sent Weather | Zone: Shivajinagar  | Temp: 28.4°C | Humidity: 89%

--- Emitting Weather Window: 08:59:19 ---
 -> Sent Weather | Zone: Hinjewadi     | Temp: 28.4°C | Humidity: 89%
 -> Sent Weather | Zone: FC Road       | Temp: 28.7°C | Humidity: 89%
 -> Sent Weather | Zone: Kothrud       | Temp: 28.7°C | Humidity: 92%
 -> Sent Weather | Zone: Hadapsar      | Temp: 28.8°C | Humidity: 85%
 -> Sent Weather | Zone: Shivajinagar  | Temp: 28.5°C | Humidity: 89%

--- Emitting Weather Window: 08:59:38 ---
 -> Sent Weather | Zone: Hinjewadi     | Temp: 28.9°C | Humidity: 90%
 -> Sent Weather | Zone: FC Road       | Temp: 28.6°C | Humidity: 89%
 -> Sent Weather | Zone: Kothrud       | Temp: 28.5°C | Humidity: 91%
 -> Sent Weather | Zone: Hadapsar      | Temp: 28.9°C | Humidity: 85%
 -> Sent Weather | Zone: Shivajinagar  | Temp: 28.7°C | Humidity: 89%

--- Emitting Weather Window: 08:59:57 ---
 -> Sent Weather | Zone: Hinjewadi     | Temp: 28.5°C | Humidity: 89%
 -> Sent Weather | Zone: FC Road       | Temp: 28.3°C | Humidity: 88%
 -> Sent Weather | Zone: Kothrud       | Temp: 28.3°C | Humidity: 91%
⚠️ API Fetch error: HTTPSConnectionPool(host='api.open-meteo.com', port=443): Read timed out. (read timeout=10)
 -> Sent Weather | Zone: Hadapsar      | Temp: 32.2°C | Humidity: 60%
 -> Sent Weather | Zone: Shivajinagar  | Temp: 29.1°C | Humidity: 89%

--- Emitting Weather Window: 09:00:33 ---
 -> Sent Weather | Zone: Hinjewadi     | Temp: 29.2°C | Humidity: 89%
 -> Sent Weather | Zone: FC Road       | Temp: 29.3°C | Humidity: 89%
 -> Sent Weather | Zone: Kothrud       | Temp: 29.1°C | Humidity: 91%
 -> Sent Weather | Zone: Hadapsar      | Temp: 29.5°C | Humidity: 85%
 -> Sent Weather | Zone: Shivajinagar  | Temp: 28.8°C | Humidity: 88%

--- Emitting Weather Window: 09:00:52 ---
 -> Sent Weather | Zone: Hinjewadi     | Temp: 29.2°C | Humidity: 89%
 -> Sent Weather | Zone: FC Road       | Temp: 28.9°C | Humidity: 88%
 -> Sent Weather | Zone: Kothrud       | Temp: 29.2°C | Humidity: 91%
 -> Sent Weather | Zone: Hadapsar      | Temp: 29.6°C | Humidity: 86%
 -> Sent Weather | Zone: Shivajinagar  | Temp: 28.9°C | Humidity: 88%

--- Emitting Weather Window: 09:01:11 ---
 -> Sent Weather | Zone: Hinjewadi     | Temp: 29.6°C | Humidity: 90%
 -> Sent Weather | Zone: FC Road       | Temp: 28.8°C | Humidity: 88%
 -> Sent Weather | Zone: Kothrud       | Temp: 29.1°C | Humidity: 91%
 -> Sent Weather | Zone: Hadapsar      | Temp: 29.3°C | Humidity: 85%
 -> Sent Weather | Zone: Shivajinagar  | Temp: 28.9°C | Humidity: 88%

--- Emitting Weather Window: 09:01:30 ---
 -> Sent Weather | Zone: Hinjewadi     | Temp: 29.6°C | Humidity: 90%
 -> Sent Weather | Zone: FC Road       | Temp: 29.0°C | Humidity: 89%
 -> Sent Weather | Zone: Kothrud       | Temp: 29.1°C | Humidity: 91%
⚠️ API Fetch error: HTTPSConnectionPool(host='api.open-meteo.com', port=443): Read timed out. (read timeout=10)
 -> Sent Weather | Zone: Hadapsar      | Temp: 32.0°C | Humidity: 59%
 -> Sent Weather | Zone: Shivajinagar  | Temp: 29.1°C | Humidity: 89%

--- Emitting Weather Window: 09:01:59 ---
 -> Sent Weather | Zone: Hinjewadi     | Temp: 29.6°C | Humidity: 90%
 -> Sent Weather | Zone: FC Road       | Temp: 29.2°C | Humidity: 89%
 -> Sent Weather | Zone: Kothrud       | Temp: 29.0°C | Humidity: 91%
 -> Sent Weather | Zone: Hadapsar      | Temp: 29.6°C | Humidity: 85%
 -> Sent Weather | Zone: Shivajinagar  | Temp: 28.8°C | Humidity: 88%

--- Emitting Weather Window: 09:02:18 ---
 -> Sent Weather | Zone: Hinjewadi     | Temp: 29.4°C | Humidity: 90%
 -> Sent Weather | Zone: FC Road       | Temp: 29.2°C | Humidity: 89%
 -> Sent Weather | Zone: Kothrud       | Temp: 29.1°C | Humidity: 91%
 -> Sent Weather | Zone: Hadapsar      | Temp: 29.8°C | Humidity: 86%
 -> Sent Weather | Zone: Shivajinagar  | Temp: 29.0°C | Humidity: 88%

--- Emitting Weather Window: 09:02:37 ---
 -> Sent Weather | Zone: Hinjewadi     | Temp: 29.5°C | Humidity: 90%
 -> Sent Weather | Zone: FC Road       | Temp: 28.9°C | Humidity: 88%
 -> Sent Weather | Zone: Kothrud       | Temp: 29.3°C | Humidity: 92%
 -> Sent Weather | Zone: Hadapsar      | Temp: 29.6°C | Humidity: 85%
 -> Sent Weather | Zone: Shivajinagar  | Temp: 28.8°C | Humidity: 88%

--- Emitting Weather Window: 09:02:56 ---
 -> Sent Weather | Zone: Hinjewadi     | Temp: 29.2°C | Humidity: 89%
 -> Sent Weather | Zone: FC Road       | Temp: 29.1°C | Humidity: 89%
 -> Sent Weather | Zone: Kothrud       | Temp: 29.5°C | Humidity: 92%
 -> Sent Weather | Zone: Hadapsar      | Temp: 29.8°C | Humidity: 86%
 -> Sent Weather | Zone: Shivajinagar  | Temp: 29.1°C | Humidity: 89%

--- Emitting Weather Window: 09:03:15 ---
 -> Sent Weather | Zone: Hinjewadi     | Temp: 29.2°C | Humidity: 89%
 -> Sent Weather | Zone: FC Road       | Temp: 28.8°C | Humidity: 88%
 -> Sent Weather | Zone: Kothrud       | Temp: 29.5°C | Humidity: 92%
 -> Sent Weather | Zone: Hadapsar      | Temp: 29.7°C | Humidity: 86%
 -> Sent Weather | Zone: Shivajinagar  | Temp: 29.2°C | Humidity: 89%

--- Emitting Weather Window: 09:03:34 ---
 -> Sent Weather | Zone: Hinjewadi     | Temp: 29.1°C | Humidity: 89%
 -> Sent Weather | Zone: FC Road       | Temp: 29.2°C | Humidity: 89%
 -> Sent Weather | Zone: Kothrud       | Temp: 29.5°C | Humidity: 92%
 -> Sent Weather | Zone: Hadapsar      | Temp: 29.3°C | Humidity: 85%
 -> Sent Weather | Zone: Shivajinagar  | Temp: 28.9°C | Humidity: 88%

--- Emitting Weather Window: 09:03:54 ---
 -> Sent Weather | Zone: Hinjewadi     | Temp: 29.3°C | Humidity: 89%
 -> Sent Weather | Zone: FC Road       | Temp: 29.0°C | Humidity: 89%
 -> Sent Weather | Zone: Kothrud       | Temp: 29.0°C | Humidity: 91%
 -> Sent Weather | Zone: Hadapsar      | Temp: 29.3°C | Humidity: 85%
 -> Sent Weather | Zone: Shivajinagar  | Temp: 29.1°C | Humidity: 89%

--- Emitting Weather Window: 09:04:12 ---
 -> Sent Weather | Zone: Hinjewadi     | Temp: 29.5°C | Humidity: 90%
 -> Sent Weather | Zone: FC Road       | Temp: 28.9°C | Humidity: 88%
 -> Sent Weather | Zone: Kothrud       | Temp: 29.3°C | Humidity: 91%
 -> Sent Weather | Zone: Hadapsar      | Temp: 29.6°C | Humidity: 85%
 -> Sent Weather | Zone: Shivajinagar  | Temp: 28.9°C | Humidity: 88%

--- Emitting Weather Window: 09:04:31 ---
 -> Sent Weather | Zone: Hinjewadi     | Temp: 29.2°C | Humidity: 89%
 -> Sent Weather | Zone: FC Road       | Temp: 29.0°C | Humidity: 89%
 -> Sent Weather | Zone: Kothrud       | Temp: 29.2°C | Humidity: 91%
 -> Sent Weather | Zone: Hadapsar      | Temp: 29.8°C | Humidity: 86%
 -> Sent Weather | Zone: Shivajinagar  | Temp: 28.9°C | Humidity: 88%

--- Emitting Weather Window: 09:04:50 ---
 -> Sent Weather | Zone: Hinjewadi     | Temp: 29.6°C | Humidity: 90%
 -> Sent Weather | Zone: FC Road       | Temp: 29.0°C | Humidity: 89%
 -> Sent Weather | Zone: Kothrud       | Temp: 29.5°C | Humidity: 92%
 -> Sent Weather | Zone: Hadapsar      | Temp: 29.5°C | Humidity: 85%
 -> Sent Weather | Zone: Shivajinagar  | Temp: 29.1°C | Humidity: 89%

--- Emitting Weather Window: 09:05:09 ---
 -> Sent Weather | Zone: Hinjewadi     | Temp: 29.4°C | Humidity: 89%
 -> Sent Weather | Zone: FC Road       | Temp: 28.7°C | Humidity: 88%
 -> Sent Weather | Zone: Kothrud       | Temp: 29.3°C | Humidity: 91%
 -> Sent Weather | Zone: Hadapsar      | Temp: 29.4°C | Humidity: 85%
 -> Sent Weather | Zone: Shivajinagar  | Temp: 29.3°C | Humidity: 89%

--- Emitting Weather Window: 09:05:28 ---
 -> Sent Weather | Zone: Hinjewadi     | Temp: 29.5°C | Humidity: 90%
 -> Sent Weather | Zone: FC Road       | Temp: 29.2°C | Humidity: 89%
 -> Sent Weather | Zone: Kothrud       | Temp: 29.0°C | Humidity: 91%
 -> Sent Weather | Zone: Hadapsar      | Temp: 29.5°C | Humidity: 85%
 -> Sent Weather | Zone: Shivajinagar  | Temp: 28.7°C | Humidity: 88%

--- Emitting Weather Window: 09:05:47 ---
 -> Sent Weather | Zone: Hinjewadi     | Temp: 29.5°C | Humidity: 90%
 -> Sent Weather | Zone: FC Road       | Temp: 28.8°C | Humidity: 88%
 -> Sent Weather | Zone: Kothrud       | Temp: 29.5°C | Humidity: 92%
 -> Sent Weather | Zone: Hadapsar      | Temp: 29.5°C | Humidity: 85%
 -> Sent Weather | Zone: Shivajinagar  | Temp: 28.8°C | Humidity: 88%

--- Emitting Weather Window: 09:06:06 ---
 -> Sent Weather | Zone: Hinjewadi     | Temp: 29.6°C | Humidity: 90%
 -> Sent Weather | Zone: FC Road       | Temp: 28.8°C | Humidity: 88%
 -> Sent Weather | Zone: Kothrud       | Temp: 29.6°C | Humidity: 92%
 -> Sent Weather | Zone: Hadapsar      | Temp: 29.7°C | Humidity: 86%
 -> Sent Weather | Zone: Shivajinagar  | Temp: 28.8°C | Humidity: 88%

--- Emitting Weather Window: 09:06:25 ---
 -> Sent Weather | Zone: Hinjewadi     | Temp: 29.4°C | Humidity: 90%
 -> Sent Weather | Zone: FC Road       | Temp: 29.2°C | Humidity: 89%
 -> Sent Weather | Zone: Kothrud       | Temp: 29.3°C | Humidity: 91%
 -> Sent Weather | Zone: Hadapsar      | Temp: 29.4°C | Humidity: 85%
 -> Sent Weather | Zone: Shivajinagar  | Temp: 29.0°C | Humidity: 89%

--- Emitting Weather Window: 09:06:44 ---
 -> Sent Weather | Zone: Hinjewadi     | Temp: 29.3°C | Humidity: 89%
 -> Sent Weather | Zone: FC Road       | Temp: 29.2°C | Humidity: 89%
 -> Sent Weather | Zone: Kothrud       | Temp: 29.3°C | Humidity: 92%
 -> Sent Weather | Zone: Hadapsar      | Temp: 29.7°C | Humidity: 86%
 -> Sent Weather | Zone: Shivajinagar  | Temp: 28.7°C | Humidity: 88%

--- Emitting Weather Window: 09:07:03 ---
 -> Sent Weather | Zone: Hinjewadi     | Temp: 29.2°C | Humidity: 89%
 -> Sent Weather | Zone: FC Road       | Temp: 29.1°C | Humidity: 89%
 -> Sent Weather | Zone: Kothrud       | Temp: 29.5°C | Humidity: 92%
 -> Sent Weather | Zone: Hadapsar      | Temp: 29.8°C | Humidity: 86%
 -> Sent Weather | Zone: Shivajinagar  | Temp: 28.8°C | Humidity: 88%

--- Emitting Weather Window: 09:07:23 ---
 -> Sent Weather | Zone: Hinjewadi     | Temp: 29.5°C | Humidity: 90%
 -> Sent Weather | Zone: FC Road       | Temp: 28.9°C | Humidity: 88%
 -> Sent Weather | Zone: Kothrud       | Temp: 29.2°C | Humidity: 91%
 -> Sent Weather | Zone: Hadapsar      | Temp: 29.8°C | Humidity: 86%
 -> Sent Weather | Zone: Shivajinagar  | Temp: 29.0°C | Humidity: 89%

--- Emitting Weather Window: 09:07:42 ---
 -> Sent Weather | Zone: Hinjewadi     | Temp: 29.2°C | Humidity: 89%
 -> Sent Weather | Zone: FC Road       | Temp: 28.9°C | Humidity: 88%
 -> Sent Weather | Zone: Kothrud       | Temp: 29.4°C | Humidity: 92%
 -> Sent Weather | Zone: Hadapsar      | Temp: 29.4°C | Humidity: 85%
 -> Sent Weather | Zone: Shivajinagar  | Temp: 29.0°C | Humidity: 89%

--- Emitting Weather Window: 09:08:01 ---
 -> Sent Weather | Zone: Hinjewadi     | Temp: 29.6°C | Humidity: 90%
 -> Sent Weather | Zone: FC Road       | Temp: 28.8°C | Humidity: 88%
 -> Sent Weather | Zone: Kothrud       | Temp: 29.2°C | Humidity: 91%
 -> Sent Weather | Zone: Hadapsar      | Temp: 29.6°C | Humidity: 85%
 -> Sent Weather | Zone: Shivajinagar  | Temp: 29.2°C | Humidity: 89%

--- Emitting Weather Window: 09:08:20 ---
 -> Sent Weather | Zone: Hinjewadi     | Temp: 29.1°C | Humidity: 89%
 -> Sent Weather | Zone: FC Road       | Temp: 28.9°C | Humidity: 88%
 -> Sent Weather | Zone: Kothrud       | Temp: 29.5°C | Humidity: 92%
 -> Sent Weather | Zone: Hadapsar      | Temp: 29.3°C | Humidity: 85%
 -> Sent Weather | Zone: Shivajinagar  | Temp: 28.8°C | Humidity: 88%

--- Emitting Weather Window: 09:08:39 ---
 -> Sent Weather | Zone: Hinjewadi     | Temp: 29.3°C | Humidity: 89%
 -> Sent Weather | Zone: FC Road       | Temp: 29.0°C | Humidity: 88%
 -> Sent Weather | Zone: Kothrud       | Temp: 29.3°C | Humidity: 92%
 -> Sent Weather | Zone: Hadapsar      | Temp: 29.5°C | Humidity: 85%
 -> Sent Weather | Zone: Shivajinagar  | Temp: 29.1°C | Humidity: 89%

--- Emitting Weather Window: 09:08:58 ---
 -> Sent Weather | Zone: Hinjewadi     | Temp: 29.6°C | Humidity: 90%
 -> Sent Weather | Zone: FC Road       | Temp: 29.0°C | Humidity: 88%
 -> Sent Weather | Zone: Kothrud       | Temp: 29.5°C | Humidity: 92%
 -> Sent Weather | Zone: Hadapsar      | Temp: 29.4°C | Humidity: 85%
 -> Sent Weather | Zone: Shivajinagar  | Temp: 29.2°C | Humidity: 89%

--- Emitting Weather Window: 09:09:17 ---
 -> Sent Weather | Zone: Hinjewadi     | Temp: 29.4°C | Humidity: 89%
 -> Sent Weather | Zone: FC Road       | Temp: 29.0°C | Humidity: 89%
 -> Sent Weather | Zone: Kothrud       | Temp: 29.4°C | Humidity: 92%
 -> Sent Weather | Zone: Hadapsar      | Temp: 29.8°C | Humidity: 86%
 -> Sent Weather | Zone: Shivajinagar  | Temp: 28.8°C | Humidity: 88%

--- Emitting Weather Window: 09:09:37 ---
 -> Sent Weather | Zone: Hinjewadi     | Temp: 29.5°C | Humidity: 90%
 -> Sent Weather | Zone: FC Road       | Temp: 29.2°C | Humidity: 89%
 -> Sent Weather | Zone: Kothrud       | Temp: 29.0°C | Humidity: 91%
 -> Sent Weather | Zone: Hadapsar      | Temp: 29.6°C | Humidity: 85%
 -> Sent Weather | Zone: Shivajinagar  | Temp: 29.3°C | Humidity: 89%

--- Emitting Weather Window: 09:09:56 ---
 -> Sent Weather | Zone: Hinjewadi     | Temp: 29.5°C | Humidity: 90%
 -> Sent Weather | Zone: FC Road       | Temp: 29.2°C | Humidity: 89%
 -> Sent Weather | Zone: Kothrud       | Temp: 29.6°C | Humidity: 92%
 -> Sent Weather | Zone: Hadapsar      | Temp: 29.6°C | Humidity: 85%
 -> Sent Weather | Zone: Shivajinagar  | Temp: 29.2°C | Humidity: 89%

--- Emitting Weather Window: 09:10:21 ---
 -> Sent Weather | Zone: Hinjewadi     | Temp: 29.3°C | Humidity: 89%
 -> Sent Weather | Zone: FC Road       | Temp: 29.2°C | Humidity: 89%
 -> Sent Weather | Zone: Kothrud       | Temp: 29.4°C | Humidity: 92%
 -> Sent Weather | Zone: Hadapsar      | Temp: 29.9°C | Humidity: 86%
 -> Sent Weather | Zone: Shivajinagar  | Temp: 29.1°C | Humidity: 89%

--- Emitting Weather Window: 09:10:41 ---
 -> Sent Weather | Zone: Hinjewadi     | Temp: 29.6°C | Humidity: 90%
 -> Sent Weather | Zone: FC Road       | Temp: 29.3°C | Humidity: 89%
 -> Sent Weather | Zone: Kothrud       | Temp: 29.2°C | Humidity: 91%
 -> Sent Weather | Zone: Hadapsar      | Temp: 29.8°C | Humidity: 86%
 -> Sent Weather | Zone: Shivajinagar  | Temp: 29.0°C | Humidity: 88%

--- Emitting Weather Window: 09:10:59 ---
 -> Sent Weather | Zone: Hinjewadi     | Temp: 29.3°C | Humidity: 89%
 -> Sent Weather | Zone: FC Road       | Temp: 28.9°C | Humidity: 88%
 -> Sent Weather | Zone: Kothrud       | Temp: 29.5°C | Humidity: 92%
 -> Sent Weather | Zone: Hadapsar      | Temp: 29.6°C | Humidity: 86%
 -> Sent Weather | Zone: Shivajinagar  | Temp: 29.0°C | Humidity: 88%

--- Emitting Weather Window: 09:11:19 ---
 -> Sent Weather | Zone: Hinjewadi     | Temp: 29.3°C | Humidity: 89%
 -> Sent Weather | Zone: FC Road       | Temp: 28.7°C | Humidity: 88%
 -> Sent Weather | Zone: Kothrud       | Temp: 29.4°C | Humidity: 92%
 -> Sent Weather | Zone: Hadapsar      | Temp: 29.4°C | Humidity: 85%
 -> Sent Weather | Zone: Shivajinagar  | Temp: 29.2°C | Humidity: 89%

--- Emitting Weather Window: 09:11:38 ---
 -> Sent Weather | Zone: Hinjewadi     | Temp: 29.5°C | Humidity: 90%
 -> Sent Weather | Zone: FC Road       | Temp: 28.8°C | Humidity: 88%
 -> Sent Weather | Zone: Kothrud       | Temp: 29.3°C | Humidity: 91%
 -> Sent Weather | Zone: Hadapsar      | Temp: 29.4°C | Humidity: 85%
 -> Sent Weather | Zone: Shivajinagar  | Temp: 29.3°C | Humidity: 89%

--- Emitting Weather Window: 09:11:57 ---
 -> Sent Weather | Zone: Hinjewadi     | Temp: 29.2°C | Humidity: 89%
 -> Sent Weather | Zone: FC Road       | Temp: 29.2°C | Humidity: 89%
 -> Sent Weather | Zone: Kothrud       | Temp: 29.2°C | Humidity: 91%
 -> Sent Weather | Zone: Hadapsar      | Temp: 29.6°C | Humidity: 86%
 -> Sent Weather | Zone: Shivajinagar  | Temp: 29.1°C | Humidity: 89%

--- Emitting Weather Window: 09:12:17 ---
 -> Sent Weather | Zone: Hinjewadi     | Temp: 29.3°C | Humidity: 89%
 -> Sent Weather | Zone: FC Road       | Temp: 29.2°C | Humidity: 89%
 -> Sent Weather | Zone: Kothrud       | Temp: 29.1°C | Humidity: 91%
 -> Sent Weather | Zone: Hadapsar      | Temp: 29.7°C | Humidity: 86%
 -> Sent Weather | Zone: Shivajinagar  | Temp: 29.2°C | Humidity: 89%

--- Emitting Weather Window: 09:12:35 ---
 -> Sent Weather | Zone: Hinjewadi     | Temp: 29.6°C | Humidity: 90%
 -> Sent Weather | Zone: FC Road       | Temp: 29.1°C | Humidity: 89%
 -> Sent Weather | Zone: Kothrud       | Temp: 29.5°C | Humidity: 92%
 -> Sent Weather | Zone: Hadapsar      | Temp: 29.5°C | Humidity: 85%
 -> Sent Weather | Zone: Shivajinagar  | Temp: 28.9°C | Humidity: 88%

--- Emitting Weather Window: 09:12:55 ---
 -> Sent Weather | Zone: Hinjewadi     | Temp: 29.5°C | Humidity: 90%
 -> Sent Weather | Zone: FC Road       | Temp: 29.1°C | Humidity: 89%
 -> Sent Weather | Zone: Kothrud       | Temp: 29.1°C | Humidity: 91%
 -> Sent Weather | Zone: Hadapsar      | Temp: 29.4°C | Humidity: 85%
 -> Sent Weather | Zone: Shivajinagar  | Temp: 28.8°C | Humidity: 88%

--- Emitting Weather Window: 09:13:14 ---
 -> Sent Weather | Zone: Hinjewadi     | Temp: 29.3°C | Humidity: 89%
 -> Sent Weather | Zone: FC Road       | Temp: 29.0°C | Humidity: 88%
 -> Sent Weather | Zone: Kothrud       | Temp: 29.4°C | Humidity: 92%
 -> Sent Weather | Zone: Hadapsar      | Temp: 29.6°C | Humidity: 85%
 -> Sent Weather | Zone: Shivajinagar  | Temp: 28.7°C | Humidity: 88%

--- Emitting Weather Window: 09:13:33 ---
 -> Sent Weather | Zone: Hinjewadi     | Temp: 29.6°C | Humidity: 90%
 -> Sent Weather | Zone: FC Road       | Temp: 28.8°C | Humidity: 88%
 -> Sent Weather | Zone: Kothrud       | Temp: 29.3°C | Humidity: 91%
 -> Sent Weather | Zone: Hadapsar      | Temp: 29.4°C | Humidity: 85%
 -> Sent Weather | Zone: Shivajinagar  | Temp: 28.8°C | Humidity: 88%

--- Emitting Weather Window: 09:13:52 ---
 -> Sent Weather | Zone: Hinjewadi     | Temp: 29.2°C | Humidity: 89%
 -> Sent Weather | Zone: FC Road       | Temp: 29.1°C | Humidity: 89%
 -> Sent Weather | Zone: Kothrud       | Temp: 29.4°C | Humidity: 92%
 -> Sent Weather | Zone: Hadapsar      | Temp: 29.7°C | Humidity: 86%
 -> Sent Weather | Zone: Shivajinagar  | Temp: 28.7°C | Humidity: 88%

--- Emitting Weather Window: 09:14:11 ---
 -> Sent Weather | Zone: Hinjewadi     | Temp: 29.4°C | Humidity: 89%
 -> Sent Weather | Zone: FC Road       | Temp: 28.8°C | Humidity: 88%
 -> Sent Weather | Zone: Kothrud       | Temp: 29.5°C | Humidity: 92%
 -> Sent Weather | Zone: Hadapsar      | Temp: 29.5°C | Humidity: 85%
 -> Sent Weather | Zone: Shivajinagar  | Temp: 29.2°C | Humidity: 89%

--- Emitting Weather Window: 09:14:30 ---
 -> Sent Weather | Zone: Hinjewadi     | Temp: 29.2°C | Humidity: 89%
 -> Sent Weather | Zone: FC Road       | Temp: 29.1°C | Humidity: 89%
 -> Sent Weather | Zone: Kothrud       | Temp: 29.2°C | Humidity: 91%
 -> Sent Weather | Zone: Hadapsar      | Temp: 29.7°C | Humidity: 86%
 -> Sent Weather | Zone: Shivajinagar  | Temp: 29.2°C | Humidity: 89%

--- Emitting Weather Window: 09:14:48 ---
 -> Sent Weather | Zone: Hinjewadi     | Temp: 29.3°C | Humidity: 89%
 -> Sent Weather | Zone: FC Road       | Temp: 29.1°C | Humidity: 89%
 -> Sent Weather | Zone: Kothrud       | Temp: 29.2°C | Humidity: 91%
 -> Sent Weather | Zone: Hadapsar      | Temp: 29.4°C | Humidity: 85%
 -> Sent Weather | Zone: Shivajinagar  | Temp: 29.1°C | Humidity: 89%

--- Emitting Weather Window: 09:15:08 ---
 -> Sent Weather | Zone: Hinjewadi     | Temp: 30.3°C | Humidity: 90%
 -> Sent Weather | Zone: FC Road       | Temp: 29.8°C | Humidity: 89%
 -> Sent Weather | Zone: Kothrud       | Temp: 29.8°C | Humidity: 91%
 -> Sent Weather | Zone: Hadapsar      | Temp: 30.2°C | Humidity: 86%
 -> Sent Weather | Zone: Shivajinagar  | Temp: 29.4°C | Humidity: 88%

--- Emitting Weather Window: 09:15:26 ---
 -> Sent Weather | Zone: Hinjewadi     | Temp: 30.0°C | Humidity: 90%
 -> Sent Weather | Zone: FC Road       | Temp: 29.4°C | Humidity: 88%
 -> Sent Weather | Zone: Kothrud       | Temp: 30.3°C | Humidity: 92%
 -> Sent Weather | Zone: Hadapsar      | Temp: 30.0°C | Humidity: 85%
 -> Sent Weather | Zone: Shivajinagar  | Temp: 29.7°C | Humidity: 89%

--- Emitting Weather Window: 09:15:45 ---
 -> Sent Weather | Zone: Hinjewadi     | Temp: 29.8°C | Humidity: 89%
 -> Sent Weather | Zone: FC Road       | Temp: 29.6°C | Humidity: 88%
 -> Sent Weather | Zone: Kothrud       | Temp: 30.0°C | Humidity: 91%
 -> Sent Weather | Zone: Hadapsar      | Temp: 30.0°C | Humidity: 85%
 -> Sent Weather | Zone: Shivajinagar  | Temp: 29.7°C | Humidity: 89%

--- Emitting Weather Window: 09:16:04 ---
 -> Sent Weather | Zone: Hinjewadi     | Temp: 30.0°C | Humidity: 89%
 -> Sent Weather | Zone: FC Road       | Temp: 29.5°C | Humidity: 88%
 -> Sent Weather | Zone: Kothrud       | Temp: 29.9°C | Humidity: 91%
 -> Sent Weather | Zone: Hadapsar      | Temp: 30.2°C | Humidity: 85%
 -> Sent Weather | Zone: Shivajinagar  | Temp: 29.4°C | Humidity: 88%

--- Emitting Weather Window: 09:16:23 ---
 -> Sent Weather | Zone: Hinjewadi     | Temp: 30.2°C | Humidity: 90%
 -> Sent Weather | Zone: FC Road       | Temp: 29.8°C | Humidity: 89%
 -> Sent Weather | Zone: Kothrud       | Temp: 30.2°C | Humidity: 92%
 -> Sent Weather | Zone: Hadapsar      | Temp: 30.3°C | Humidity: 86%
 -> Sent Weather | Zone: Shivajinagar  | Temp: 29.6°C | Humidity: 89%

--- Emitting Weather Window: 09:16:42 ---
 -> Sent Weather | Zone: Hinjewadi     | Temp: 29.9°C | Humidity: 89%
 -> Sent Weather | Zone: FC Road       | Temp: 29.5°C | Humidity: 88%
 -> Sent Weather | Zone: Kothrud       | Temp: 30.0°C | Humidity: 92%
 -> Sent Weather | Zone: Hadapsar      | Temp: 30.4°C | Humidity: 86%
 -> Sent Weather | Zone: Shivajinagar  | Temp: 29.3°C | Humidity: 88%

--- Emitting Weather Window: 09:17:01 ---
 -> Sent Weather | Zone: Hinjewadi     | Temp: 29.9°C | Humidity: 89%
 -> Sent Weather | Zone: FC Road       | Temp: 29.6°C | Humidity: 88%
 -> Sent Weather | Zone: Kothrud       | Temp: 30.2°C | Humidity: 92%
 -> Sent Weather | Zone: Hadapsar      | Temp: 30.1°C | Humidity: 85%
 -> Sent Weather | Zone: Shivajinagar  | Temp: 29.7°C | Humidity: 89%

--- Emitting Weather Window: 09:17:20 ---
 -> Sent Weather | Zone: Hinjewadi     | Temp: 29.8°C | Humidity: 89%
 -> Sent Weather | Zone: FC Road       | Temp: 29.6°C | Humidity: 89%
 -> Sent Weather | Zone: Kothrud       | Temp: 30.1°C | Humidity: 92%
 -> Sent Weather | Zone: Hadapsar      | Temp: 30.1°C | Humidity: 85%
 -> Sent Weather | Zone: Shivajinagar  | Temp: 29.6°C | Humidity: 88%

--- Emitting Weather Window: 09:17:39 ---
 -> Sent Weather | Zone: Hinjewadi     | Temp: 29.9°C | Humidity: 89%
 -> Sent Weather | Zone: FC Road       | Temp: 29.8°C | Humidity: 89%
 -> Sent Weather | Zone: Kothrud       | Temp: 30.0°C | Humidity: 91%
 -> Sent Weather | Zone: Hadapsar      | Temp: 30.3°C | Humidity: 86%
 -> Sent Weather | Zone: Shivajinagar  | Temp: 29.5°C | Humidity: 88%

--- Emitting Weather Window: 09:17:58 ---
 -> Sent Weather | Zone: Hinjewadi     | Temp: 29.8°C | Humidity: 89%
 -> Sent Weather | Zone: FC Road       | Temp: 29.4°C | Humidity: 88%
 -> Sent Weather | Zone: Kothrud       | Temp: 30.0°C | Humidity: 91%
 -> Sent Weather | Zone: Hadapsar      | Temp: 29.9°C | Humidity: 85%
 -> Sent Weather | Zone: Shivajinagar  | Temp: 29.7°C | Humidity: 89%

--- Emitting Weather Window: 09:18:18 ---
 -> Sent Weather | Zone: Hinjewadi     | Temp: 30.2°C | Humidity: 90%
 -> Sent Weather | Zone: FC Road       | Temp: 29.4°C | Humidity: 88%
 -> Sent Weather | Zone: Kothrud       | Temp: 30.2°C | Humidity: 92%
 -> Sent Weather | Zone: Hadapsar      | Temp: 30.4°C | Humidity: 86%
 -> Sent Weather | Zone: Shivajinagar  | Temp: 29.8°C | Humidity: 89%

--- Emitting Weather Window: 09:18:37 ---
 -> Sent Weather | Zone: Hinjewadi     | Temp: 30.1°C | Humidity: 90%
 -> Sent Weather | Zone: FC Road       | Temp: 29.6°C | Humidity: 89%
 -> Sent Weather | Zone: Kothrud       | Temp: 30.0°C | Humidity: 91%
 -> Sent Weather | Zone: Hadapsar      | Temp: 30.3°C | Humidity: 86%
 -> Sent Weather | Zone: Shivajinagar  | Temp: 29.7°C | Humidity: 89%

--- Emitting Weather Window: 09:18:56 ---
 -> Sent Weather | Zone: Hinjewadi     | Temp: 29.9°C | Humidity: 89%
 -> Sent Weather | Zone: FC Road       | Temp: 29.4°C | Humidity: 88%
 -> Sent Weather | Zone: Kothrud       | Temp: 29.7°C | Humidity: 91%
 -> Sent Weather | Zone: Hadapsar      | Temp: 30.3°C | Humidity: 86%
 -> Sent Weather | Zone: Shivajinagar  | Temp: 29.8°C | Humidity: 89%

--- Emitting Weather Window: 09:19:15 ---
 -> Sent Weather | Zone: Hinjewadi     | Temp: 29.8°C | Humidity: 89%
 -> Sent Weather | Zone: FC Road       | Temp: 29.8°C | Humidity: 89%
 -> Sent Weather | Zone: Kothrud       | Temp: 30.1°C | Humidity: 92%
 -> Sent Weather | Zone: Hadapsar      | Temp: 30.1°C | Humidity: 85%
 -> Sent Weather | Zone: Shivajinagar  | Temp: 29.7°C | Humidity: 89%

--- Emitting Weather Window: 09:19:34 ---
 -> Sent Weather | Zone: Hinjewadi     | Temp: 29.8°C | Humidity: 89%
 -> Sent Weather | Zone: FC Road       | Temp: 29.7°C | Humidity: 89%
 -> Sent Weather | Zone: Kothrud       | Temp: 30.1°C | Humidity: 92%
 -> Sent Weather | Zone: Hadapsar      | Temp: 30.0°C | Humidity: 85%
 -> Sent Weather | Zone: Shivajinagar  | Temp: 29.4°C | Humidity: 88%

--- Emitting Weather Window: 09:19:53 ---
 -> Sent Weather | Zone: Hinjewadi     | Temp: 29.9°C | Humidity: 89%
 -> Sent Weather | Zone: FC Road       | Temp: 29.6°C | Humidity: 88%
 -> Sent Weather | Zone: Kothrud       | Temp: 29.8°C | Humidity: 91%
 -> Sent Weather | Zone: Hadapsar      | Temp: 30.4°C | Humidity: 86%
 -> Sent Weather | Zone: Shivajinagar  | Temp: 29.6°C | Humidity: 88%

--- Emitting Weather Window: 09:20:12 ---
 -> Sent Weather | Zone: Hinjewadi     | Temp: 29.7°C | Humidity: 89%
 -> Sent Weather | Zone: FC Road       | Temp: 29.5°C | Humidity: 88%
 -> Sent Weather | Zone: Kothrud       | Temp: 30.0°C | Humidity: 91%
 -> Sent Weather | Zone: Hadapsar      | Temp: 30.2°C | Humidity: 86%
 -> Sent Weather | Zone: Shivajinagar  | Temp: 29.5°C | Humidity: 88%

--- Emitting Weather Window: 09:20:34 ---
 -> Sent Weather | Zone: Hinjewadi     | Temp: 29.8°C | Humidity: 89%
 -> Sent Weather | Zone: FC Road       | Temp: 29.4°C | Humidity: 88%
 -> Sent Weather | Zone: Kothrud       | Temp: 30.2°C | Humidity: 92%
 -> Sent Weather | Zone: Hadapsar      | Temp: 30.4°C | Humidity: 86%
 -> Sent Weather | Zone: Shivajinagar  | Temp: 29.5°C | Humidity: 88%

--- Emitting Weather Window: 09:20:53 ---
 -> Sent Weather | Zone: Hinjewadi     | Temp: 30.1°C | Humidity: 90%
 -> Sent Weather | Zone: FC Road       | Temp: 29.5°C | Humidity: 88%
 -> Sent Weather | Zone: Kothrud       | Temp: 30.2°C | Humidity: 92%
 -> Sent Weather | Zone: Hadapsar      | Temp: 30.5°C | Humidity: 86%
 -> Sent Weather | Zone: Shivajinagar  | Temp: 29.8°C | Humidity: 89%

--- Emitting Weather Window: 09:21:13 ---
⚠️ API Fetch error: HTTPSConnectionPool(host='api.open-meteo.com', port=443): Read timed out. (read timeout=10)
 -> Sent Weather | Zone: Hinjewadi     | Temp: 31.9°C | Humidity: 59%
 -> Sent Weather | Zone: FC Road       | Temp: 29.6°C | Humidity: 89%
 -> Sent Weather | Zone: Kothrud       | Temp: 29.9°C | Humidity: 91%
 -> Sent Weather | Zone: Hadapsar      | Temp: 30.4°C | Humidity: 86%
 -> Sent Weather | Zone: Shivajinagar  | Temp: 29.7°C | Humidity: 89%

--- Emitting Weather Window: 09:21:41 ---
 -> Sent Weather | Zone: Hinjewadi     | Temp: 29.9°C | Humidity: 89%
 -> Sent Weather | Zone: FC Road       | Temp: 29.6°C | Humidity: 88%
 -> Sent Weather | Zone: Kothrud       | Temp: 30.1°C | Humidity: 92%
 -> Sent Weather | Zone: Hadapsar      | Temp: 30.2°C | Humidity: 86%
 -> Sent Weather | Zone: Shivajinagar  | Temp: 29.8°C | Humidity: 89%

--- Emitting Weather Window: 09:22:00 ---
 -> Sent Weather | Zone: Hinjewadi     | Temp: 30.1°C | Humidity: 90%
 -> Sent Weather | Zone: FC Road       | Temp: 29.5°C | Humidity: 88%
 -> Sent Weather | Zone: Kothrud       | Temp: 29.7°C | Humidity: 91%
 -> Sent Weather | Zone: Hadapsar      | Temp: 30.1°C | Humidity: 85%
 -> Sent Weather | Zone: Shivajinagar  | Temp: 29.4°C | Humidity: 88%

--- Emitting Weather Window: 09:22:19 ---
 -> Sent Weather | Zone: Hinjewadi     | Temp: 30.0°C | Humidity: 90%
 -> Sent Weather | Zone: FC Road       | Temp: 29.9°C | Humidity: 89%
 -> Sent Weather | Zone: Kothrud       | Temp: 30.3°C | Humidity: 92%
 -> Sent Weather | Zone: Hadapsar      | Temp: 30.3°C | Humidity: 86%
 -> Sent Weather | Zone: Shivajinagar  | Temp: 29.3°C | Humidity: 88%

--- Emitting Weather Window: 09:22:38 ---
 -> Sent Weather | Zone: Hinjewadi     | Temp: 30.3°C | Humidity: 90%
 -> Sent Weather | Zone: FC Road       | Temp: 29.3°C | Humidity: 88%
 -> Sent Weather | Zone: Kothrud       | Temp: 30.3°C | Humidity: 92%
 -> Sent Weather | Zone: Hadapsar      | Temp: 30.5°C | Humidity: 86%
 -> Sent Weather | Zone: Shivajinagar  | Temp: 29.7°C | Humidity: 89%

--- Emitting Weather Window: 09:22:57 ---
 -> Sent Weather | Zone: Hinjewadi     | Temp: 30.1°C | Humidity: 90%
 -> Sent Weather | Zone: FC Road       | Temp: 29.9°C | Humidity: 89%
 -> Sent Weather | Zone: Kothrud       | Temp: 30.2°C | Humidity: 92%
 -> Sent Weather | Zone: Hadapsar      | Temp: 30.3°C | Humidity: 86%
 -> Sent Weather | Zone: Shivajinagar  | Temp: 29.4°C | Humidity: 88%

--- Emitting Weather Window: 09:23:15 ---
 -> Sent Weather | Zone: Hinjewadi     | Temp: 30.0°C | Humidity: 89%
 -> Sent Weather | Zone: FC Road       | Temp: 29.4°C | Humidity: 88%
 -> Sent Weather | Zone: Kothrud       | Temp: 29.9°C | Humidity: 91%
 -> Sent Weather | Zone: Hadapsar      | Temp: 30.1°C | Humidity: 85%
 -> Sent Weather | Zone: Shivajinagar  | Temp: 29.5°C | Humidity: 88%

--- Emitting Weather Window: 09:23:34 ---
 -> Sent Weather | Zone: Hinjewadi     | Temp: 30.2°C | Humidity: 90%
 -> Sent Weather | Zone: FC Road       | Temp: 29.9°C | Humidity: 89%
 -> Sent Weather | Zone: Kothrud       | Temp: 30.1°C | Humidity: 92%
 -> Sent Weather | Zone: Hadapsar      | Temp: 30.5°C | Humidity: 86%
 -> Sent Weather | Zone: Shivajinagar  | Temp: 29.7°C | Humidity: 89%

--- Emitting Weather Window: 09:23:53 ---
 -> Sent Weather | Zone: Hinjewadi     | Temp: 30.3°C | Humidity: 90%
 -> Sent Weather | Zone: FC Road       | Temp: 29.7°C | Humidity: 89%
 -> Sent Weather | Zone: Kothrud       | Temp: 29.8°C | Humidity: 91%
 -> Sent Weather | Zone: Hadapsar      | Temp: 30.2°C | Humidity: 86%
 -> Sent Weather | Zone: Shivajinagar  | Temp: 29.8°C | Humidity: 89%

--- Emitting Weather Window: 09:24:12 ---
 -> Sent Weather | Zone: Hinjewadi     | Temp: 29.9°C | Humidity: 89%
 -> Sent Weather | Zone: FC Road       | Temp: 29.6°C | Humidity: 89%
 -> Sent Weather | Zone: Kothrud       | Temp: 29.9°C | Humidity: 91%
 -> Sent Weather | Zone: Hadapsar      | Temp: 30.4°C | Humidity: 86%
 -> Sent Weather | Zone: Shivajinagar  | Temp: 29.6°C | Humidity: 88%

--- Emitting Weather Window: 09:24:32 ---
 -> Sent Weather | Zone: Hinjewadi     | Temp: 30.1°C | Humidity: 90%
 -> Sent Weather | Zone: FC Road       | Temp: 29.6°C | Humidity: 89%
 -> Sent Weather | Zone: Kothrud       | Temp: 30.0°C | Humidity: 91%
 -> Sent Weather | Zone: Hadapsar      | Temp: 30.4°C | Humidity: 86%
 -> Sent Weather | Zone: Shivajinagar  | Temp: 29.9°C | Humidity: 89%

--- Emitting Weather Window: 09:24:51 ---
 -> Sent Weather | Zone: Hinjewadi     | Temp: 30.0°C | Humidity: 89%
 -> Sent Weather | Zone: FC Road       | Temp: 29.7°C | Humidity: 89%
 -> Sent Weather | Zone: Kothrud       | Temp: 30.0°C | Humidity: 92%
 -> Sent Weather | Zone: Hadapsar      | Temp: 30.1°C | Humidity: 85%
 -> Sent Weather | Zone: Shivajinagar  | Temp: 29.7°C | Humidity: 89%

--- Emitting Weather Window: 09:25:10 ---
 -> Sent Weather | Zone: Hinjewadi     | Temp: 29.9°C | Humidity: 89%
 -> Sent Weather | Zone: FC Road       | Temp: 29.6°C | Humidity: 88%
 -> Sent Weather | Zone: Kothrud       | Temp: 30.1°C | Humidity: 92%
 -> Sent Weather | Zone: Hadapsar      | Temp: 30.0°C | Humidity: 85%
 -> Sent Weather | Zone: Shivajinagar  | Temp: 29.8°C | Humidity: 89%

--- Emitting Weather Window: 09:25:29 ---
 -> Sent Weather | Zone: Hinjewadi     | Temp: 30.3°C | Humidity: 90%
 -> Sent Weather | Zone: FC Road       | Temp: 29.9°C | Humidity: 89%
 -> Sent Weather | Zone: Kothrud       | Temp: 29.9°C | Humidity: 91%
 -> Sent Weather | Zone: Hadapsar      | Temp: 30.1°C | Humidity: 85%
 -> Sent Weather | Zone: Shivajinagar  | Temp: 29.6°C | Humidity: 88%

--- Emitting Weather Window: 09:25:47 ---
 -> Sent Weather | Zone: Hinjewadi     | Temp: 29.8°C | Humidity: 89%
 -> Sent Weather | Zone: FC Road       | Temp: 29.4°C | Humidity: 88%
 -> Sent Weather | Zone: Kothrud       | Temp: 30.1°C | Humidity: 92%
 -> Sent Weather | Zone: Hadapsar      | Temp: 30.2°C | Humidity: 86%
 -> Sent Weather | Zone: Shivajinagar  | Temp: 29.6°C | Humidity: 89%

--- Emitting Weather Window: 09:26:07 ---
 -> Sent Weather | Zone: Hinjewadi     | Temp: 30.1°C | Humidity: 90%
 -> Sent Weather | Zone: FC Road       | Temp: 29.8°C | Humidity: 89%
 -> Sent Weather | Zone: Kothrud       | Temp: 30.3°C | Humidity: 92%
 -> Sent Weather | Zone: Hadapsar      | Temp: 29.9°C | Humidity: 85%
 -> Sent Weather | Zone: Shivajinagar  | Temp: 29.4°C | Humidity: 88%

--- Emitting Weather Window: 09:26:25 ---
 -> Sent Weather | Zone: Hinjewadi     | Temp: 29.8°C | Humidity: 89%
 -> Sent Weather | Zone: FC Road       | Temp: 29.8°C | Humidity: 89%
 -> Sent Weather | Zone: Kothrud       | Temp: 30.2°C | Humidity: 92%
 -> Sent Weather | Zone: Hadapsar      | Temp: 30.0°C | Humidity: 85%
 -> Sent Weather | Zone: Shivajinagar  | Temp: 29.7°C | Humidity: 89%

--- Emitting Weather Window: 09:26:44 ---
 -> Sent Weather | Zone: Hinjewadi     | Temp: 29.7°C | Humidity: 89%
 -> Sent Weather | Zone: FC Road       | Temp: 29.4°C | Humidity: 88%
 -> Sent Weather | Zone: Kothrud       | Temp: 29.8°C | Humidity: 91%
 -> Sent Weather | Zone: Hadapsar      | Temp: 30.5°C | Humidity: 86%
 -> Sent Weather | Zone: Shivajinagar  | Temp: 29.7°C | Humidity: 89%

--- Emitting Weather Window: 09:27:03 ---
 -> Sent Weather | Zone: Hinjewadi     | Temp: 30.0°C | Humidity: 90%
 -> Sent Weather | Zone: FC Road       | Temp: 29.6°C | Humidity: 88%
 -> Sent Weather | Zone: Kothrud       | Temp: 29.9°C | Humidity: 91%
 -> Sent Weather | Zone: Hadapsar      | Temp: 30.0°C | Humidity: 85%
 -> Sent Weather | Zone: Shivajinagar  | Temp: 29.8°C | Humidity: 89%

--- Emitting Weather Window: 09:27:22 ---
 -> Sent Weather | Zone: Hinjewadi     | Temp: 30.1°C | Humidity: 90%
 -> Sent Weather | Zone: FC Road       | Temp: 29.9°C | Humidity: 89%
 -> Sent Weather | Zone: Kothrud       | Temp: 30.1°C | Humidity: 92%
 -> Sent Weather | Zone: Hadapsar      | Temp: 30.5°C | Humidity: 86%
 -> Sent Weather | Zone: Shivajinagar  | Temp: 29.5°C | Humidity: 88%

--- Emitting Weather Window: 09:27:41 ---
 -> Sent Weather | Zone: Hinjewadi     | Temp: 30.2°C | Humidity: 90%
 -> Sent Weather | Zone: FC Road       | Temp: 29.5°C | Humidity: 88%
 -> Sent Weather | Zone: Kothrud       | Temp: 30.1°C | Humidity: 92%
 -> Sent Weather | Zone: Hadapsar      | Temp: 30.5°C | Humidity: 86%
 -> Sent Weather | Zone: Shivajinagar  | Temp: 29.4°C | Humidity: 88%

--- Emitting Weather Window: 09:28:00 ---
 -> Sent Weather | Zone: Hinjewadi     | Temp: 30.0°C | Humidity: 89%
 -> Sent Weather | Zone: FC Road       | Temp: 29.6°C | Humidity: 88%
 -> Sent Weather | Zone: Kothrud       | Temp: 29.8°C | Humidity: 91%
 -> Sent Weather | Zone: Hadapsar      | Temp: 30.0°C | Humidity: 85%
 -> Sent Weather | Zone: Shivajinagar  | Temp: 29.8°C | Humidity: 89%

--- Emitting Weather Window: 09:28:19 ---
 -> Sent Weather | Zone: Hinjewadi     | Temp: 29.9°C | Humidity: 89%
 -> Sent Weather | Zone: FC Road       | Temp: 29.7°C | Humidity: 89%
 -> Sent Weather | Zone: Kothrud       | Temp: 30.2°C | Humidity: 92%
 -> Sent Weather | Zone: Hadapsar      | Temp: 30.0°C | Humidity: 85%
 -> Sent Weather | Zone: Shivajinagar  | Temp: 29.4°C | Humidity: 88%

--- Emitting Weather Window: 09:28:38 ---
 -> Sent Weather | Zone: Hinjewadi     | Temp: 30.3°C | Humidity: 90%
 -> Sent Weather | Zone: FC Road       | Temp: 29.6°C | Humidity: 88%
 -> Sent Weather | Zone: Kothrud       | Temp: 30.0°C | Humidity: 91%
 -> Sent Weather | Zone: Hadapsar      | Temp: 29.9°C | Humidity: 85%
 -> Sent Weather | Zone: Shivajinagar  | Temp: 29.3°C | Humidity: 88%

--- Emitting Weather Window: 09:28:57 ---
 -> Sent Weather | Zone: Hinjewadi     | Temp: 30.0°C | Humidity: 89%
 -> Sent Weather | Zone: FC Road       | Temp: 29.7°C | Humidity: 89%
 -> Sent Weather | Zone: Kothrud       | Temp: 30.0°C | Humidity: 92%
 -> Sent Weather | Zone: Hadapsar      | Temp: 29.9°C | Humidity: 85%
 -> Sent Weather | Zone: Shivajinagar  | Temp: 29.8°C | Humidity: 89%

--- Emitting Weather Window: 09:29:16 ---
 -> Sent Weather | Zone: Hinjewadi     | Temp: 29.7°C | Humidity: 89%
 -> Sent Weather | Zone: FC Road       | Temp: 29.7°C | Humidity: 89%
 -> Sent Weather | Zone: Kothrud       | Temp: 30.1°C | Humidity: 92%
 -> Sent Weather | Zone: Hadapsar      | Temp: 29.9°C | Humidity: 85%
 -> Sent Weather | Zone: Shivajinagar  | Temp: 29.9°C | Humidity: 89%

--- Emitting Weather Window: 09:29:35 ---
 -> Sent Weather | Zone: Hinjewadi     | Temp: 30.1°C | Humidity: 90%
 -> Sent Weather | Zone: FC Road       | Temp: 29.4°C | Humidity: 88%
 -> Sent Weather | Zone: Kothrud       | Temp: 30.2°C | Humidity: 92%
 -> Sent Weather | Zone: Hadapsar      | Temp: 30.3°C | Humidity: 86%
 -> Sent Weather | Zone: Shivajinagar  | Temp: 29.6°C | Humidity: 88%

--- Emitting Weather Window: 09:29:54 ---
 -> Sent Weather | Zone: Hinjewadi     | Temp: 29.9°C | Humidity: 89%
 -> Sent Weather | Zone: FC Road       | Temp: 29.5°C | Humidity: 88%
 -> Sent Weather | Zone: Kothrud       | Temp: 29.8°C | Humidity: 91%
 -> Sent Weather | Zone: Hadapsar      | Temp: 30.1°C | Humidity: 85%
 -> Sent Weather | Zone: Shivajinagar  | Temp: 29.9°C | Humidity: 89%

--- Emitting Weather Window: 09:30:13 ---
 -> Sent Weather | Zone: Hinjewadi     | Temp: 30.8°C | Humidity: 90%
 -> Sent Weather | Zone: FC Road       | Temp: 30.0°C | Humidity: 88%
 -> Sent Weather | Zone: Kothrud       | Temp: 30.8°C | Humidity: 92%
 -> Sent Weather | Zone: Hadapsar      | Temp: 31.0°C | Humidity: 86%
 -> Sent Weather | Zone: Shivajinagar  | Temp: 30.4°C | Humidity: 89%

--- Emitting Weather Window: 09:30:53 ---
 -> Sent Weather | Zone: Hinjewadi     | Temp: 30.6°C | Humidity: 89%
 -> Sent Weather | Zone: FC Road       | Temp: 30.0°C | Humidity: 88%
 -> Sent Weather | Zone: Kothrud       | Temp: 30.6°C | Humidity: 91%
 -> Sent Weather | Zone: Hadapsar      | Temp: 30.8°C | Humidity: 85%
 -> Sent Weather | Zone: Shivajinagar  | Temp: 30.3°C | Humidity: 89%

--- Emitting Weather Window: 09:31:16 ---
 -> Sent Weather | Zone: Hinjewadi     | Temp: 30.9°C | Humidity: 90%
 -> Sent Weather | Zone: FC Road       | Temp: 29.9°C | Humidity: 88%
 -> Sent Weather | Zone: Kothrud       | Temp: 30.7°C | Humidity: 91%
 -> Sent Weather | Zone: Hadapsar      | Temp: 30.9°C | Humidity: 86%
 -> Sent Weather | Zone: Shivajinagar  | Temp: 29.9°C | Humidity: 88%

--- Emitting Weather Window: 09:31:38 ---
 -> Sent Weather | Zone: Hinjewadi     | Temp: 30.9°C | Humidity: 90%
 -> Sent Weather | Zone: FC Road       | Temp: 29.9°C | Humidity: 88%
 -> Sent Weather | Zone: Kothrud       | Temp: 30.6°C | Humidity: 91%
 -> Sent Weather | Zone: Hadapsar      | Temp: 30.6°C | Humidity: 85%
 -> Sent Weather | Zone: Shivajinagar  | Temp: 30.0°C | Humidity: 88%

--- Emitting Weather Window: 09:31:57 ---
 -> Sent Weather | Zone: Hinjewadi     | Temp: 31.0°C | Humidity: 90%
 -> Sent Weather | Zone: FC Road       | Temp: 30.5°C | Humidity: 89%
 -> Sent Weather | Zone: Kothrud       | Temp: 30.8°C | Humidity: 92%
 -> Sent Weather | Zone: Hadapsar      | Temp: 30.9°C | Humidity: 86%
 -> Sent Weather | Zone: Shivajinagar  | Temp: 30.3°C | Humidity: 89%

--- Emitting Weather Window: 09:32:16 ---
 -> Sent Weather | Zone: Hinjewadi     | Temp: 30.8°C | Humidity: 90%
 -> Sent Weather | Zone: FC Road       | Temp: 30.5°C | Humidity: 89%
 -> Sent Weather | Zone: Kothrud       | Temp: 31.0°C | Humidity: 92%
 -> Sent Weather | Zone: Hadapsar      | Temp: 30.9°C | Humidity: 86%
 -> Sent Weather | Zone: Shivajinagar  | Temp: 30.0°C | Humidity: 88%

--- Emitting Weather Window: 09:32:35 ---
 -> Sent Weather | Zone: Hinjewadi     | Temp: 31.1°C | Humidity: 90%
 -> Sent Weather | Zone: FC Road       | Temp: 30.3°C | Humidity: 89%
 -> Sent Weather | Zone: Kothrud       | Temp: 31.0°C | Humidity: 92%
 -> Sent Weather | Zone: Hadapsar      | Temp: 30.6°C | Humidity: 85%
 -> Sent Weather | Zone: Shivajinagar  | Temp: 30.0°C | Humidity: 88%

--- Emitting Weather Window: 09:32:54 ---
 -> Sent Weather | Zone: Hinjewadi     | Temp: 30.5°C | Humidity: 89%
 -> Sent Weather | Zone: FC Road       | Temp: 30.0°C | Humidity: 88%
 -> Sent Weather | Zone: Kothrud       | Temp: 30.5°C | Humidity: 91%
 -> Sent Weather | Zone: Hadapsar      | Temp: 30.7°C | Humidity: 85%
 -> Sent Weather | Zone: Shivajinagar  | Temp: 30.4°C | Humidity: 89%

--- Emitting Weather Window: 09:33:13 ---
 -> Sent Weather | Zone: Hinjewadi     | Temp: 30.8°C | Humidity: 89%
 -> Sent Weather | Zone: FC Road       | Temp: 30.4°C | Humidity: 89%
 -> Sent Weather | Zone: Kothrud       | Temp: 30.9°C | Humidity: 92%
 -> Sent Weather | Zone: Hadapsar      | Temp: 30.8°C | Humidity: 86%
 -> Sent Weather | Zone: Shivajinagar  | Temp: 30.4°C | Humidity: 89%

--- Emitting Weather Window: 09:33:32 ---
 -> Sent Weather | Zone: Hinjewadi     | Temp: 31.0°C | Humidity: 90%
 -> Sent Weather | Zone: FC Road       | Temp: 30.4°C | Humidity: 89%
 -> Sent Weather | Zone: Kothrud       | Temp: 30.8°C | Humidity: 91%
 -> Sent Weather | Zone: Hadapsar      | Temp: 31.1°C | Humidity: 86%
 -> Sent Weather | Zone: Shivajinagar  | Temp: 30.5°C | Humidity: 89%

--- Emitting Weather Window: 09:33:51 ---
 -> Sent Weather | Zone: Hinjewadi     | Temp: 30.9°C | Humidity: 90%
 -> Sent Weather | Zone: FC Road       | Temp: 30.1°C | Humidity: 88%
 -> Sent Weather | Zone: Kothrud       | Temp: 31.0°C | Humidity: 92%
 -> Sent Weather | Zone: Hadapsar      | Temp: 31.1°C | Humidity: 86%
 -> Sent Weather | Zone: Shivajinagar  | Temp: 30.1°C | Humidity: 88%

--- Emitting Weather Window: 09:34:10 ---
 -> Sent Weather | Zone: Hinjewadi     | Temp: 30.9°C | Humidity: 90%
 -> Sent Weather | Zone: FC Road       | Temp: 30.0°C | Humidity: 88%
 -> Sent Weather | Zone: Kothrud       | Temp: 31.0°C | Humidity: 92%
 -> Sent Weather | Zone: Hadapsar      | Temp: 30.8°C | Humidity: 85%
 -> Sent Weather | Zone: Shivajinagar  | Temp: 30.0°C | Humidity: 88%

--- Emitting Weather Window: 09:34:28 ---
 -> Sent Weather | Zone: Hinjewadi     | Temp: 31.0°C | Humidity: 90%
 -> Sent Weather | Zone: FC Road       | Temp: 30.5°C | Humidity: 89%
 -> Sent Weather | Zone: Kothrud       | Temp: 30.9°C | Humidity: 92%
 -> Sent Weather | Zone: Hadapsar      | Temp: 30.9°C | Humidity: 86%
 -> Sent Weather | Zone: Shivajinagar  | Temp: 30.0°C | Humidity: 88%

--- Emitting Weather Window: 09:34:48 ---
 -> Sent Weather | Zone: Hinjewadi     | Temp: 30.9°C | Humidity: 90%
 -> Sent Weather | Zone: FC Road       | Temp: 30.3°C | Humidity: 89%
 -> Sent Weather | Zone: Kothrud       | Temp: 30.5°C | Humidity: 91%
 -> Sent Weather | Zone: Hadapsar      | Temp: 30.6°C | Humidity: 85%
 -> Sent Weather | Zone: Shivajinagar  | Temp: 30.2°C | Humidity: 89%

--- Emitting Weather Window: 09:35:07 ---
 -> Sent Weather | Zone: Hinjewadi     | Temp: 31.1°C | Humidity: 90%
 -> Sent Weather | Zone: FC Road       | Temp: 30.3°C | Humidity: 89%
 -> Sent Weather | Zone: Kothrud       | Temp: 30.7°C | Humidity: 91%
 -> Sent Weather | Zone: Hadapsar      | Temp: 31.0°C | Humidity: 86%
 -> Sent Weather | Zone: Shivajinagar  | Temp: 30.0°C | Humidity: 88%

--- Emitting Weather Window: 09:35:26 ---
 -> Sent Weather | Zone: Hinjewadi     | Temp: 30.9°C | Humidity: 90%
 -> Sent Weather | Zone: FC Road       | Temp: 30.2°C | Humidity: 89%
 -> Sent Weather | Zone: Kothrud       | Temp: 31.1°C | Humidity: 92%
 -> Sent Weather | Zone: Hadapsar      | Temp: 31.0°C | Humidity: 86%
 -> Sent Weather | Zone: Shivajinagar  | Temp: 30.4°C | Humidity: 89%

--- Emitting Weather Window: 09:35:44 ---
 -> Sent Weather | Zone: Hinjewadi     | Temp: 30.6°C | Humidity: 89%
 -> Sent Weather | Zone: FC Road       | Temp: 30.4°C | Humidity: 89%
 -> Sent Weather | Zone: Kothrud       | Temp: 31.0°C | Humidity: 92%
 -> Sent Weather | Zone: Hadapsar      | Temp: 30.6°C | Humidity: 85%
 -> Sent Weather | Zone: Shivajinagar  | Temp: 30.4°C | Humidity: 89%

--- Emitting Weather Window: 09:36:03 ---
 -> Sent Weather | Zone: Hinjewadi     | Temp: 31.0°C | Humidity: 90%
 -> Sent Weather | Zone: FC Road       | Temp: 30.3°C | Humidity: 89%
 -> Sent Weather | Zone: Kothrud       | Temp: 31.0°C | Humidity: 92%
 -> Sent Weather | Zone: Hadapsar      | Temp: 30.8°C | Humidity: 85%
 -> Sent Weather | Zone: Shivajinagar  | Temp: 30.2°C | Humidity: 89%

--- Emitting Weather Window: 09:36:22 ---
 -> Sent Weather | Zone: Hinjewadi     | Temp: 30.5°C | Humidity: 89%
 -> Sent Weather | Zone: FC Road       | Temp: 30.0°C | Humidity: 88%
 -> Sent Weather | Zone: Kothrud       | Temp: 31.0°C | Humidity: 92%
 -> Sent Weather | Zone: Hadapsar      | Temp: 31.1°C | Humidity: 86%
 -> Sent Weather | Zone: Shivajinagar  | Temp: 30.0°C | Humidity: 88%

--- Emitting Weather Window: 09:36:41 ---
 -> Sent Weather | Zone: Hinjewadi     | Temp: 30.7°C | Humidity: 89%
 -> Sent Weather | Zone: FC Road       | Temp: 30.3°C | Humidity: 89%
 -> Sent Weather | Zone: Kothrud       | Temp: 31.0°C | Humidity: 92%
 -> Sent Weather | Zone: Hadapsar      | Temp: 31.1°C | Humidity: 86%
 -> Sent Weather | Zone: Shivajinagar  | Temp: 30.1°C | Humidity: 88%

--- Emitting Weather Window: 09:37:01 ---
 -> Sent Weather | Zone: Hinjewadi     | Temp: 31.1°C | Humidity: 90%
 -> Sent Weather | Zone: FC Road       | Temp: 30.1°C | Humidity: 88%
 -> Sent Weather | Zone: Kothrud       | Temp: 30.7°C | Humidity: 91%
 -> Sent Weather | Zone: Hadapsar      | Temp: 30.7°C | Humidity: 85%
 -> Sent Weather | Zone: Shivajinagar  | Temp: 30.2°C | Humidity: 88%

--- Emitting Weather Window: 09:37:20 ---
 -> Sent Weather | Zone: Hinjewadi     | Temp: 30.5°C | Humidity: 89%
 -> Sent Weather | Zone: FC Road       | Temp: 30.1°C | Humidity: 88%
 -> Sent Weather | Zone: Kothrud       | Temp: 30.9°C | Humidity: 92%
 -> Sent Weather | Zone: Hadapsar      | Temp: 30.9°C | Humidity: 86%
 -> Sent Weather | Zone: Shivajinagar  | Temp: 30.0°C | Humidity: 88%

--- Emitting Weather Window: 09:37:39 ---
 -> Sent Weather | Zone: Hinjewadi     | Temp: 30.8°C | Humidity: 89%
 -> Sent Weather | Zone: FC Road       | Temp: 29.9°C | Humidity: 88%
 -> Sent Weather | Zone: Kothrud       | Temp: 30.9°C | Humidity: 92%
 -> Sent Weather | Zone: Hadapsar      | Temp: 31.0°C | Humidity: 86%
 -> Sent Weather | Zone: Shivajinagar  | Temp: 30.0°C | Humidity: 88%

--- Emitting Weather Window: 09:37:58 ---
 -> Sent Weather | Zone: Hinjewadi     | Temp: 30.5°C | Humidity: 89%
 -> Sent Weather | Zone: FC Road       | Temp: 29.9°C | Humidity: 88%
 -> Sent Weather | Zone: Kothrud       | Temp: 31.0°C | Humidity: 92%
 -> Sent Weather | Zone: Hadapsar      | Temp: 31.0°C | Humidity: 86%
 -> Sent Weather | Zone: Shivajinagar  | Temp: 30.0°C | Humidity: 88%

--- Emitting Weather Window: 09:38:17 ---
 -> Sent Weather | Zone: Hinjewadi     | Temp: 31.0°C | Humidity: 90%
 -> Sent Weather | Zone: FC Road       | Temp: 30.2°C | Humidity: 89%
 -> Sent Weather | Zone: Kothrud       | Temp: 30.6°C | Humidity: 91%
 -> Sent Weather | Zone: Hadapsar      | Temp: 30.9°C | Humidity: 86%
 -> Sent Weather | Zone: Shivajinagar  | Temp: 30.2°C | Humidity: 88%

--- Emitting Weather Window: 09:38:36 ---
 -> Sent Weather | Zone: Hinjewadi     | Temp: 30.7°C | Humidity: 89%
 -> Sent Weather | Zone: FC Road       | Temp: 30.1°C | Humidity: 88%
 -> Sent Weather | Zone: Kothrud       | Temp: 30.6°C | Humidity: 91%
 -> Sent Weather | Zone: Hadapsar      | Temp: 30.9°C | Humidity: 86%
 -> Sent Weather | Zone: Shivajinagar  | Temp: 30.4°C | Humidity: 89%

--- Emitting Weather Window: 09:38:55 ---
 -> Sent Weather | Zone: Hinjewadi     | Temp: 31.0°C | Humidity: 90%
 -> Sent Weather | Zone: FC Road       | Temp: 30.2°C | Humidity: 89%
 -> Sent Weather | Zone: Kothrud       | Temp: 30.8°C | Humidity: 92%
 -> Sent Weather | Zone: Hadapsar      | Temp: 30.7°C | Humidity: 85%
 -> Sent Weather | Zone: Shivajinagar  | Temp: 30.3°C | Humidity: 89%

--- Emitting Weather Window: 09:39:14 ---
 -> Sent Weather | Zone: Hinjewadi     | Temp: 30.5°C | Humidity: 89%
 -> Sent Weather | Zone: FC Road       | Temp: 30.3°C | Humidity: 89%
 -> Sent Weather | Zone: Kothrud       | Temp: 30.9°C | Humidity: 92%
 -> Sent Weather | Zone: Hadapsar      | Temp: 31.0°C | Humidity: 86%
 -> Sent Weather | Zone: Shivajinagar  | Temp: 30.2°C | Humidity: 88%

--- Emitting Weather Window: 09:39:33 ---
 -> Sent Weather | Zone: Hinjewadi     | Temp: 31.0°C | Humidity: 90%
 -> Sent Weather | Zone: FC Road       | Temp: 30.3°C | Humidity: 89%
 -> Sent Weather | Zone: Kothrud       | Temp: 30.6°C | Humidity: 91%
 -> Sent Weather | Zone: Hadapsar      | Temp: 30.8°C | Humidity: 86%
 -> Sent Weather | Zone: Shivajinagar  | Temp: 30.5°C | Humidity: 89%

--- Emitting Weather Window: 09:39:52 ---
 -> Sent Weather | Zone: Hinjewadi     | Temp: 30.9°C | Humidity: 90%
 -> Sent Weather | Zone: FC Road       | Temp: 30.3°C | Humidity: 89%
 -> Sent Weather | Zone: Kothrud       | Temp: 31.1°C | Humidity: 92%
 -> Sent Weather | Zone: Hadapsar      | Temp: 31.0°C | Humidity: 86%
 -> Sent Weather | Zone: Shivajinagar  | Temp: 30.4°C | Humidity: 89%

--- Emitting Weather Window: 09:40:11 ---
 -> Sent Weather | Zone: Hinjewadi     | Temp: 30.9°C | Humidity: 90%
 -> Sent Weather | Zone: FC Road       | Temp: 30.2°C | Humidity: 89%
 -> Sent Weather | Zone: Kothrud       | Temp: 30.9°C | Humidity: 92%
 -> Sent Weather | Zone: Hadapsar      | Temp: 30.9°C | Humidity: 86%
 -> Sent Weather | Zone: Shivajinagar  | Temp: 30.2°C | Humidity: 89%

--- Emitting Weather Window: 09:40:35 ---
 -> Sent Weather | Zone: Hinjewadi     | Temp: 30.5°C | Humidity: 89%
 -> Sent Weather | Zone: FC Road       | Temp: 29.9°C | Humidity: 88%
 -> Sent Weather | Zone: Kothrud       | Temp: 30.6°C | Humidity: 91%
 -> Sent Weather | Zone: Hadapsar      | Temp: 30.5°C | Humidity: 85%
⚠️ API Fetch error: HTTPSConnectionPool(host='api.open-meteo.com', port=443): Read timed out. (read timeout=10)
 -> Sent Weather | Zone: Shivajinagar  | Temp: 32.0°C | Humidity: 59%

--- Emitting Weather Window: 09:41:03 ---
 -> Sent Weather | Zone: Hinjewadi     | Temp: 30.8°C | Humidity: 90%
 -> Sent Weather | Zone: FC Road       | Temp: 30.3°C | Humidity: 89%
 -> Sent Weather | Zone: Kothrud       | Temp: 30.8°C | Humidity: 91%
 -> Sent Weather | Zone: Hadapsar      | Temp: 30.9°C | Humidity: 86%
 -> Sent Weather | Zone: Shivajinagar  | Temp: 30.4°C | Humidity: 89%

--- Emitting Weather Window: 09:41:22 ---
 -> Sent Weather | Zone: Hinjewadi     | Temp: 30.7°C | Humidity: 89%
 -> Sent Weather | Zone: FC Road       | Temp: 30.3°C | Humidity: 89%
 -> Sent Weather | Zone: Kothrud       | Temp: 30.7°C | Humidity: 91%
 -> Sent Weather | Zone: Hadapsar      | Temp: 30.8°C | Humidity: 85%
 -> Sent Weather | Zone: Shivajinagar  | Temp: 30.1°C | Humidity: 88%

--- Emitting Weather Window: 09:41:41 ---
 -> Sent Weather | Zone: Hinjewadi     | Temp: 30.6°C | Humidity: 89%
 -> Sent Weather | Zone: FC Road       | Temp: 30.1°C | Humidity: 88%
 -> Sent Weather | Zone: Kothrud       | Temp: 30.6°C | Humidity: 91%
 -> Sent Weather | Zone: Hadapsar      | Temp: 30.8°C | Humidity: 86%
 -> Sent Weather | Zone: Shivajinagar  | Temp: 30.0°C | Humidity: 88%

--- Emitting Weather Window: 09:41:59 ---
 -> Sent Weather | Zone: Hinjewadi     | Temp: 30.9°C | Humidity: 90%
 -> Sent Weather | Zone: FC Road       | Temp: 30.1°C | Humidity: 88%
 -> Sent Weather | Zone: Kothrud       | Temp: 31.1°C | Humidity: 92%
 -> Sent Weather | Zone: Hadapsar      | Temp: 30.6°C | Humidity: 85%
 -> Sent Weather | Zone: Shivajinagar  | Temp: 30.0°C | Humidity: 88%

--- Emitting Weather Window: 09:42:18 ---
 -> Sent Weather | Zone: Hinjewadi     | Temp: 30.8°C | Humidity: 90%
 -> Sent Weather | Zone: FC Road       | Temp: 30.4°C | Humidity: 89%
 -> Sent Weather | Zone: Kothrud       | Temp: 30.9°C | Humidity: 92%
 -> Sent Weather | Zone: Hadapsar      | Temp: 30.9°C | Humidity: 86%
 -> Sent Weather | Zone: Shivajinagar  | Temp: 30.3°C | Humidity: 89%

--- Emitting Weather Window: 09:42:37 ---
 -> Sent Weather | Zone: Hinjewadi     | Temp: 30.8°C | Humidity: 90%
 -> Sent Weather | Zone: FC Road       | Temp: 30.0°C | Humidity: 88%
 -> Sent Weather | Zone: Kothrud       | Temp: 31.0°C | Humidity: 92%
 -> Sent Weather | Zone: Hadapsar      | Temp: 30.9°C | Humidity: 86%
 -> Sent Weather | Zone: Shivajinagar  | Temp: 30.3°C | Humidity: 89%

--- Emitting Weather Window: 09:42:56 ---
 -> Sent Weather | Zone: Hinjewadi     | Temp: 30.6°C | Humidity: 89%
 -> Sent Weather | Zone: FC Road       | Temp: 30.4°C | Humidity: 89%
 -> Sent Weather | Zone: Kothrud       | Temp: 30.8°C | Humidity: 91%
 -> Sent Weather | Zone: Hadapsar      | Temp: 30.6°C | Humidity: 85%
 -> Sent Weather | Zone: Shivajinagar  | Temp: 30.0°C | Humidity: 88%

--- Emitting Weather Window: 09:43:15 ---
 -> Sent Weather | Zone: Hinjewadi     | Temp: 30.6°C | Humidity: 89%
 -> Sent Weather | Zone: FC Road       | Temp: 30.0°C | Humidity: 88%
 -> Sent Weather | Zone: Kothrud       | Temp: 30.9°C | Humidity: 92%
 -> Sent Weather | Zone: Hadapsar      | Temp: 30.7°C | Humidity: 85%
 -> Sent Weather | Zone: Shivajinagar  | Temp: 30.2°C | Humidity: 88%

--- Emitting Weather Window: 09:43:34 ---
 -> Sent Weather | Zone: Hinjewadi     | Temp: 30.9°C | Humidity: 90%
 -> Sent Weather | Zone: FC Road       | Temp: 29.9°C | Humidity: 88%
 -> Sent Weather | Zone: Kothrud       | Temp: 30.8°C | Humidity: 92%
 -> Sent Weather | Zone: Hadapsar      | Temp: 30.5°C | Humidity: 85%
 -> Sent Weather | Zone: Shivajinagar  | Temp: 30.0°C | Humidity: 88%

--- Emitting Weather Window: 09:43:53 ---
 -> Sent Weather | Zone: Hinjewadi     | Temp: 30.8°C | Humidity: 89%
 -> Sent Weather | Zone: FC Road       | Temp: 30.1°C | Humidity: 88%
 -> Sent Weather | Zone: Kothrud       | Temp: 30.9°C | Humidity: 92%
 -> Sent Weather | Zone: Hadapsar      | Temp: 31.1°C | Humidity: 86%
 -> Sent Weather | Zone: Shivajinagar  | Temp: 30.2°C | Humidity: 88%

--- Emitting Weather Window: 09:44:12 ---
 -> Sent Weather | Zone: Hinjewadi     | Temp: 30.7°C | Humidity: 89%
 -> Sent Weather | Zone: FC Road       | Temp: 30.2°C | Humidity: 88%
 -> Sent Weather | Zone: Kothrud       | Temp: 30.6°C | Humidity: 91%
 -> Sent Weather | Zone: Hadapsar      | Temp: 30.8°C | Humidity: 86%
 -> Sent Weather | Zone: Shivajinagar  | Temp: 30.5°C | Humidity: 89%

--- Emitting Weather Window: 09:44:31 ---
 -> Sent Weather | Zone: Hinjewadi     | Temp: 30.8°C | Humidity: 89%
 -> Sent Weather | Zone: FC Road       | Temp: 30.5°C | Humidity: 89%
 -> Sent Weather | Zone: Kothrud       | Temp: 30.9°C | Humidity: 92%
 -> Sent Weather | Zone: Hadapsar      | Temp: 31.1°C | Humidity: 86%
 -> Sent Weather | Zone: Shivajinagar  | Temp: 30.2°C | Humidity: 88%

--- Emitting Weather Window: 09:44:51 ---
 -> Sent Weather | Zone: Hinjewadi     | Temp: 30.8°C | Humidity: 90%
 -> Sent Weather | Zone: FC Road       | Temp: 30.3°C | Humidity: 89%
 -> Sent Weather | Zone: Kothrud       | Temp: 30.9°C | Humidity: 92%
 -> Sent Weather | Zone: Hadapsar      | Temp: 31.0°C | Humidity: 86%
 -> Sent Weather | Zone: Shivajinagar  | Temp: 30.0°C | Humidity: 88%

--- Emitting Weather Window: 09:45:10 ---
 -> Sent Weather | Zone: Hinjewadi     | Temp: 31.3°C | Humidity: 89%
 -> Sent Weather | Zone: FC Road       | Temp: 30.9°C | Humidity: 88%
 -> Sent Weather | Zone: Kothrud       | Temp: 31.6°C | Humidity: 92%
 -> Sent Weather | Zone: Hadapsar      | Temp: 31.4°C | Humidity: 85%
 -> Sent Weather | Zone: Shivajinagar  | Temp: 30.9°C | Humidity: 89%

--- Emitting Weather Window: 09:45:29 ---
 -> Sent Weather | Zone: Hinjewadi     | Temp: 31.3°C | Humidity: 89%
 -> Sent Weather | Zone: FC Road       | Temp: 30.6°C | Humidity: 88%
 -> Sent Weather | Zone: Kothrud       | Temp: 31.3°C | Humidity: 91%
 -> Sent Weather | Zone: Hadapsar      | Temp: 31.3°C | Humidity: 85%
⚠️ API Fetch error: HTTPSConnectionPool(host='api.open-meteo.com', port=443): Read timed out. (read timeout=10)
 -> Sent Weather | Zone: Shivajinagar  | Temp: 31.8°C | Humidity: 59%

--- Emitting Weather Window: 09:45:58 ---
 -> Sent Weather | Zone: Hinjewadi     | Temp: 31.4°C | Humidity: 90%
 -> Sent Weather | Zone: FC Road       | Temp: 31.0°C | Humidity: 89%
 -> Sent Weather | Zone: Kothrud       | Temp: 31.6°C | Humidity: 92%
 -> Sent Weather | Zone: Hadapsar      | Temp: 31.6°C | Humidity: 86%
 -> Sent Weather | Zone: Shivajinagar  | Temp: 31.2°C | Humidity: 89%

--- Emitting Weather Window: 09:46:17 ---
 -> Sent Weather | Zone: Hinjewadi     | Temp: 31.4°C | Humidity: 89%
 -> Sent Weather | Zone: FC Road       | Temp: 30.7°C | Humidity: 88%
 -> Sent Weather | Zone: Kothrud       | Temp: 31.4°C | Humidity: 92%
 -> Sent Weather | Zone: Hadapsar      | Temp: 31.6°C | Humidity: 86%
 -> Sent Weather | Zone: Shivajinagar  | Temp: 30.9°C | Humidity: 88%

--- Emitting Weather Window: 09:46:35 ---
 -> Sent Weather | Zone: Hinjewadi     | Temp: 31.4°C | Humidity: 89%
 -> Sent Weather | Zone: FC Road       | Temp: 31.1°C | Humidity: 89%
 -> Sent Weather | Zone: Kothrud       | Temp: 31.2°C | Humidity: 91%
 -> Sent Weather | Zone: Hadapsar      | Temp: 31.4°C | Humidity: 85%
 -> Sent Weather | Zone: Shivajinagar  | Temp: 30.9°C | Humidity: 89%

--- Emitting Weather Window: 09:46:54 ---
 -> Sent Weather | Zone: Hinjewadi     | Temp: 31.4°C | Humidity: 90%
 -> Sent Weather | Zone: FC Road       | Temp: 31.0°C | Humidity: 89%
 -> Sent Weather | Zone: Kothrud       | Temp: 31.5°C | Humidity: 92%
 -> Sent Weather | Zone: Hadapsar      | Temp: 31.5°C | Humidity: 86%
 -> Sent Weather | Zone: Shivajinagar  | Temp: 31.0°C | Humidity: 89%

--- Emitting Weather Window: 09:47:13 ---
 -> Sent Weather | Zone: Hinjewadi     | Temp: 31.5°C | Humidity: 90%
 -> Sent Weather | Zone: FC Road       | Temp: 31.1°C | Humidity: 89%
 -> Sent Weather | Zone: Kothrud       | Temp: 31.6°C | Humidity: 92%
 -> Sent Weather | Zone: Hadapsar      | Temp: 31.2°C | Humidity: 85%
 -> Sent Weather | Zone: Shivajinagar  | Temp: 31.0°C | Humidity: 89%

--- Emitting Weather Window: 09:47:32 ---
 -> Sent Weather | Zone: Hinjewadi     | Temp: 31.2°C | Humidity: 89%
 -> Sent Weather | Zone: FC Road       | Temp: 31.2°C | Humidity: 89%
 -> Sent Weather | Zone: Kothrud       | Temp: 31.7°C | Humidity: 92%
 -> Sent Weather | Zone: Hadapsar      | Temp: 31.6°C | Humidity: 86%
 -> Sent Weather | Zone: Shivajinagar  | Temp: 30.8°C | Humidity: 88%

--- Emitting Weather Window: 09:47:51 ---
 -> Sent Weather | Zone: Hinjewadi     | Temp: 31.3°C | Humidity: 89%
 -> Sent Weather | Zone: FC Road       | Temp: 30.7°C | Humidity: 88%
 -> Sent Weather | Zone: Kothrud       | Temp: 31.4°C | Humidity: 92%
 -> Sent Weather | Zone: Hadapsar      | Temp: 31.3°C | Humidity: 85%
 -> Sent Weather | Zone: Shivajinagar  | Temp: 30.8°C | Humidity: 88%

--- Emitting Weather Window: 09:48:10 ---
 -> Sent Weather | Zone: Hinjewadi     | Temp: 31.7°C | Humidity: 90%
 -> Sent Weather | Zone: FC Road       | Temp: 31.0°C | Humidity: 89%
 -> Sent Weather | Zone: Kothrud       | Temp: 31.6°C | Humidity: 92%
 -> Sent Weather | Zone: Hadapsar      | Temp: 31.2°C | Humidity: 85%
 -> Sent Weather | Zone: Shivajinagar  | Temp: 30.6°C | Humidity: 88%

--- Emitting Weather Window: 09:48:29 ---
 -> Sent Weather | Zone: Hinjewadi     | Temp: 31.4°C | Humidity: 90%
 -> Sent Weather | Zone: FC Road       | Temp: 30.9°C | Humidity: 89%
 -> Sent Weather | Zone: Kothrud       | Temp: 31.2°C | Humidity: 91%
 -> Sent Weather | Zone: Hadapsar      | Temp: 31.6°C | Humidity: 86%
 -> Sent Weather | Zone: Shivajinagar  | Temp: 31.1°C | Humidity: 89%

--- Emitting Weather Window: 09:48:48 ---
 -> Sent Weather | Zone: Hinjewadi     | Temp: 31.6°C | Humidity: 90%
 -> Sent Weather | Zone: FC Road       | Temp: 30.8°C | Humidity: 88%
 -> Sent Weather | Zone: Kothrud       | Temp: 31.6°C | Humidity: 92%
 -> Sent Weather | Zone: Hadapsar      | Temp: 31.5°C | Humidity: 86%
 -> Sent Weather | Zone: Shivajinagar  | Temp: 31.1°C | Humidity: 89%

--- Emitting Weather Window: 09:49:08 ---
 -> Sent Weather | Zone: Hinjewadi     | Temp: 31.3°C | Humidity: 89%
 -> Sent Weather | Zone: FC Road       | Temp: 31.1°C | Humidity: 89%
 -> Sent Weather | Zone: Kothrud       | Temp: 31.4°C | Humidity: 92%
 -> Sent Weather | Zone: Hadapsar      | Temp: 31.4°C | Humidity: 86%
 -> Sent Weather | Zone: Shivajinagar  | Temp: 31.0°C | Humidity: 89%

--- Emitting Weather Window: 09:49:27 ---
 -> Sent Weather | Zone: Hinjewadi     | Temp: 31.5°C | Humidity: 90%
 -> Sent Weather | Zone: FC Road       | Temp: 30.6°C | Humidity: 88%
 -> Sent Weather | Zone: Kothrud       | Temp: 31.4°C | Humidity: 92%
 -> Sent Weather | Zone: Hadapsar      | Temp: 31.2°C | Humidity: 85%
 -> Sent Weather | Zone: Shivajinagar  | Temp: 30.8°C | Humidity: 88%

--- Emitting Weather Window: 09:49:46 ---
 -> Sent Weather | Zone: Hinjewadi     | Temp: 31.3°C | Humidity: 89%
 -> Sent Weather | Zone: FC Road       | Temp: 30.6°C | Humidity: 88%
 -> Sent Weather | Zone: Kothrud       | Temp: 31.2°C | Humidity: 91%
 -> Sent Weather | Zone: Hadapsar      | Temp: 31.4°C | Humidity: 85%
 -> Sent Weather | Zone: Shivajinagar  | Temp: 30.8°C | Humidity: 88%

--- Emitting Weather Window: 09:50:05 ---
 -> Sent Weather | Zone: Hinjewadi     | Temp: 31.3°C | Humidity: 89%
 -> Sent Weather | Zone: FC Road       | Temp: 31.0°C | Humidity: 89%
 -> Sent Weather | Zone: Kothrud       | Temp: 31.2°C | Humidity: 91%
 -> Sent Weather | Zone: Hadapsar      | Temp: 31.2°C | Humidity: 85%
 -> Sent Weather | Zone: Shivajinagar  | Temp: 30.8°C | Humidity: 88%

--- Emitting Weather Window: 09:50:34 ---
 -> Sent Weather | Zone: Hinjewadi     | Temp: 31.2°C | Humidity: 89%
 -> Sent Weather | Zone: FC Road       | Temp: 30.9°C | Humidity: 88%
 -> Sent Weather | Zone: Kothrud       | Temp: 31.1°C | Humidity: 91%
 -> Sent Weather | Zone: Hadapsar      | Temp: 31.7°C | Humidity: 86%
 -> Sent Weather | Zone: Shivajinagar  | Temp: 30.9°C | Humidity: 88%

--- Emitting Weather Window: 09:50:54 ---
 -> Sent Weather | Zone: Hinjewadi     | Temp: 31.4°C | Humidity: 89%
 -> Sent Weather | Zone: FC Road       | Temp: 31.1°C | Humidity: 89%
 -> Sent Weather | Zone: Kothrud       | Temp: 31.6°C | Humidity: 92%
 -> Sent Weather | Zone: Hadapsar      | Temp: 31.3°C | Humidity: 85%
 -> Sent Weather | Zone: Shivajinagar  | Temp: 30.9°C | Humidity: 89%

--- Emitting Weather Window: 09:51:13 ---
 -> Sent Weather | Zone: Hinjewadi     | Temp: 31.2°C | Humidity: 89%
 -> Sent Weather | Zone: FC Road       | Temp: 31.0°C | Humidity: 89%
 -> Sent Weather | Zone: Kothrud       | Temp: 31.3°C | Humidity: 91%
 -> Sent Weather | Zone: Hadapsar      | Temp: 31.2°C | Humidity: 85%
 -> Sent Weather | Zone: Shivajinagar  | Temp: 30.9°C | Humidity: 89%

--- Emitting Weather Window: 09:51:32 ---
 -> Sent Weather | Zone: Hinjewadi     | Temp: 31.7°C | Humidity: 90%
 -> Sent Weather | Zone: FC Road       | Temp: 30.8°C | Humidity: 88%
 -> Sent Weather | Zone: Kothrud       | Temp: 31.1°C | Humidity: 91%
 -> Sent Weather | Zone: Hadapsar      | Temp: 31.3°C | Humidity: 85%
 -> Sent Weather | Zone: Shivajinagar  | Temp: 31.1°C | Humidity: 89%

--- Emitting Weather Window: 09:51:51 ---
 -> Sent Weather | Zone: Hinjewadi     | Temp: 31.7°C | Humidity: 90%
 -> Sent Weather | Zone: FC Road       | Temp: 31.1°C | Humidity: 89%
 -> Sent Weather | Zone: Kothrud       | Temp: 31.2°C | Humidity: 91%
 -> Sent Weather | Zone: Hadapsar      | Temp: 31.3°C | Humidity: 85%
 -> Sent Weather | Zone: Shivajinagar  | Temp: 30.9°C | Humidity: 89%

--- Emitting Weather Window: 09:52:11 ---
 -> Sent Weather | Zone: Hinjewadi     | Temp: 31.5°C | Humidity: 90%
 -> Sent Weather | Zone: FC Road       | Temp: 30.7°C | Humidity: 88%
 -> Sent Weather | Zone: Kothrud       | Temp: 31.4°C | Humidity: 91%
 -> Sent Weather | Zone: Hadapsar      | Temp: 31.5°C | Humidity: 86%
 -> Sent Weather | Zone: Shivajinagar  | Temp: 30.9°C | Humidity: 89%

--- Emitting Weather Window: 09:52:30 ---
 -> Sent Weather | Zone: Hinjewadi     | Temp: 31.3°C | Humidity: 89%
 -> Sent Weather | Zone: FC Road       | Temp: 30.8°C | Humidity: 88%
 -> Sent Weather | Zone: Kothrud       | Temp: 31.3°C | Humidity: 91%
⚠️ API Fetch error: HTTPSConnectionPool(host='api.open-meteo.com', port=443): Read timed out. (read timeout=10)
 -> Sent Weather | Zone: Hadapsar      | Temp: 32.2°C | Humidity: 60%
 -> Sent Weather | Zone: Shivajinagar  | Temp: 30.8°C | Humidity: 88%

--- Emitting Weather Window: 09:52:58 ---
 -> Sent Weather | Zone: Hinjewadi     | Temp: 31.6°C | Humidity: 90%
 -> Sent Weather | Zone: FC Road       | Temp: 31.0°C | Humidity: 89%
 -> Sent Weather | Zone: Kothrud       | Temp: 31.2°C | Humidity: 91%
 -> Sent Weather | Zone: Hadapsar      | Temp: 31.6°C | Humidity: 86%
 -> Sent Weather | Zone: Shivajinagar  | Temp: 30.7°C | Humidity: 88%

--- Emitting Weather Window: 09:53:18 ---
 -> Sent Weather | Zone: Hinjewadi     | Temp: 31.1°C | Humidity: 89%
 -> Sent Weather | Zone: FC Road       | Temp: 31.0°C | Humidity: 89%
 -> Sent Weather | Zone: Kothrud       | Temp: 31.4°C | Humidity: 91%
 -> Sent Weather | Zone: Hadapsar      | Temp: 31.2°C | Humidity: 85%
 -> Sent Weather | Zone: Shivajinagar  | Temp: 30.9°C | Humidity: 89%

--- Emitting Weather Window: 09:53:37 ---
 -> Sent Weather | Zone: Hinjewadi     | Temp: 31.6°C | Humidity: 90%
 -> Sent Weather | Zone: FC Road       | Temp: 30.7°C | Humidity: 88%
 -> Sent Weather | Zone: Kothrud       | Temp: 31.2°C | Humidity: 91%
 -> Sent Weather | Zone: Hadapsar      | Temp: 31.3°C | Humidity: 85%
 -> Sent Weather | Zone: Shivajinagar  | Temp: 31.1°C | Humidity: 89%

--- Emitting Weather Window: 09:53:56 ---
 -> Sent Weather | Zone: Hinjewadi     | Temp: 31.6°C | Humidity: 90%
 -> Sent Weather | Zone: FC Road       | Temp: 31.2°C | Humidity: 89%
 -> Sent Weather | Zone: Kothrud       | Temp: 31.1°C | Humidity: 91%
 -> Sent Weather | Zone: Hadapsar      | Temp: 31.1°C | Humidity: 85%
 -> Sent Weather | Zone: Shivajinagar  | Temp: 31.1°C | Humidity: 89%

--- Emitting Weather Window: 09:54:14 ---
 -> Sent Weather | Zone: Hinjewadi     | Temp: 31.3°C | Humidity: 89%
 -> Sent Weather | Zone: FC Road       | Temp: 31.2°C | Humidity: 89%
 -> Sent Weather | Zone: Kothrud       | Temp: 31.6°C | Humidity: 92%
 -> Sent Weather | Zone: Hadapsar      | Temp: 31.6°C | Humidity: 86%
 -> Sent Weather | Zone: Shivajinagar  | Temp: 30.9°C | Humidity: 89%

--- Emitting Weather Window: 09:54:34 ---
 -> Sent Weather | Zone: Hinjewadi     | Temp: 31.3°C | Humidity: 89%
 -> Sent Weather | Zone: FC Road       | Temp: 30.6°C | Humidity: 88%
 -> Sent Weather | Zone: Kothrud       | Temp: 31.4°C | Humidity: 91%
 -> Sent Weather | Zone: Hadapsar      | Temp: 31.2°C | Humidity: 85%
⚠️ API Fetch error: HTTPSConnectionPool(host='api.open-meteo.com', port=443): Read timed out. (read timeout=10)
 -> Sent Weather | Zone: Shivajinagar  | Temp: 32.2°C | Humidity: 60%

--- Emitting Weather Window: 09:55:02 ---
 -> Sent Weather | Zone: Hinjewadi     | Temp: 31.4°C | Humidity: 89%
 -> Sent Weather | Zone: FC Road       | Temp: 31.0°C | Humidity: 89%
 -> Sent Weather | Zone: Kothrud       | Temp: 31.1°C | Humidity: 91%
 -> Sent Weather | Zone: Hadapsar      | Temp: 31.7°C | Humidity: 86%
 -> Sent Weather | Zone: Shivajinagar  | Temp: 30.6°C | Humidity: 88%

--- Emitting Weather Window: 09:55:21 ---
 -> Sent Weather | Zone: Hinjewadi     | Temp: 31.1°C | Humidity: 89%
 -> Sent Weather | Zone: FC Road       | Temp: 30.7°C | Humidity: 88%
 -> Sent Weather | Zone: Kothrud       | Temp: 31.7°C | Humidity: 92%
 -> Sent Weather | Zone: Hadapsar      | Temp: 31.3°C | Humidity: 85%
 -> Sent Weather | Zone: Shivajinagar  | Temp: 30.9°C | Humidity: 88%

--- Emitting Weather Window: 09:55:40 ---
 -> Sent Weather | Zone: Hinjewadi     | Temp: 31.4°C | Humidity: 90%
 -> Sent Weather | Zone: FC Road       | Temp: 31.1°C | Humidity: 89%
 -> Sent Weather | Zone: Kothrud       | Temp: 31.5°C | Humidity: 92%
 -> Sent Weather | Zone: Hadapsar      | Temp: 31.5°C | Humidity: 86%
 -> Sent Weather | Zone: Shivajinagar  | Temp: 31.2°C | Humidity: 89%

--- Emitting Weather Window: 09:55:59 ---
 -> Sent Weather | Zone: Hinjewadi     | Temp: 31.6°C | Humidity: 90%
 -> Sent Weather | Zone: FC Road       | Temp: 30.6°C | Humidity: 88%
 -> Sent Weather | Zone: Kothrud       | Temp: 31.3°C | Humidity: 91%
 -> Sent Weather | Zone: Hadapsar      | Temp: 31.5°C | Humidity: 86%
 -> Sent Weather | Zone: Shivajinagar  | Temp: 30.7°C | Humidity: 88%

--- Emitting Weather Window: 09:56:18 ---
 -> Sent Weather | Zone: Hinjewadi     | Temp: 31.3°C | Humidity: 89%
 -> Sent Weather | Zone: FC Road       | Temp: 31.0°C | Humidity: 89%
 -> Sent Weather | Zone: Kothrud       | Temp: 31.5°C | Humidity: 92%
 -> Sent Weather | Zone: Hadapsar      | Temp: 31.1°C | Humidity: 85%
 -> Sent Weather | Zone: Shivajinagar  | Temp: 30.8°C | Humidity: 88%

--- Emitting Weather Window: 09:56:37 ---
 -> Sent Weather | Zone: Hinjewadi     | Temp: 31.1°C | Humidity: 89%
 -> Sent Weather | Zone: FC Road       | Temp: 30.7°C | Humidity: 88%
 -> Sent Weather | Zone: Kothrud       | Temp: 31.4°C | Humidity: 92%
 -> Sent Weather | Zone: Hadapsar      | Temp: 31.6°C | Humidity: 86%
 -> Sent Weather | Zone: Shivajinagar  | Temp: 31.2°C | Humidity: 89%

--- Emitting Weather Window: 09:56:56 ---
 -> Sent Weather | Zone: Hinjewadi     | Temp: 31.2°C | Humidity: 89%
 -> Sent Weather | Zone: FC Road       | Temp: 30.8°C | Humidity: 88%
 -> Sent Weather | Zone: Kothrud       | Temp: 31.7°C | Humidity: 92%
 -> Sent Weather | Zone: Hadapsar      | Temp: 31.2°C | Humidity: 85%
 -> Sent Weather | Zone: Shivajinagar  | Temp: 30.9°C | Humidity: 88%

--- Emitting Weather Window: 09:57:14 ---
 -> Sent Weather | Zone: Hinjewadi     | Temp: 31.3°C | Humidity: 89%
 -> Sent Weather | Zone: FC Road       | Temp: 30.9°C | Humidity: 88%
 -> Sent Weather | Zone: Kothrud       | Temp: 31.7°C | Humidity: 92%
 -> Sent Weather | Zone: Hadapsar      | Temp: 31.5°C | Humidity: 86%
 -> Sent Weather | Zone: Shivajinagar  | Temp: 30.8°C | Humidity: 88%

--- Emitting Weather Window: 09:57:33 ---
 -> Sent Weather | Zone: Hinjewadi     | Temp: 31.4°C | Humidity: 90%
 -> Sent Weather | Zone: FC Road       | Temp: 30.7°C | Humidity: 88%
 -> Sent Weather | Zone: Kothrud       | Temp: 31.6°C | Humidity: 92%
 -> Sent Weather | Zone: Hadapsar      | Temp: 31.5°C | Humidity: 86%
 -> Sent Weather | Zone: Shivajinagar  | Temp: 30.7°C | Humidity: 88%

--- Emitting Weather Window: 09:57:52 ---
 -> Sent Weather | Zone: Hinjewadi     | Temp: 31.1°C | Humidity: 89%
 -> Sent Weather | Zone: FC Road       | Temp: 30.6°C | Humidity: 88%
 -> Sent Weather | Zone: Kothrud       | Temp: 31.2°C | Humidity: 91%
 -> Sent Weather | Zone: Hadapsar      | Temp: 31.3°C | Humidity: 85%
 -> Sent Weather | Zone: Shivajinagar  | Temp: 30.8°C | Humidity: 88%

--- Emitting Weather Window: 09:58:12 ---
 -> Sent Weather | Zone: Hinjewadi     | Temp: 31.7°C | Humidity: 90%
 -> Sent Weather | Zone: FC Road       | Temp: 31.0°C | Humidity: 89%
 -> Sent Weather | Zone: Kothrud       | Temp: 31.6°C | Humidity: 92%
 -> Sent Weather | Zone: Hadapsar      | Temp: 31.4°C | Humidity: 86%
 -> Sent Weather | Zone: Shivajinagar  | Temp: 31.1°C | Humidity: 89%

--- Emitting Weather Window: 09:58:31 ---
 -> Sent Weather | Zone: Hinjewadi     | Temp: 31.5°C | Humidity: 90%
 -> Sent Weather | Zone: FC Road       | Temp: 31.2°C | Humidity: 89%
 -> Sent Weather | Zone: Kothrud       | Temp: 31.3°C | Humidity: 91%
 -> Sent Weather | Zone: Hadapsar      | Temp: 31.5°C | Humidity: 86%
 -> Sent Weather | Zone: Shivajinagar  | Temp: 30.9°C | Humidity: 89%

--- Emitting Weather Window: 09:58:50 ---
 -> Sent Weather | Zone: Hinjewadi     | Temp: 31.7°C | Humidity: 90%
 -> Sent Weather | Zone: FC Road       | Temp: 31.1°C | Humidity: 89%
 -> Sent Weather | Zone: Kothrud       | Temp: 31.4°C | Humidity: 92%
 -> Sent Weather | Zone: Hadapsar      | Temp: 31.7°C | Humidity: 86%
 -> Sent Weather | Zone: Shivajinagar  | Temp: 31.0°C | Humidity: 89%

--- Emitting Weather Window: 09:59:09 ---
 -> Sent Weather | Zone: Hinjewadi     | Temp: 31.7°C | Humidity: 90%
 -> Sent Weather | Zone: FC Road       | Temp: 31.2°C | Humidity: 89%
 -> Sent Weather | Zone: Kothrud       | Temp: 31.2°C | Humidity: 91%
 -> Sent Weather | Zone: Hadapsar      | Temp: 31.3°C | Humidity: 85%
 -> Sent Weather | Zone: Shivajinagar  | Temp: 30.8°C | Humidity: 88%

--- Emitting Weather Window: 09:59:28 ---
 -> Sent Weather | Zone: Hinjewadi     | Temp: 31.2°C | Humidity: 89%
 -> Sent Weather | Zone: FC Road       | Temp: 30.9°C | Humidity: 89%
 -> Sent Weather | Zone: Kothrud       | Temp: 31.7°C | Humidity: 92%
 -> Sent Weather | Zone: Hadapsar      | Temp: 31.2°C | Humidity: 85%
 -> Sent Weather | Zone: Shivajinagar  | Temp: 30.9°C | Humidity: 89%

--- Emitting Weather Window: 09:59:47 ---
 -> Sent Weather | Zone: Hinjewadi     | Temp: 31.6°C | Humidity: 90%
 -> Sent Weather | Zone: FC Road       | Temp: 31.1°C | Humidity: 89%
 -> Sent Weather | Zone: Kothrud       | Temp: 31.7°C | Humidity: 92%
 -> Sent Weather | Zone: Hadapsar      | Temp: 31.2°C | Humidity: 85%
 -> Sent Weather | Zone: Shivajinagar  | Temp: 30.8°C | Humidity: 88%

--- Emitting Weather Window: 10:00:05 ---
 -> Sent Weather | Zone: Hinjewadi     | Temp: 32.0°C | Humidity: 90%
 -> Sent Weather | Zone: FC Road       | Temp: 31.4°C | Humidity: 88%
 -> Sent Weather | Zone: Kothrud       | Temp: 31.8°C | Humidity: 91%
 -> Sent Weather | Zone: Hadapsar      | Temp: 31.8°C | Humidity: 85%
 -> Sent Weather | Zone: Shivajinagar  | Temp: 31.7°C | Humidity: 89%

--- Emitting Weather Window: 10:00:41 ---
 -> Sent Weather | Zone: Hinjewadi     | Temp: 32.2°C | Humidity: 90%
 -> Sent Weather | Zone: FC Road       | Temp: 31.8°C | Humidity: 89%
 -> Sent Weather | Zone: Kothrud       | Temp: 32.2°C | Humidity: 92%
 -> Sent Weather | Zone: Hadapsar      | Temp: 31.9°C | Humidity: 85%
 -> Sent Weather | Zone: Shivajinagar  | Temp: 31.4°C | Humidity: 88%

--- Emitting Weather Window: 10:01:01 ---
 -> Sent Weather | Zone: Hinjewadi     | Temp: 31.7°C | Humidity: 89%
 -> Sent Weather | Zone: FC Road       | Temp: 31.6°C | Humidity: 89%
 -> Sent Weather | Zone: Kothrud       | Temp: 32.3°C | Humidity: 92%
 -> Sent Weather | Zone: Hadapsar      | Temp: 32.0°C | Humidity: 85%
 -> Sent Weather | Zone: Shivajinagar  | Temp: 31.7°C | Humidity: 89%

--- Emitting Weather Window: 10:01:20 ---
 -> Sent Weather | Zone: Hinjewadi     | Temp: 32.3°C | Humidity: 90%
 -> Sent Weather | Zone: FC Road       | Temp: 31.3°C | Humidity: 88%
 -> Sent Weather | Zone: Kothrud       | Temp: 32.0°C | Humidity: 91%
 -> Sent Weather | Zone: Hadapsar      | Temp: 31.9°C | Humidity: 85%
 -> Sent Weather | Zone: Shivajinagar  | Temp: 31.7°C | Humidity: 89%

--- Emitting Weather Window: 10:01:39 ---
 -> Sent Weather | Zone: Hinjewadi     | Temp: 31.9°C | Humidity: 89%
 -> Sent Weather | Zone: FC Road       | Temp: 31.7°C | Humidity: 89%
 -> Sent Weather | Zone: Kothrud       | Temp: 32.1°C | Humidity: 91%
 -> Sent Weather | Zone: Hadapsar      | Temp: 32.3°C | Humidity: 86%
 -> Sent Weather | Zone: Shivajinagar  | Temp: 31.3°C | Humidity: 88%

--- Emitting Weather Window: 10:01:58 ---
 -> Sent Weather | Zone: Hinjewadi     | Temp: 31.7°C | Humidity: 89%
 -> Sent Weather | Zone: FC Road       | Temp: 31.3°C | Humidity: 88%
 -> Sent Weather | Zone: Kothrud       | Temp: 32.0°C | Humidity: 91%
 -> Sent Weather | Zone: Hadapsar      | Temp: 32.0°C | Humidity: 86%
 -> Sent Weather | Zone: Shivajinagar  | Temp: 31.5°C | Humidity: 88%

--- Emitting Weather Window: 10:02:17 ---
 -> Sent Weather | Zone: Hinjewadi     | Temp: 32.2°C | Humidity: 90%
 -> Sent Weather | Zone: FC Road       | Temp: 31.4°C | Humidity: 88%
 -> Sent Weather | Zone: Kothrud       | Temp: 32.1°C | Humidity: 92%
 -> Sent Weather | Zone: Hadapsar      | Temp: 32.1°C | Humidity: 86%
 -> Sent Weather | Zone: Shivajinagar  | Temp: 31.7°C | Humidity: 89%

--- Emitting Weather Window: 10:02:36 ---
 -> Sent Weather | Zone: Hinjewadi     | Temp: 31.8°C | Humidity: 89%
 -> Sent Weather | Zone: FC Road       | Temp: 31.2°C | Humidity: 88%
 -> Sent Weather | Zone: Kothrud       | Temp: 32.0°C | Humidity: 91%
 -> Sent Weather | Zone: Hadapsar      | Temp: 31.9°C | Humidity: 85%
 -> Sent Weather | Zone: Shivajinagar  | Temp: 31.6°C | Humidity: 89%

--- Emitting Weather Window: 10:02:55 ---
 -> Sent Weather | Zone: Hinjewadi     | Temp: 32.1°C | Humidity: 90%
 -> Sent Weather | Zone: FC Road       | Temp: 31.5°C | Humidity: 89%
 -> Sent Weather | Zone: Kothrud       | Temp: 32.2°C | Humidity: 92%
 -> Sent Weather | Zone: Hadapsar      | Temp: 32.1°C | Humidity: 86%
 -> Sent Weather | Zone: Shivajinagar  | Temp: 31.4°C | Humidity: 88%

--- Emitting Weather Window: 10:03:14 ---
 -> Sent Weather | Zone: Hinjewadi     | Temp: 31.7°C | Humidity: 89%
 -> Sent Weather | Zone: FC Road       | Temp: 31.7°C | Humidity: 89%
 -> Sent Weather | Zone: Kothrud       | Temp: 32.3°C | Humidity: 92%
 -> Sent Weather | Zone: Hadapsar      | Temp: 32.2°C | Humidity: 86%
 -> Sent Weather | Zone: Shivajinagar  | Temp: 31.4°C | Humidity: 88%

--- Emitting Weather Window: 10:03:33 ---
 -> Sent Weather | Zone: Hinjewadi     | Temp: 31.8°C | Humidity: 89%
 -> Sent Weather | Zone: FC Road       | Temp: 31.2°C | Humidity: 88%
 -> Sent Weather | Zone: Kothrud       | Temp: 32.4°C | Humidity: 92%
 -> Sent Weather | Zone: Hadapsar      | Temp: 31.8°C | Humidity: 85%
 -> Sent Weather | Zone: Shivajinagar  | Temp: 31.5°C | Humidity: 89%

--- Emitting Weather Window: 10:03:52 ---
 -> Sent Weather | Zone: Hinjewadi     | Temp: 31.9°C | Humidity: 89%
 -> Sent Weather | Zone: FC Road       | Temp: 31.8°C | Humidity: 89%
 -> Sent Weather | Zone: Kothrud       | Temp: 31.9°C | Humidity: 91%
 -> Sent Weather | Zone: Hadapsar      | Temp: 32.3°C | Humidity: 86%
 -> Sent Weather | Zone: Shivajinagar  | Temp: 31.4°C | Humidity: 88%

--- Emitting Weather Window: 10:04:11 ---
 -> Sent Weather | Zone: Hinjewadi     | Temp: 32.1°C | Humidity: 90%
 -> Sent Weather | Zone: FC Road       | Temp: 31.8°C | Humidity: 89%
 -> Sent Weather | Zone: Kothrud       | Temp: 32.2°C | Humidity: 92%
 -> Sent Weather | Zone: Hadapsar      | Temp: 31.9°C | Humidity: 85%
 -> Sent Weather | Zone: Shivajinagar  | Temp: 31.4°C | Humidity: 88%

--- Emitting Weather Window: 10:04:31 ---
 -> Sent Weather | Zone: Hinjewadi     | Temp: 31.9°C | Humidity: 89%
 -> Sent Weather | Zone: FC Road       | Temp: 31.5°C | Humidity: 89%
 -> Sent Weather | Zone: Kothrud       | Temp: 31.9°C | Humidity: 91%
 -> Sent Weather | Zone: Hadapsar      | Temp: 31.8°C | Humidity: 85%
 -> Sent Weather | Zone: Shivajinagar  | Temp: 31.6°C | Humidity: 89%

--- Emitting Weather Window: 10:04:49 ---
 -> Sent Weather | Zone: Hinjewadi     | Temp: 31.7°C | Humidity: 89%
 -> Sent Weather | Zone: FC Road       | Temp: 31.6°C | Humidity: 89%
 -> Sent Weather | Zone: Kothrud       | Temp: 32.0°C | Humidity: 91%
 -> Sent Weather | Zone: Hadapsar      | Temp: 32.2°C | Humidity: 86%
 -> Sent Weather | Zone: Shivajinagar  | Temp: 31.2°C | Humidity: 88%

--- Emitting Weather Window: 10:05:08 ---
 -> Sent Weather | Zone: Hinjewadi     | Temp: 32.2°C | Humidity: 90%
 -> Sent Weather | Zone: FC Road       | Temp: 31.7°C | Humidity: 89%
 -> Sent Weather | Zone: Kothrud       | Temp: 32.3°C | Humidity: 92%
 -> Sent Weather | Zone: Hadapsar      | Temp: 31.8°C | Humidity: 85%
 -> Sent Weather | Zone: Shivajinagar  | Temp: 31.5°C | Humidity: 89%

--- Emitting Weather Window: 10:05:27 ---
 -> Sent Weather | Zone: Hinjewadi     | Temp: 31.9°C | Humidity: 89%
 -> Sent Weather | Zone: FC Road       | Temp: 31.5°C | Humidity: 89%
 -> Sent Weather | Zone: Kothrud       | Temp: 31.9°C | Humidity: 91%
 -> Sent Weather | Zone: Hadapsar      | Temp: 32.2°C | Humidity: 86%
 -> Sent Weather | Zone: Shivajinagar  | Temp: 31.6°C | Humidity: 89%

--- Emitting Weather Window: 10:05:46 ---
 -> Sent Weather | Zone: Hinjewadi     | Temp: 32.1°C | Humidity: 90%
 -> Sent Weather | Zone: FC Road       | Temp: 31.2°C | Humidity: 88%
 -> Sent Weather | Zone: Kothrud       | Temp: 32.4°C | Humidity: 92%
 -> Sent Weather | Zone: Hadapsar      | Temp: 31.9°C | Humidity: 85%
 -> Sent Weather | Zone: Shivajinagar  | Temp: 31.3°C | Humidity: 88%

--- Emitting Weather Window: 10:06:05 ---
 -> Sent Weather | Zone: Hinjewadi     | Temp: 31.8°C | Humidity: 89%
 -> Sent Weather | Zone: FC Road       | Temp: 31.2°C | Humidity: 88%
 -> Sent Weather | Zone: Kothrud       | Temp: 32.3°C | Humidity: 92%
 -> Sent Weather | Zone: Hadapsar      | Temp: 31.9°C | Humidity: 85%
 -> Sent Weather | Zone: Shivajinagar  | Temp: 31.5°C | Humidity: 89%

--- Emitting Weather Window: 10:06:24 ---
 -> Sent Weather | Zone: Hinjewadi     | Temp: 31.8°C | Humidity: 89%
 -> Sent Weather | Zone: FC Road       | Temp: 31.5°C | Humidity: 89%
 -> Sent Weather | Zone: Kothrud       | Temp: 31.9°C | Humidity: 91%
 -> Sent Weather | Zone: Hadapsar      | Temp: 32.1°C | Humidity: 86%
 -> Sent Weather | Zone: Shivajinagar  | Temp: 31.7°C | Humidity: 89%

--- Emitting Weather Window: 10:06:43 ---
 -> Sent Weather | Zone: Hinjewadi     | Temp: 31.8°C | Humidity: 89%
 -> Sent Weather | Zone: FC Road       | Temp: 31.4°C | Humidity: 88%
 -> Sent Weather | Zone: Kothrud       | Temp: 32.4°C | Humidity: 92%
 -> Sent Weather | Zone: Hadapsar      | Temp: 31.9°C | Humidity: 85%
 -> Sent Weather | Zone: Shivajinagar  | Temp: 31.3°C | Humidity: 88%

--- Emitting Weather Window: 10:07:02 ---
 -> Sent Weather | Zone: Hinjewadi     | Temp: 32.2°C | Humidity: 90%
 -> Sent Weather | Zone: FC Road       | Temp: 31.5°C | Humidity: 88%
 -> Sent Weather | Zone: Kothrud       | Temp: 32.2°C | Humidity: 92%
 -> Sent Weather | Zone: Hadapsar      | Temp: 32.2°C | Humidity: 86%
 -> Sent Weather | Zone: Shivajinagar  | Temp: 31.4°C | Humidity: 88%

--- Emitting Weather Window: 10:07:21 ---
 -> Sent Weather | Zone: Hinjewadi     | Temp: 31.8°C | Humidity: 89%
 -> Sent Weather | Zone: FC Road       | Temp: 31.8°C | Humidity: 89%
 -> Sent Weather | Zone: Kothrud       | Temp: 32.2°C | Humidity: 92%
 -> Sent Weather | Zone: Hadapsar      | Temp: 32.1°C | Humidity: 86%
 -> Sent Weather | Zone: Shivajinagar  | Temp: 31.7°C | Humidity: 89%

--- Emitting Weather Window: 10:07:40 ---
 -> Sent Weather | Zone: Hinjewadi     | Temp: 31.8°C | Humidity: 89%
 -> Sent Weather | Zone: FC Road       | Temp: 31.7°C | Humidity: 89%
 -> Sent Weather | Zone: Kothrud       | Temp: 31.9°C | Humidity: 91%
 -> Sent Weather | Zone: Hadapsar      | Temp: 31.9°C | Humidity: 85%
 -> Sent Weather | Zone: Shivajinagar  | Temp: 31.7°C | Humidity: 89%

--- Emitting Weather Window: 10:07:59 ---
 -> Sent Weather | Zone: Hinjewadi     | Temp: 31.7°C | Humidity: 89%
 -> Sent Weather | Zone: FC Road       | Temp: 31.2°C | Humidity: 88%
 -> Sent Weather | Zone: Kothrud       | Temp: 31.8°C | Humidity: 91%
 -> Sent Weather | Zone: Hadapsar      | Temp: 32.1°C | Humidity: 86%
 -> Sent Weather | Zone: Shivajinagar  | Temp: 31.2°C | Humidity: 88%

--- Emitting Weather Window: 10:08:18 ---
 -> Sent Weather | Zone: Hinjewadi     | Temp: 32.3°C | Humidity: 90%
 -> Sent Weather | Zone: FC Road       | Temp: 31.4°C | Humidity: 88%
 -> Sent Weather | Zone: Kothrud       | Temp: 32.1°C | Humidity: 92%
⚠️ API Fetch error: HTTPSConnectionPool(host='api.open-meteo.com', port=443): Read timed out. (read timeout=10)
 -> Sent Weather | Zone: Hadapsar      | Temp: 31.7°C | Humidity: 59%
 -> Sent Weather | Zone: Shivajinagar  | Temp: 31.5°C | Humidity: 89%

--- Emitting Weather Window: 10:08:47 ---
 -> Sent Weather | Zone: Hinjewadi     | Temp: 32.0°C | Humidity: 89%
 -> Sent Weather | Zone: FC Road       | Temp: 31.4°C | Humidity: 88%
 -> Sent Weather | Zone: Kothrud       | Temp: 32.3°C | Humidity: 92%
 -> Sent Weather | Zone: Hadapsar      | Temp: 31.9°C | Humidity: 85%
 -> Sent Weather | Zone: Shivajinagar  | Temp: 31.7°C | Humidity: 89%

--- Emitting Weather Window: 10:09:06 ---
 -> Sent Weather | Zone: Hinjewadi     | Temp: 32.2°C | Humidity: 90%
 -> Sent Weather | Zone: FC Road       | Temp: 31.2°C | Humidity: 88%
 -> Sent Weather | Zone: Kothrud       | Temp: 31.9°C | Humidity: 91%
 -> Sent Weather | Zone: Hadapsar      | Temp: 31.7°C | Humidity: 85%
 -> Sent Weather | Zone: Shivajinagar  | Temp: 31.5°C | Humidity: 88%

--- Emitting Weather Window: 10:09:25 ---
 -> Sent Weather | Zone: Hinjewadi     | Temp: 31.7°C | Humidity: 89%
 -> Sent Weather | Zone: FC Road       | Temp: 31.4°C | Humidity: 88%
 -> Sent Weather | Zone: Kothrud       | Temp: 31.9°C | Humidity: 91%
 -> Sent Weather | Zone: Hadapsar      | Temp: 32.2°C | Humidity: 86%
 -> Sent Weather | Zone: Shivajinagar  | Temp: 31.4°C | Humidity: 88%

--- Emitting Weather Window: 10:09:44 ---
 -> Sent Weather | Zone: Hinjewadi     | Temp: 32.1°C | Humidity: 90%
 -> Sent Weather | Zone: FC Road       | Temp: 31.3°C | Humidity: 88%
 -> Sent Weather | Zone: Kothrud       | Temp: 32.1°C | Humidity: 91%
 -> Sent Weather | Zone: Hadapsar      | Temp: 31.7°C | Humidity: 85%
 -> Sent Weather | Zone: Shivajinagar  | Temp: 31.3°C | Humidity: 88%

--- Emitting Weather Window: 10:10:03 ---
 -> Sent Weather | Zone: Hinjewadi     | Temp: 32.1°C | Humidity: 90%
 -> Sent Weather | Zone: FC Road       | Temp: 31.7°C | Humidity: 89%
 -> Sent Weather | Zone: Kothrud       | Temp: 32.0°C | Humidity: 91%
 -> Sent Weather | Zone: Hadapsar      | Temp: 31.8°C | Humidity: 85%
 -> Sent Weather | Zone: Shivajinagar  | Temp: 31.4°C | Humidity: 88%

--- Emitting Weather Window: 10:10:34 ---
 -> Sent Weather | Zone: Hinjewadi     | Temp: 32.3°C | Humidity: 90%
 -> Sent Weather | Zone: FC Road       | Temp: 31.7°C | Humidity: 89%
 -> Sent Weather | Zone: Kothrud       | Temp: 32.1°C | Humidity: 92%
 -> Sent Weather | Zone: Hadapsar      | Temp: 32.1°C | Humidity: 86%
 -> Sent Weather | Zone: Shivajinagar  | Temp: 31.2°C | Humidity: 88%

--- Emitting Weather Window: 10:10:53 ---
 -> Sent Weather | Zone: Hinjewadi     | Temp: 32.3°C | Humidity: 90%
 -> Sent Weather | Zone: FC Road       | Temp: 31.7°C | Humidity: 89%
 -> Sent Weather | Zone: Kothrud       | Temp: 31.9°C | Humidity: 91%
 -> Sent Weather | Zone: Hadapsar      | Temp: 32.2°C | Humidity: 86%
 -> Sent Weather | Zone: Shivajinagar  | Temp: 31.7°C | Humidity: 89%

--- Emitting Weather Window: 10:11:12 ---
 -> Sent Weather | Zone: Hinjewadi     | Temp: 32.0°C | Humidity: 90%
 -> Sent Weather | Zone: FC Road       | Temp: 31.5°C | Humidity: 88%
 -> Sent Weather | Zone: Kothrud       | Temp: 32.2°C | Humidity: 92%
 -> Sent Weather | Zone: Hadapsar      | Temp: 32.2°C | Humidity: 86%
 -> Sent Weather | Zone: Shivajinagar  | Temp: 31.8°C | Humidity: 89%

--- Emitting Weather Window: 10:11:30 ---
 -> Sent Weather | Zone: Hinjewadi     | Temp: 31.9°C | Humidity: 89%
 -> Sent Weather | Zone: FC Road       | Temp: 31.7°C | Humidity: 89%
 -> Sent Weather | Zone: Kothrud       | Temp: 32.3°C | Humidity: 92%
 -> Sent Weather | Zone: Hadapsar      | Temp: 31.9°C | Humidity: 85%
 -> Sent Weather | Zone: Shivajinagar  | Temp: 31.3°C | Humidity: 88%

--- Emitting Weather Window: 10:11:49 ---
 -> Sent Weather | Zone: Hinjewadi     | Temp: 31.7°C | Humidity: 89%
 -> Sent Weather | Zone: FC Road       | Temp: 31.3°C | Humidity: 88%
 -> Sent Weather | Zone: Kothrud       | Temp: 32.3°C | Humidity: 92%
 -> Sent Weather | Zone: Hadapsar      | Temp: 32.3°C | Humidity: 86%
 -> Sent Weather | Zone: Shivajinagar  | Temp: 31.7°C | Humidity: 89%

--- Emitting Weather Window: 10:12:08 ---
 -> Sent Weather | Zone: Hinjewadi     | Temp: 31.7°C | Humidity: 89%
 -> Sent Weather | Zone: FC Road       | Temp: 31.6°C | Humidity: 89%
 -> Sent Weather | Zone: Kothrud       | Temp: 31.8°C | Humidity: 91%
 -> Sent Weather | Zone: Hadapsar      | Temp: 32.2°C | Humidity: 86%
 -> Sent Weather | Zone: Shivajinagar  | Temp: 31.4°C | Humidity: 88%

--- Emitting Weather Window: 10:12:27 ---
 -> Sent Weather | Zone: Hinjewadi     | Temp: 32.2°C | Humidity: 90%
 -> Sent Weather | Zone: FC Road       | Temp: 31.2°C | Humidity: 88%
 -> Sent Weather | Zone: Kothrud       | Temp: 32.4°C | Humidity: 92%
 -> Sent Weather | Zone: Hadapsar      | Temp: 31.7°C | Humidity: 85%
 -> Sent Weather | Zone: Shivajinagar  | Temp: 31.4°C | Humidity: 88%

--- Emitting Weather Window: 10:12:46 ---
 -> Sent Weather | Zone: Hinjewadi     | Temp: 32.3°C | Humidity: 90%
 -> Sent Weather | Zone: FC Road       | Temp: 31.4°C | Humidity: 88%
 -> Sent Weather | Zone: Kothrud       | Temp: 31.8°C | Humidity: 91%
 -> Sent Weather | Zone: Hadapsar      | Temp: 31.7°C | Humidity: 85%
 -> Sent Weather | Zone: Shivajinagar  | Temp: 31.6°C | Humidity: 89%

--- Emitting Weather Window: 10:13:05 ---
 -> Sent Weather | Zone: Hinjewadi     | Temp: 31.7°C | Humidity: 89%
 -> Sent Weather | Zone: FC Road       | Temp: 31.6°C | Humidity: 89%
⚠️ API Fetch error: HTTPSConnectionPool(host='api.open-meteo.com', port=443): Read timed out. (read timeout=10)
 -> Sent Weather | Zone: Kothrud       | Temp: 32.3°C | Humidity: 60%
 -> Sent Weather | Zone: Hadapsar      | Temp: 31.9°C | Humidity: 85%
 -> Sent Weather | Zone: Shivajinagar  | Temp: 31.5°C | Humidity: 88%

--- Emitting Weather Window: 10:13:34 ---
 -> Sent Weather | Zone: Hinjewadi     | Temp: 31.8°C | Humidity: 89%
 -> Sent Weather | Zone: FC Road       | Temp: 31.7°C | Humidity: 89%
 -> Sent Weather | Zone: Kothrud       | Temp: 32.3°C | Humidity: 92%
 -> Sent Weather | Zone: Hadapsar      | Temp: 31.8°C | Humidity: 85%
 -> Sent Weather | Zone: Shivajinagar  | Temp: 31.7°C | Humidity: 89%

--- Emitting Weather Window: 10:13:53 ---
 -> Sent Weather | Zone: Hinjewadi     | Temp: 31.8°C | Humidity: 89%
 -> Sent Weather | Zone: FC Road       | Temp: 31.4°C | Humidity: 88%
 -> Sent Weather | Zone: Kothrud       | Temp: 32.2°C | Humidity: 92%
 -> Sent Weather | Zone: Hadapsar      | Temp: 32.3°C | Humidity: 86%
 -> Sent Weather | Zone: Shivajinagar  | Temp: 31.8°C | Humidity: 89%

--- Emitting Weather Window: 10:14:12 ---
 -> Sent Weather | Zone: Hinjewadi     | Temp: 31.9°C | Humidity: 89%
 -> Sent Weather | Zone: FC Road       | Temp: 31.7°C | Humidity: 89%
 -> Sent Weather | Zone: Kothrud       | Temp: 32.3°C | Humidity: 92%
 -> Sent Weather | Zone: Hadapsar      | Temp: 32.2°C | Humidity: 86%
 -> Sent Weather | Zone: Shivajinagar  | Temp: 31.7°C | Humidity: 89%

--- Emitting Weather Window: 10:14:31 ---
 -> Sent Weather | Zone: Hinjewadi     | Temp: 32.0°C | Humidity: 89%
 -> Sent Weather | Zone: FC Road       | Temp: 31.7°C | Humidity: 89%
 -> Sent Weather | Zone: Kothrud       | Temp: 31.8°C | Humidity: 91%
 -> Sent Weather | Zone: Hadapsar      | Temp: 31.8°C | Humidity: 85%
 -> Sent Weather | Zone: Shivajinagar  | Temp: 31.3°C | Humidity: 88%

--- Emitting Weather Window: 10:14:50 ---
 -> Sent Weather | Zone: Hinjewadi     | Temp: 32.3°C | Humidity: 90%
 -> Sent Weather | Zone: FC Road       | Temp: 31.7°C | Humidity: 89%
 -> Sent Weather | Zone: Kothrud       | Temp: 32.4°C | Humidity: 92%
 -> Sent Weather | Zone: Hadapsar      | Temp: 32.2°C | Humidity: 86%
 -> Sent Weather | Zone: Shivajinagar  | Temp: 31.5°C | Humidity: 89%

--- Emitting Weather Window: 10:15:09 ---
 -> Sent Weather | Zone: Hinjewadi     | Temp: 32.5°C | Humidity: 89%
⚠️ API Fetch error: HTTPSConnectionPool(host='api.open-meteo.com', port=443): Read timed out. (read timeout=10)
 -> Sent Weather | Zone: FC Road       | Temp: 32.0°C | Humidity: 60%
 -> Sent Weather | Zone: Kothrud       | Temp: 32.8°C | Humidity: 92%
 -> Sent Weather | Zone: Hadapsar      | Temp: 32.8°C | Humidity: 86%
 -> Sent Weather | Zone: Shivajinagar  | Temp: 32.4°C | Humidity: 89%

--- Emitting Weather Window: 10:15:37 ---
 -> Sent Weather | Zone: Hinjewadi     | Temp: 32.8°C | Humidity: 90%
 -> Sent Weather | Zone: FC Road       | Temp: 32.4°C | Humidity: 89%
 -> Sent Weather | Zone: Kothrud       | Temp: 32.8°C | Humidity: 92%
 -> Sent Weather | Zone: Hadapsar      | Temp: 32.6°C | Humidity: 85%
 -> Sent Weather | Zone: Shivajinagar  | Temp: 32.4°C | Humidity: 89%

--- Emitting Weather Window: 10:15:56 ---
 -> Sent Weather | Zone: Hinjewadi     | Temp: 32.7°C | Humidity: 89%
 -> Sent Weather | Zone: FC Road       | Temp: 32.0°C | Humidity: 88%
 -> Sent Weather | Zone: Kothrud       | Temp: 32.5°C | Humidity: 91%
 -> Sent Weather | Zone: Hadapsar      | Temp: 32.4°C | Humidity: 85%
 -> Sent Weather | Zone: Shivajinagar  | Temp: 32.1°C | Humidity: 88%

--- Emitting Weather Window: 10:16:15 ---
 -> Sent Weather | Zone: Hinjewadi     | Temp: 33.0°C | Humidity: 90%
 -> Sent Weather | Zone: FC Road       | Temp: 32.2°C | Humidity: 88%
 -> Sent Weather | Zone: Kothrud       | Temp: 32.9°C | Humidity: 92%
 -> Sent Weather | Zone: Hadapsar      | Temp: 32.8°C | Humidity: 86%
 -> Sent Weather | Zone: Shivajinagar  | Temp: 32.1°C | Humidity: 88%

--- Emitting Weather Window: 10:16:34 ---
 -> Sent Weather | Zone: Hinjewadi     | Temp: 32.9°C | Humidity: 90%
 -> Sent Weather | Zone: FC Road       | Temp: 32.3°C | Humidity: 89%
 -> Sent Weather | Zone: Kothrud       | Temp: 32.6°C | Humidity: 91%
 -> Sent Weather | Zone: Hadapsar      | Temp: 32.6°C | Humidity: 85%
 -> Sent Weather | Zone: Shivajinagar  | Temp: 31.9°C | Humidity: 88%

--- Emitting Weather Window: 10:16:53 ---
 -> Sent Weather | Zone: Hinjewadi     | Temp: 32.8°C | Humidity: 90%
 -> Sent Weather | Zone: FC Road       | Temp: 31.9°C | Humidity: 88%
 -> Sent Weather | Zone: Kothrud       | Temp: 32.4°C | Humidity: 91%
 -> Sent Weather | Zone: Hadapsar      | Temp: 32.8°C | Humidity: 86%
 -> Sent Weather | Zone: Shivajinagar  | Temp: 31.9°C | Humidity: 88%

--- Emitting Weather Window: 10:17:12 ---
 -> Sent Weather | Zone: Hinjewadi     | Temp: 32.9°C | Humidity: 90%
 -> Sent Weather | Zone: FC Road       | Temp: 31.9°C | Humidity: 88%
 -> Sent Weather | Zone: Kothrud       | Temp: 32.7°C | Humidity: 92%
 -> Sent Weather | Zone: Hadapsar      | Temp: 32.6°C | Humidity: 85%
 -> Sent Weather | Zone: Shivajinagar  | Temp: 32.0°C | Humidity: 88%

--- Emitting Weather Window: 10:17:32 ---
 -> Sent Weather | Zone: Hinjewadi     | Temp: 32.8°C | Humidity: 90%
 -> Sent Weather | Zone: FC Road       | Temp: 32.4°C | Humidity: 89%
 -> Sent Weather | Zone: Kothrud       | Temp: 32.6°C | Humidity: 91%
 -> Sent Weather | Zone: Hadapsar      | Temp: 32.4°C | Humidity: 85%
 -> Sent Weather | Zone: Shivajinagar  | Temp: 32.0°C | Humidity: 88%

--- Emitting Weather Window: 10:17:51 ---
 -> Sent Weather | Zone: Hinjewadi     | Temp: 32.4°C | Humidity: 89%
 -> Sent Weather | Zone: FC Road       | Temp: 31.9°C | Humidity: 88%
 -> Sent Weather | Zone: Kothrud       | Temp: 32.7°C | Humidity: 92%
 -> Sent Weather | Zone: Hadapsar      | Temp: 32.8°C | Humidity: 86%
 -> Sent Weather | Zone: Shivajinagar  | Temp: 32.1°C | Humidity: 88%

--- Emitting Weather Window: 10:18:10 ---
 -> Sent Weather | Zone: Hinjewadi     | Temp: 32.7°C | Humidity: 90%
 -> Sent Weather | Zone: FC Road       | Temp: 32.2°C | Humidity: 89%
 -> Sent Weather | Zone: Kothrud       | Temp: 32.5°C | Humidity: 91%
 -> Sent Weather | Zone: Hadapsar      | Temp: 33.0°C | Humidity: 86%
 -> Sent Weather | Zone: Shivajinagar  | Temp: 32.4°C | Humidity: 89%

--- Emitting Weather Window: 10:18:29 ---
 -> Sent Weather | Zone: Hinjewadi     | Temp: 32.9°C | Humidity: 90%
 -> Sent Weather | Zone: FC Road       | Temp: 32.3°C | Humidity: 89%
 -> Sent Weather | Zone: Kothrud       | Temp: 32.5°C | Humidity: 91%
 -> Sent Weather | Zone: Hadapsar      | Temp: 32.5°C | Humidity: 85%
 -> Sent Weather | Zone: Shivajinagar  | Temp: 32.2°C | Humidity: 89%

--- Emitting Weather Window: 10:18:47 ---
 -> Sent Weather | Zone: Hinjewadi     | Temp: 32.5°C | Humidity: 89%
 -> Sent Weather | Zone: FC Road       | Temp: 32.1°C | Humidity: 88%
 -> Sent Weather | Zone: Kothrud       | Temp: 32.6°C | Humidity: 91%
 -> Sent Weather | Zone: Hadapsar      | Temp: 32.9°C | Humidity: 86%
 -> Sent Weather | Zone: Shivajinagar  | Temp: 32.2°C | Humidity: 89%

--- Emitting Weather Window: 10:19:06 ---
 -> Sent Weather | Zone: Hinjewadi     | Temp: 33.0°C | Humidity: 90%
 -> Sent Weather | Zone: FC Road       | Temp: 32.4°C | Humidity: 89%
 -> Sent Weather | Zone: Kothrud       | Temp: 32.7°C | Humidity: 92%
 -> Sent Weather | Zone: Hadapsar      | Temp: 32.4°C | Humidity: 85%
 -> Sent Weather | Zone: Shivajinagar  | Temp: 31.9°C | Humidity: 88%

--- Emitting Weather Window: 10:19:25 ---
 -> Sent Weather | Zone: Hinjewadi     | Temp: 33.0°C | Humidity: 90%
 -> Sent Weather | Zone: FC Road       | Temp: 32.0°C | Humidity: 88%
 -> Sent Weather | Zone: Kothrud       | Temp: 33.0°C | Humidity: 92%
 -> Sent Weather | Zone: Hadapsar      | Temp: 32.4°C | Humidity: 85%
 -> Sent Weather | Zone: Shivajinagar  | Temp: 32.0°C | Humidity: 88%

--- Emitting Weather Window: 10:19:44 ---
 -> Sent Weather | Zone: Hinjewadi     | Temp: 33.0°C | Humidity: 90%
 -> Sent Weather | Zone: FC Road       | Temp: 32.1°C | Humidity: 88%
 -> Sent Weather | Zone: Kothrud       | Temp: 32.6°C | Humidity: 91%
 -> Sent Weather | Zone: Hadapsar      | Temp: 32.6°C | Humidity: 85%
 -> Sent Weather | Zone: Shivajinagar  | Temp: 32.4°C | Humidity: 89%

--- Emitting Weather Window: 10:20:03 ---
 -> Sent Weather | Zone: Hinjewadi     | Temp: 32.6°C | Humidity: 89%
 -> Sent Weather | Zone: FC Road       | Temp: 31.9°C | Humidity: 88%
 -> Sent Weather | Zone: Kothrud       | Temp: 32.7°C | Humidity: 91%
 -> Sent Weather | Zone: Hadapsar      | Temp: 33.0°C | Humidity: 86%
 -> Sent Weather | Zone: Shivajinagar  | Temp: 32.2°C | Humidity: 89%

--- Emitting Weather Window: 10:20:33 ---
 -> Sent Weather | Zone: Hinjewadi     | Temp: 32.9°C | Humidity: 90%
 -> Sent Weather | Zone: FC Road       | Temp: 32.0°C | Humidity: 88%
 -> Sent Weather | Zone: Kothrud       | Temp: 32.9°C | Humidity: 92%
 -> Sent Weather | Zone: Hadapsar      | Temp: 32.5°C | Humidity: 85%
 -> Sent Weather | Zone: Shivajinagar  | Temp: 32.3°C | Humidity: 89%

--- Emitting Weather Window: 10:20:52 ---
 -> Sent Weather | Zone: Hinjewadi     | Temp: 32.5°C | Humidity: 89%
 -> Sent Weather | Zone: FC Road       | Temp: 32.0°C | Humidity: 88%
 -> Sent Weather | Zone: Kothrud       | Temp: 32.8°C | Humidity: 92%
 -> Sent Weather | Zone: Hadapsar      | Temp: 32.8°C | Humidity: 86%
 -> Sent Weather | Zone: Shivajinagar  | Temp: 32.5°C | Humidity: 89%

--- Emitting Weather Window: 10:21:11 ---
 -> Sent Weather | Zone: Hinjewadi     | Temp: 32.9°C | Humidity: 90%
 -> Sent Weather | Zone: FC Road       | Temp: 32.1°C | Humidity: 88%
 -> Sent Weather | Zone: Kothrud       | Temp: 32.6°C | Humidity: 91%
 -> Sent Weather | Zone: Hadapsar      | Temp: 33.0°C | Humidity: 86%
 -> Sent Weather | Zone: Shivajinagar  | Temp: 32.3°C | Humidity: 89%

--- Emitting Weather Window: 10:21:30 ---
 -> Sent Weather | Zone: Hinjewadi     | Temp: 32.9°C | Humidity: 90%
 -> Sent Weather | Zone: FC Road       | Temp: 31.9°C | Humidity: 88%
 -> Sent Weather | Zone: Kothrud       | Temp: 32.7°C | Humidity: 91%
 -> Sent Weather | Zone: Hadapsar      | Temp: 32.5°C | Humidity: 85%
 -> Sent Weather | Zone: Shivajinagar  | Temp: 32.1°C | Humidity: 88%

--- Emitting Weather Window: 10:21:48 ---
 -> Sent Weather | Zone: Hinjewadi     | Temp: 33.0°C | Humidity: 90%
 -> Sent Weather | Zone: FC Road       | Temp: 32.0°C | Humidity: 88%
 -> Sent Weather | Zone: Kothrud       | Temp: 32.5°C | Humidity: 91%
 -> Sent Weather | Zone: Hadapsar      | Temp: 32.6°C | Humidity: 85%
 -> Sent Weather | Zone: Shivajinagar  | Temp: 32.1°C | Humidity: 88%

--- Emitting Weather Window: 10:22:07 ---
 -> Sent Weather | Zone: Hinjewadi     | Temp: 32.9°C | Humidity: 90%
 -> Sent Weather | Zone: FC Road       | Temp: 32.2°C | Humidity: 88%
 -> Sent Weather | Zone: Kothrud       | Temp: 32.4°C | Humidity: 91%
 -> Sent Weather | Zone: Hadapsar      | Temp: 32.6°C | Humidity: 85%
 -> Sent Weather | Zone: Shivajinagar  | Temp: 32.2°C | Humidity: 89%

--- Emitting Weather Window: 10:22:26 ---
 -> Sent Weather | Zone: Hinjewadi     | Temp: 32.8°C | Humidity: 90%
 -> Sent Weather | Zone: FC Road       | Temp: 32.3°C | Humidity: 89%
 -> Sent Weather | Zone: Kothrud       | Temp: 33.0°C | Humidity: 92%
 -> Sent Weather | Zone: Hadapsar      | Temp: 33.0°C | Humidity: 86%
 -> Sent Weather | Zone: Shivajinagar  | Temp: 32.5°C | Humidity: 89%

--- Emitting Weather Window: 10:22:45 ---
 -> Sent Weather | Zone: Hinjewadi     | Temp: 32.8°C | Humidity: 90%
 -> Sent Weather | Zone: FC Road       | Temp: 32.2°C | Humidity: 88%
 -> Sent Weather | Zone: Kothrud       | Temp: 33.0°C | Humidity: 92%
 -> Sent Weather | Zone: Hadapsar      | Temp: 32.9°C | Humidity: 86%
 -> Sent Weather | Zone: Shivajinagar  | Temp: 32.1°C | Humidity: 88%

--- Emitting Weather Window: 10:23:04 ---
 -> Sent Weather | Zone: Hinjewadi     | Temp: 32.5°C | Humidity: 89%
 -> Sent Weather | Zone: FC Road       | Temp: 32.4°C | Humidity: 89%
 -> Sent Weather | Zone: Kothrud       | Temp: 32.5°C | Humidity: 91%
 -> Sent Weather | Zone: Hadapsar      | Temp: 32.4°C | Humidity: 85%
 -> Sent Weather | Zone: Shivajinagar  | Temp: 32.4°C | Humidity: 89%

--- Emitting Weather Window: 11:01:40 ---
⚠️ API Fetch error: HTTPSConnectionPool(host='api.open-meteo.com', port=443): Max retries exceeded with url: /v1/forecast?latitude=18.5912&longitude=73.7389&current_weather=True&hourly=relativehumidity_2m%2Cprecipitation%2Csurface_pressure (Caused by ConnectTimeoutError(<urllib3.connection.HTTPSConnection object at 0x7374bf7be180>, 'Connection to api.open-meteo.com timed out. (connect timeout=10)'))
 -> Sent Weather | Zone: Hinjewadi     | Temp: 31.9°C | Humidity: 59%
 -> Sent Weather | Zone: FC Road       | Temp: 34.0°C | Humidity: 89%
 -> Sent Weather | Zone: Kothrud       | Temp: 34.4°C | Humidity: 92%
 -> Sent Weather | Zone: Hadapsar      | Temp: 34.6°C | Humidity: 86%
 -> Sent Weather | Zone: Shivajinagar  | Temp: 34.1°C | Humidity: 89%

--- Emitting Weather Window: 11:02:17 ---
 -> Sent Weather | Zone: Hinjewadi     | Temp: 34.3°C | Humidity: 90%
 -> Sent Weather | Zone: FC Road       | Temp: 33.9°C | Humidity: 89%
 -> Sent Weather | Zone: Kothrud       | Temp: 34.1°C | Humidity: 91%
 -> Sent Weather | Zone: Hadapsar      | Temp: 34.4°C | Humidity: 86%
 -> Sent Weather | Zone: Shivajinagar  | Temp: 33.6°C | Humidity: 88%

--- Emitting Weather Window: 11:02:37 ---
 -> Sent Weather | Zone: Hinjewadi     | Temp: 34.3°C | Humidity: 90%
 -> Sent Weather | Zone: FC Road       | Temp: 33.6°C | Humidity: 88%
 -> Sent Weather | Zone: Kothrud       | Temp: 34.4°C | Humidity: 92%
 -> Sent Weather | Zone: Hadapsar      | Temp: 34.3°C | Humidity: 86%
 -> Sent Weather | Zone: Shivajinagar  | Temp: 33.5°C | Humidity: 88%

--- Emitting Weather Window: 11:02:55 ---
 -> Sent Weather | Zone: Hinjewadi     | Temp: 34.3°C | Humidity: 90%
 -> Sent Weather | Zone: FC Road       | Temp: 34.1°C | Humidity: 89%
 -> Sent Weather | Zone: Kothrud       | Temp: 33.9°C | Humidity: 91%
 -> Sent Weather | Zone: Hadapsar      | Temp: 34.2°C | Humidity: 85%
 -> Sent Weather | Zone: Shivajinagar  | Temp: 33.8°C | Humidity: 89%

--- Emitting Weather Window: 11:03:15 ---
 -> Sent Weather | Zone: Hinjewadi     | Temp: 34.3°C | Humidity: 90%
 -> Sent Weather | Zone: FC Road       | Temp: 33.9°C | Humidity: 89%
 -> Sent Weather | Zone: Kothrud       | Temp: 34.3°C | Humidity: 92%
 -> Sent Weather | Zone: Hadapsar      | Temp: 34.3°C | Humidity: 85%
 -> Sent Weather | Zone: Shivajinagar  | Temp: 33.5°C | Humidity: 88%

--- Emitting Weather Window: 11:03:33 ---
⚠️ API Fetch error: HTTPSConnectionPool(host='api.open-meteo.com', port=443): Read timed out. (read timeout=10)
 -> Sent Weather | Zone: Hinjewadi     | Temp: 31.9°C | Humidity: 59%
⚠️ API Fetch error: HTTPSConnectionPool(host='api.open-meteo.com', port=443): Max retries exceeded with url: /v1/forecast?latitude=18.5236&longitude=73.8478&current_weather=True&hourly=relativehumidity_2m%2Cprecipitation%2Csurface_pressure (Caused by ConnectTimeoutError(<urllib3.connection.HTTPSConnection object at 0x7374bf7bd3a0>, 'Connection to api.open-meteo.com timed out. (connect timeout=10)'))
 -> Sent Weather | Zone: FC Road       | Temp: 32.2°C | Humidity: 60%
⚠️ API Fetch error: HTTPSConnectionPool(host='api.open-meteo.com', port=443): Max retries exceeded with url: /v1/forecast?latitude=18.5074&longitude=73.8077&current_weather=True&hourly=relativehumidity_2m%2Cprecipitation%2Csurface_pressure (Caused by ConnectTimeoutError(<urllib3.connection.HTTPSConnection object at 0x7374bf7bcd40>, 'Connection to api.open-meteo.com timed out. (connect timeout=10)'))
 -> Sent Weather | Zone: Kothrud       | Temp: 32.3°C | Humidity: 60%
⚠️ API Fetch error: HTTPSConnectionPool(host='api.open-meteo.com', port=443): Max retries exceeded with url: /v1/forecast?latitude=18.5089&longitude=73.926&current_weather=True&hourly=relativehumidity_2m%2Cprecipitation%2Csurface_pressure (Caused by NameResolutionError("<urllib3.connection.HTTPSConnection object at 0x7374bfcf54f0>: Failed to resolve 'api.open-meteo.com' ([Errno -2] Name or service not known)"))
 -> Sent Weather | Zone: Hadapsar      | Temp: 32.3°C | Humidity: 60%
 -> Sent Weather | Zone: Shivajinagar  | Temp: 33.6°C | Humidity: 88%

--- Emitting Weather Window: 11:05:07 ---
 -> Sent Weather | Zone: Hinjewadi     | Temp: 34.1°C | Humidity: 90%
 -> Sent Weather | Zone: FC Road       | Temp: 34.1°C | Humidity: 89%
 -> Sent Weather | Zone: Kothrud       | Temp: 34.1°C | Humidity: 91%
 -> Sent Weather | Zone: Hadapsar      | Temp: 34.4°C | Humidity: 86%
 -> Sent Weather | Zone: Shivajinagar  | Temp: 33.6°C | Humidity: 88%

--- Emitting Weather Window: 11:05:26 ---
 -> Sent Weather | Zone: Hinjewadi     | Temp: 34.3°C | Humidity: 90%
 -> Sent Weather | Zone: FC Road       | Temp: 33.6°C | Humidity: 88%
 -> Sent Weather | Zone: Kothrud       | Temp: 33.9°C | Humidity: 91%
 -> Sent Weather | Zone: Hadapsar      | Temp: 34.3°C | Humidity: 86%
 -> Sent Weather | Zone: Shivajinagar  | Temp: 33.7°C | Humidity: 88%

--- Emitting Weather Window: 11:05:47 ---
 -> Sent Weather | Zone: Hinjewadi     | Temp: 34.3°C | Humidity: 90%
 -> Sent Weather | Zone: FC Road       | Temp: 34.1°C | Humidity: 89%
 -> Sent Weather | Zone: Kothrud       | Temp: 33.9°C | Humidity: 91%
 -> Sent Weather | Zone: Hadapsar      | Temp: 34.3°C | Humidity: 86%
 -> Sent Weather | Zone: Shivajinagar  | Temp: 33.8°C | Humidity: 88%

--- Emitting Weather Window: 11:06:06 ---
 -> Sent Weather | Zone: Hinjewadi     | Temp: 34.0°C | Humidity: 89%
 -> Sent Weather | Zone: FC Road       | Temp: 34.1°C | Humidity: 89%
 -> Sent Weather | Zone: Kothrud       | Temp: 34.5°C | Humidity: 92%
 -> Sent Weather | Zone: Hadapsar      | Temp: 34.5°C | Humidity: 86%
 -> Sent Weather | Zone: Shivajinagar  | Temp: 34.1°C | Humidity: 89%

--- Emitting Weather Window: 11:06:27 ---
 -> Sent Weather | Zone: Hinjewadi     | Temp: 34.1°C | Humidity: 89%
 -> Sent Weather | Zone: FC Road       | Temp: 33.6°C | Humidity: 88%
 -> Sent Weather | Zone: Kothrud       | Temp: 34.5°C | Humidity: 92%
 -> Sent Weather | Zone: Hadapsar      | Temp: 34.3°C | Humidity: 86%
 -> Sent Weather | Zone: Shivajinagar  | Temp: 33.9°C | Humidity: 89%

--- Emitting Weather Window: 11:06:50 ---
 -> Sent Weather | Zone: Hinjewadi     | Temp: 34.0°C | Humidity: 89%
 -> Sent Weather | Zone: FC Road       | Temp: 34.1°C | Humidity: 89%
 -> Sent Weather | Zone: Kothrud       | Temp: 34.4°C | Humidity: 92%
 -> Sent Weather | Zone: Hadapsar      | Temp: 34.1°C | Humidity: 85%
 -> Sent Weather | Zone: Shivajinagar  | Temp: 34.1°C | Humidity: 89%

--- Emitting Weather Window: 11:07:12 ---
 -> Sent Weather | Zone: Hinjewadi     | Temp: 33.9°C | Humidity: 89%
 -> Sent Weather | Zone: FC Road       | Temp: 33.7°C | Humidity: 88%
 -> Sent Weather | Zone: Kothrud       | Temp: 34.4°C | Humidity: 92%
 -> Sent Weather | Zone: Hadapsar      | Temp: 34.3°C | Humidity: 85%
 -> Sent Weather | Zone: Shivajinagar  | Temp: 33.8°C | Humidity: 88%

--- Emitting Weather Window: 11:07:36 ---
 -> Sent Weather | Zone: Hinjewadi     | Temp: 33.9°C | Humidity: 89%
 -> Sent Weather | Zone: FC Road       | Temp: 33.6°C | Humidity: 88%
 -> Sent Weather | Zone: Kothrud       | Temp: 34.2°C | Humidity: 92%
 -> Sent Weather | Zone: Hadapsar      | Temp: 34.5°C | Humidity: 86%
 -> Sent Weather | Zone: Shivajinagar  | Temp: 34.1°C | Humidity: 89%

--- Emitting Weather Window: 11:08:02 ---
 -> Sent Weather | Zone: Hinjewadi     | Temp: 34.4°C | Humidity: 90%
 -> Sent Weather | Zone: FC Road       | Temp: 33.6°C | Humidity: 88%
 -> Sent Weather | Zone: Kothrud       | Temp: 34.0°C | Humidity: 91%
 -> Sent Weather | Zone: Hadapsar      | Temp: 34.1°C | Humidity: 85%
 -> Sent Weather | Zone: Shivajinagar  | Temp: 33.9°C | Humidity: 89%

--- Emitting Weather Window: 11:08:25 ---
 -> Sent Weather | Zone: Hinjewadi     | Temp: 34.3°C | Humidity: 90%
 -> Sent Weather | Zone: FC Road       | Temp: 33.5°C | Humidity: 88%
 -> Sent Weather | Zone: Kothrud       | Temp: 34.5°C | Humidity: 92%
 -> Sent Weather | Zone: Hadapsar      | Temp: 34.5°C | Humidity: 86%
 -> Sent Weather | Zone: Shivajinagar  | Temp: 34.1°C | Humidity: 89%

--- Emitting Weather Window: 11:08:47 ---
 -> Sent Weather | Zone: Hinjewadi     | Temp: 33.9°C | Humidity: 89%
 -> Sent Weather | Zone: FC Road       | Temp: 34.1°C | Humidity: 89%
 -> Sent Weather | Zone: Kothrud       | Temp: 34.3°C | Humidity: 92%
 -> Sent Weather | Zone: Hadapsar      | Temp: 34.3°C | Humidity: 85%
 -> Sent Weather | Zone: Shivajinagar  | Temp: 33.9°C | Humidity: 89%

--- Emitting Weather Window: 11:09:08 ---
 -> Sent Weather | Zone: Hinjewadi     | Temp: 33.8°C | Humidity: 89%
 -> Sent Weather | Zone: FC Road       | Temp: 33.7°C | Humidity: 88%
 -> Sent Weather | Zone: Kothrud       | Temp: 33.9°C | Humidity: 91%
 -> Sent Weather | Zone: Hadapsar      | Temp: 34.1°C | Humidity: 85%
 -> Sent Weather | Zone: Shivajinagar  | Temp: 34.1°C | Humidity: 89%

--- Emitting Weather Window: 11:09:30 ---
 -> Sent Weather | Zone: Hinjewadi     | Temp: 33.8°C | Humidity: 89%
 -> Sent Weather | Zone: FC Road       | Temp: 33.8°C | Humidity: 89%
 -> Sent Weather | Zone: Kothrud       | Temp: 34.0°C | Humidity: 91%
 -> Sent Weather | Zone: Hadapsar      | Temp: 34.6°C | Humidity: 86%
 -> Sent Weather | Zone: Shivajinagar  | Temp: 34.0°C | Humidity: 89%

--- Emitting Weather Window: 11:09:50 ---
 -> Sent Weather | Zone: Hinjewadi     | Temp: 34.3°C | Humidity: 90%
 -> Sent Weather | Zone: FC Road       | Temp: 33.7°C | Humidity: 88%
 -> Sent Weather | Zone: Kothrud       | Temp: 34.5°C | Humidity: 92%
 -> Sent Weather | Zone: Hadapsar      | Temp: 34.5°C | Humidity: 86%
 -> Sent Weather | Zone: Shivajinagar  | Temp: 33.7°C | Humidity: 88%

--- Emitting Weather Window: 11:10:10 ---
 -> Sent Weather | Zone: Hinjewadi     | Temp: 34.2°C | Humidity: 90%
 -> Sent Weather | Zone: FC Road       | Temp: 33.8°C | Humidity: 88%
 -> Sent Weather | Zone: Kothrud       | Temp: 34.4°C | Humidity: 92%
 -> Sent Weather | Zone: Hadapsar      | Temp: 34.0°C | Humidity: 85%
 -> Sent Weather | Zone: Shivajinagar  | Temp: 34.0°C | Humidity: 89%

--- Emitting Weather Window: 11:10:36 ---
 -> Sent Weather | Zone: Hinjewadi     | Temp: 34.2°C | Humidity: 90%
 -> Sent Weather | Zone: FC Road       | Temp: 33.5°C | Humidity: 88%
 -> Sent Weather | Zone: Kothrud       | Temp: 34.3°C | Humidity: 92%
 -> Sent Weather | Zone: Hadapsar      | Temp: 34.4°C | Humidity: 86%
 -> Sent Weather | Zone: Shivajinagar  | Temp: 34.0°C | Humidity: 89%

--- Emitting Weather Window: 11:10:55 ---
 -> Sent Weather | Zone: Hinjewadi     | Temp: 34.1°C | Humidity: 89%
 -> Sent Weather | Zone: FC Road       | Temp: 34.0°C | Humidity: 89%
 -> Sent Weather | Zone: Kothrud       | Temp: 34.1°C | Humidity: 91%
 -> Sent Weather | Zone: Hadapsar      | Temp: 34.1°C | Humidity: 85%
 -> Sent Weather | Zone: Shivajinagar  | Temp: 34.1°C | Humidity: 89%

--- Emitting Weather Window: 11:11:15 ---
 -> Sent Weather | Zone: Hinjewadi     | Temp: 34.3°C | Humidity: 90%
 -> Sent Weather | Zone: FC Road       | Temp: 33.5°C | Humidity: 88%
 -> Sent Weather | Zone: Kothrud       | Temp: 34.5°C | Humidity: 92%
 -> Sent Weather | Zone: Hadapsar      | Temp: 34.4°C | Humidity: 86%
 -> Sent Weather | Zone: Shivajinagar  | Temp: 33.6°C | Humidity: 88%

--- Emitting Weather Window: 11:11:34 ---
 -> Sent Weather | Zone: Hinjewadi     | Temp: 34.2°C | Humidity: 90%
 -> Sent Weather | Zone: FC Road       | Temp: 33.6°C | Humidity: 88%
 -> Sent Weather | Zone: Kothrud       | Temp: 34.5°C | Humidity: 92%
 -> Sent Weather | Zone: Hadapsar      | Temp: 34.0°C | Humidity: 85%
 -> Sent Weather | Zone: Shivajinagar  | Temp: 33.8°C | Humidity: 88%

--- Emitting Weather Window: 11:11:53 ---
 -> Sent Weather | Zone: Hinjewadi     | Temp: 34.2°C | Humidity: 90%
 -> Sent Weather | Zone: FC Road       | Temp: 34.0°C | Humidity: 89%
 -> Sent Weather | Zone: Kothrud       | Temp: 34.4°C | Humidity: 92%
 -> Sent Weather | Zone: Hadapsar      | Temp: 34.0°C | Humidity: 85%
 -> Sent Weather | Zone: Shivajinagar  | Temp: 34.1°C | Humidity: 89%

--- Emitting Weather Window: 11:12:13 ---
 -> Sent Weather | Zone: Hinjewadi     | Temp: 34.3°C | Humidity: 90%
 -> Sent Weather | Zone: FC Road       | Temp: 34.0°C | Humidity: 89%
 -> Sent Weather | Zone: Kothrud       | Temp: 33.9°C | Humidity: 91%
 -> Sent Weather | Zone: Hadapsar      | Temp: 34.4°C | Humidity: 86%
 -> Sent Weather | Zone: Shivajinagar  | Temp: 33.5°C | Humidity: 88%

--- Emitting Weather Window: 11:12:32 ---
 -> Sent Weather | Zone: Hinjewadi     | Temp: 33.9°C | Humidity: 89%
 -> Sent Weather | Zone: FC Road       | Temp: 33.8°C | Humidity: 88%
 -> Sent Weather | Zone: Kothrud       | Temp: 34.0°C | Humidity: 91%
 -> Sent Weather | Zone: Hadapsar      | Temp: 34.2°C | Humidity: 85%
 -> Sent Weather | Zone: Shivajinagar  | Temp: 33.6°C | Humidity: 88%

--- Emitting Weather Window: 11:12:52 ---
 -> Sent Weather | Zone: Hinjewadi     | Temp: 34.1°C | Humidity: 89%
 -> Sent Weather | Zone: FC Road       | Temp: 33.9°C | Humidity: 89%
 -> Sent Weather | Zone: Kothrud       | Temp: 34.4°C | Humidity: 92%
 -> Sent Weather | Zone: Hadapsar      | Temp: 34.2°C | Humidity: 85%
 -> Sent Weather | Zone: Shivajinagar  | Temp: 33.6°C | Humidity: 88%

--- Emitting Weather Window: 11:13:11 ---
 -> Sent Weather | Zone: Hinjewadi     | Temp: 33.8°C | Humidity: 89%
 -> Sent Weather | Zone: FC Road       | Temp: 34.1°C | Humidity: 89%
 -> Sent Weather | Zone: Kothrud       | Temp: 34.5°C | Humidity: 92%
 -> Sent Weather | Zone: Hadapsar      | Temp: 34.2°C | Humidity: 85%
 -> Sent Weather | Zone: Shivajinagar  | Temp: 34.1°C | Humidity: 89%

--- Emitting Weather Window: 11:13:31 ---
 -> Sent Weather | Zone: Hinjewadi     | Temp: 34.3°C | Humidity: 90%
 -> Sent Weather | Zone: FC Road       | Temp: 33.7°C | Humidity: 88%
⚠️ API Fetch error: HTTPSConnectionPool(host='api.open-meteo.com', port=443): Read timed out. (read timeout=10)
 -> Sent Weather | Zone: Kothrud       | Temp: 32.1°C | Humidity: 60%
 -> Sent Weather | Zone: Hadapsar      | Temp: 34.0°C | Humidity: 85%
 -> Sent Weather | Zone: Shivajinagar  | Temp: 33.5°C | Humidity: 88%

--- Emitting Weather Window: 11:14:00 ---
 -> Sent Weather | Zone: Hinjewadi     | Temp: 34.0°C | Humidity: 89%
 -> Sent Weather | Zone: FC Road       | Temp: 33.8°C | Humidity: 89%
 -> Sent Weather | Zone: Kothrud       | Temp: 34.1°C | Humidity: 91%
 -> Sent Weather | Zone: Hadapsar      | Temp: 34.0°C | Humidity: 85%
 -> Sent Weather | Zone: Shivajinagar  | Temp: 33.6°C | Humidity: 88%

--- Emitting Weather Window: 11:14:20 ---
⚠️ API Fetch error: HTTPSConnectionPool(host='api.open-meteo.com', port=443): Read timed out. (read timeout=10)
 -> Sent Weather | Zone: Hinjewadi     | Temp: 31.9°C | Humidity: 59%
 -> Sent Weather | Zone: FC Road       | Temp: 33.6°C | Humidity: 88%
 -> Sent Weather | Zone: Kothrud       | Temp: 34.1°C | Humidity: 91%
 -> Sent Weather | Zone: Hadapsar      | Temp: 34.1°C | Humidity: 85%
 -> Sent Weather | Zone: Shivajinagar  | Temp: 33.5°C | Humidity: 88%

--- Emitting Weather Window: 11:14:49 ---
 -> Sent Weather | Zone: Hinjewadi     | Temp: 34.4°C | Humidity: 90%
 -> Sent Weather | Zone: FC Road       | Temp: 33.9°C | Humidity: 89%
 -> Sent Weather | Zone: Kothrud       | Temp: 34.0°C | Humidity: 91%
 -> Sent Weather | Zone: Hadapsar      | Temp: 34.2°C | Humidity: 85%
 -> Sent Weather | Zone: Shivajinagar  | Temp: 33.7°C | Humidity: 88%

--- Emitting Weather Window: 11:15:08 ---
 -> Sent Weather | Zone: Hinjewadi     | Temp: 34.4°C | Humidity: 89%
 -> Sent Weather | Zone: FC Road       | Temp: 34.3°C | Humidity: 89%
 -> Sent Weather | Zone: Kothrud       | Temp: 34.2°C | Humidity: 91%
 -> Sent Weather | Zone: Hadapsar      | Temp: 34.7°C | Humidity: 85%
 -> Sent Weather | Zone: Shivajinagar  | Temp: 34.0°C | Humidity: 88%

--- Emitting Weather Window: 11:15:27 ---
 -> Sent Weather | Zone: Hinjewadi     | Temp: 34.7°C | Humidity: 90%
 -> Sent Weather | Zone: FC Road       | Temp: 34.3°C | Humidity: 89%
 -> Sent Weather | Zone: Kothrud       | Temp: 34.3°C | Humidity: 91%
 -> Sent Weather | Zone: Hadapsar      | Temp: 35.1°C | Humidity: 86%
 -> Sent Weather | Zone: Shivajinagar  | Temp: 34.5°C | Humidity: 89%

--- Emitting Weather Window: 11:15:47 ---
 -> Sent Weather | Zone: Hinjewadi     | Temp: 34.7°C | Humidity: 90%
 -> Sent Weather | Zone: FC Road       | Temp: 34.5°C | Humidity: 89%
 -> Sent Weather | Zone: Kothrud       | Temp: 34.4°C | Humidity: 91%
 -> Sent Weather | Zone: Hadapsar      | Temp: 34.7°C | Humidity: 85%
 -> Sent Weather | Zone: Shivajinagar  | Temp: 34.4°C | Humidity: 89%

--- Emitting Weather Window: 11:16:06 ---
 -> Sent Weather | Zone: Hinjewadi     | Temp: 34.5°C | Humidity: 89%
 -> Sent Weather | Zone: FC Road       | Temp: 34.6°C | Humidity: 89%
 -> Sent Weather | Zone: Kothrud       | Temp: 34.3°C | Humidity: 91%
 -> Sent Weather | Zone: Hadapsar      | Temp: 34.9°C | Humidity: 86%
 -> Sent Weather | Zone: Shivajinagar  | Temp: 34.6°C | Humidity: 89%

--- Emitting Weather Window: 11:16:25 ---
 -> Sent Weather | Zone: Hinjewadi     | Temp: 34.3°C | Humidity: 89%
 -> Sent Weather | Zone: FC Road       | Temp: 34.5°C | Humidity: 89%
 -> Sent Weather | Zone: Kothrud       | Temp: 34.5°C | Humidity: 92%
 -> Sent Weather | Zone: Hadapsar      | Temp: 34.9°C | Humidity: 86%
 -> Sent Weather | Zone: Shivajinagar  | Temp: 34.2°C | Humidity: 88%

--- Emitting Weather Window: 11:16:44 ---
 -> Sent Weather | Zone: Hinjewadi     | Temp: 34.8°C | Humidity: 90%
 -> Sent Weather | Zone: FC Road       | Temp: 34.5°C | Humidity: 89%
 -> Sent Weather | Zone: Kothrud       | Temp: 34.8°C | Humidity: 92%
 -> Sent Weather | Zone: Hadapsar      | Temp: 34.6°C | Humidity: 85%
 -> Sent Weather | Zone: Shivajinagar  | Temp: 34.6°C | Humidity: 89%

--- Emitting Weather Window: 11:17:03 ---
 -> Sent Weather | Zone: Hinjewadi     | Temp: 34.6°C | Humidity: 90%
 -> Sent Weather | Zone: FC Road       | Temp: 34.0°C | Humidity: 88%
 -> Sent Weather | Zone: Kothrud       | Temp: 34.6°C | Humidity: 92%
 -> Sent Weather | Zone: Hadapsar      | Temp: 34.6°C | Humidity: 85%
 -> Sent Weather | Zone: Shivajinagar  | Temp: 34.4°C | Humidity: 89%

--- Emitting Weather Window: 11:17:23 ---
 -> Sent Weather | Zone: Hinjewadi     | Temp: 34.7°C | Humidity: 90%
 -> Sent Weather | Zone: FC Road       | Temp: 34.5°C | Humidity: 89%
 -> Sent Weather | Zone: Kothrud       | Temp: 34.7°C | Humidity: 92%
 -> Sent Weather | Zone: Hadapsar      | Temp: 35.0°C | Humidity: 86%
 -> Sent Weather | Zone: Shivajinagar  | Temp: 34.3°C | Humidity: 89%

--- Emitting Weather Window: 11:17:42 ---
 -> Sent Weather | Zone: Hinjewadi     | Temp: 34.2°C | Humidity: 89%
 -> Sent Weather | Zone: FC Road       | Temp: 34.4°C | Humidity: 89%
 -> Sent Weather | Zone: Kothrud       | Temp: 34.8°C | Humidity: 92%
 -> Sent Weather | Zone: Hadapsar      | Temp: 35.0°C | Humidity: 86%
 -> Sent Weather | Zone: Shivajinagar  | Temp: 34.2°C | Humidity: 88%

--- Emitting Weather Window: 11:18:01 ---
 -> Sent Weather | Zone: Hinjewadi     | Temp: 34.5°C | Humidity: 90%
 -> Sent Weather | Zone: FC Road       | Temp: 34.5°C | Humidity: 89%
 -> Sent Weather | Zone: Kothrud       | Temp: 34.5°C | Humidity: 91%
 -> Sent Weather | Zone: Hadapsar      | Temp: 34.7°C | Humidity: 85%
 -> Sent Weather | Zone: Shivajinagar  | Temp: 34.2°C | Humidity: 88%

--- Emitting Weather Window: 11:18:20 ---
 -> Sent Weather | Zone: Hinjewadi     | Temp: 34.3°C | Humidity: 89%
 -> Sent Weather | Zone: FC Road       | Temp: 34.6°C | Humidity: 89%
 -> Sent Weather | Zone: Kothrud       | Temp: 34.7°C | Humidity: 92%
 -> Sent Weather | Zone: Hadapsar      | Temp: 34.7°C | Humidity: 85%
 -> Sent Weather | Zone: Shivajinagar  | Temp: 34.3°C | Humidity: 89%

--- Emitting Weather Window: 11:18:42 ---
 -> Sent Weather | Zone: Hinjewadi     | Temp: 34.5°C | Humidity: 89%
 -> Sent Weather | Zone: FC Road       | Temp: 34.3°C | Humidity: 89%
 -> Sent Weather | Zone: Kothrud       | Temp: 34.2°C | Humidity: 91%
 -> Sent Weather | Zone: Hadapsar      | Temp: 34.6°C | Humidity: 85%
 -> Sent Weather | Zone: Shivajinagar  | Temp: 34.1°C | Humidity: 88%

--- Emitting Weather Window: 11:19:01 ---
 -> Sent Weather | Zone: Hinjewadi     | Temp: 34.7°C | Humidity: 90%
 -> Sent Weather | Zone: FC Road       | Temp: 34.2°C | Humidity: 88%
 -> Sent Weather | Zone: Kothrud       | Temp: 34.5°C | Humidity: 91%
 -> Sent Weather | Zone: Hadapsar      | Temp: 35.1°C | Humidity: 86%
 -> Sent Weather | Zone: Shivajinagar  | Temp: 34.1°C | Humidity: 88%

--- Emitting Weather Window: 11:19:21 ---
 -> Sent Weather | Zone: Hinjewadi     | Temp: 34.5°C | Humidity: 89%
 -> Sent Weather | Zone: FC Road       | Temp: 34.6°C | Humidity: 89%
 -> Sent Weather | Zone: Kothrud       | Temp: 34.2°C | Humidity: 91%
 -> Sent Weather | Zone: Hadapsar      | Temp: 35.0°C | Humidity: 86%
 -> Sent Weather | Zone: Shivajinagar  | Temp: 34.2°C | Humidity: 88%

--- Emitting Weather Window: 11:19:40 ---
 -> Sent Weather | Zone: Hinjewadi     | Temp: 34.7°C | Humidity: 90%
 -> Sent Weather | Zone: FC Road       | Temp: 34.5°C | Humidity: 89%
 -> Sent Weather | Zone: Kothrud       | Temp: 34.3°C | Humidity: 91%
 -> Sent Weather | Zone: Hadapsar      | Temp: 34.7°C | Humidity: 85%
 -> Sent Weather | Zone: Shivajinagar  | Temp: 34.2°C | Humidity: 88%

--- Emitting Weather Window: 11:19:59 ---
 -> Sent Weather | Zone: Hinjewadi     | Temp: 34.2°C | Humidity: 89%
 -> Sent Weather | Zone: FC Road       | Temp: 34.0°C | Humidity: 88%
 -> Sent Weather | Zone: Kothrud       | Temp: 34.2°C | Humidity: 91%
 -> Sent Weather | Zone: Hadapsar      | Temp: 34.6°C | Humidity: 85%
 -> Sent Weather | Zone: Shivajinagar  | Temp: 34.3°C | Humidity: 89%

--- Emitting Weather Window: 11:20:34 ---
 -> Sent Weather | Zone: Hinjewadi     | Temp: 34.8°C | Humidity: 90%
 -> Sent Weather | Zone: FC Road       | Temp: 34.6°C | Humidity: 89%
 -> Sent Weather | Zone: Kothrud       | Temp: 34.7°C | Humidity: 92%
 -> Sent Weather | Zone: Hadapsar      | Temp: 34.8°C | Humidity: 85%
 -> Sent Weather | Zone: Shivajinagar  | Temp: 34.5°C | Humidity: 89%

--- Emitting Weather Window: 11:20:54 ---
 -> Sent Weather | Zone: Hinjewadi     | Temp: 34.8°C | Humidity: 90%
 -> Sent Weather | Zone: FC Road       | Temp: 34.3°C | Humidity: 88%
 -> Sent Weather | Zone: Kothrud       | Temp: 34.6°C | Humidity: 92%
 -> Sent Weather | Zone: Hadapsar      | Temp: 34.8°C | Humidity: 86%
 -> Sent Weather | Zone: Shivajinagar  | Temp: 34.2°C | Humidity: 88%

--- Emitting Weather Window: 11:21:14 ---
 -> Sent Weather | Zone: Hinjewadi     | Temp: 34.2°C | Humidity: 89%
 -> Sent Weather | Zone: FC Road       | Temp: 34.3°C | Humidity: 88%
 -> Sent Weather | Zone: Kothrud       | Temp: 34.6°C | Humidity: 92%
 -> Sent Weather | Zone: Hadapsar      | Temp: 34.6°C | Humidity: 85%
 -> Sent Weather | Zone: Shivajinagar  | Temp: 34.4°C | Humidity: 89%

--- Emitting Weather Window: 11:21:33 ---
 -> Sent Weather | Zone: Hinjewadi     | Temp: 34.5°C | Humidity: 89%
 -> Sent Weather | Zone: FC Road       | Temp: 34.4°C | Humidity: 89%
 -> Sent Weather | Zone: Kothrud       | Temp: 34.6°C | Humidity: 92%
 -> Sent Weather | Zone: Hadapsar      | Temp: 34.5°C | Humidity: 85%
 -> Sent Weather | Zone: Shivajinagar  | Temp: 34.0°C | Humidity: 88%

--- Emitting Weather Window: 11:21:52 ---
 -> Sent Weather | Zone: Hinjewadi     | Temp: 34.6°C | Humidity: 90%
 -> Sent Weather | Zone: FC Road       | Temp: 34.4°C | Humidity: 89%
 -> Sent Weather | Zone: Kothrud       | Temp: 34.4°C | Humidity: 91%
 -> Sent Weather | Zone: Hadapsar      | Temp: 34.7°C | Humidity: 85%
 -> Sent Weather | Zone: Shivajinagar  | Temp: 34.2°C | Humidity: 88%

--- Emitting Weather Window: 11:22:12 ---
 -> Sent Weather | Zone: Hinjewadi     | Temp: 34.7°C | Humidity: 90%
 -> Sent Weather | Zone: FC Road       | Temp: 34.4°C | Humidity: 89%
 -> Sent Weather | Zone: Kothrud       | Temp: 34.5°C | Humidity: 91%
 -> Sent Weather | Zone: Hadapsar      | Temp: 35.1°C | Humidity: 86%
 -> Sent Weather | Zone: Shivajinagar  | Temp: 34.1°C | Humidity: 88%

--- Emitting Weather Window: 11:22:33 ---
 -> Sent Weather | Zone: Hinjewadi     | Temp: 34.6°C | Humidity: 90%
 -> Sent Weather | Zone: FC Road       | Temp: 34.5°C | Humidity: 89%
 -> Sent Weather | Zone: Kothrud       | Temp: 34.4°C | Humidity: 91%
 -> Sent Weather | Zone: Hadapsar      | Temp: 34.5°C | Humidity: 85%
 -> Sent Weather | Zone: Shivajinagar  | Temp: 34.5°C | Humidity: 89%

--- Emitting Weather Window: 11:22:52 ---
 -> Sent Weather | Zone: Hinjewadi     | Temp: 34.4°C | Humidity: 89%
 -> Sent Weather | Zone: FC Road       | Temp: 34.4°C | Humidity: 89%
 -> Sent Weather | Zone: Kothrud       | Temp: 34.2°C | Humidity: 91%
 -> Sent Weather | Zone: Hadapsar      | Temp: 34.9°C | Humidity: 86%
 -> Sent Weather | Zone: Shivajinagar  | Temp: 34.1°C | Humidity: 88%

--- Emitting Weather Window: 11:23:12 ---
 -> Sent Weather | Zone: Hinjewadi     | Temp: 34.7°C | Humidity: 90%
 -> Sent Weather | Zone: FC Road       | Temp: 34.3°C | Humidity: 89%
 -> Sent Weather | Zone: Kothrud       | Temp: 34.7°C | Humidity: 92%
 -> Sent Weather | Zone: Hadapsar      | Temp: 34.8°C | Humidity: 85%
 -> Sent Weather | Zone: Shivajinagar  | Temp: 34.4°C | Humidity: 89%

--- Emitting Weather Window: 11:23:31 ---
 -> Sent Weather | Zone: Hinjewadi     | Temp: 34.5°C | Humidity: 89%
⚠️ API Fetch error: HTTPSConnectionPool(host='api.open-meteo.com', port=443): Read timed out. (read timeout=10)
 -> Sent Weather | Zone: FC Road       | Temp: 31.9°C | Humidity: 59%
 -> Sent Weather | Zone: Kothrud       | Temp: 34.4°C | Humidity: 91%
 -> Sent Weather | Zone: Hadapsar      | Temp: 35.0°C | Humidity: 86%
 -> Sent Weather | Zone: Shivajinagar  | Temp: 34.6°C | Humidity: 89%

--- Emitting Weather Window: 11:24:00 ---
 -> Sent Weather | Zone: Hinjewadi     | Temp: 34.6°C | Humidity: 90%
 -> Sent Weather | Zone: FC Road       | Temp: 34.0°C | Humidity: 88%
 -> Sent Weather | Zone: Kothrud       | Temp: 34.3°C | Humidity: 91%
 -> Sent Weather | Zone: Hadapsar      | Temp: 35.1°C | Humidity: 86%
 -> Sent Weather | Zone: Shivajinagar  | Temp: 34.2°C | Humidity: 88%

--- Emitting Weather Window: 11:24:20 ---
 -> Sent Weather | Zone: Hinjewadi     | Temp: 34.3°C | Humidity: 89%
 -> Sent Weather | Zone: FC Road       | Temp: 34.3°C | Humidity: 89%
 -> Sent Weather | Zone: Kothrud       | Temp: 34.6°C | Humidity: 92%
 -> Sent Weather | Zone: Hadapsar      | Temp: 34.7°C | Humidity: 85%
 -> Sent Weather | Zone: Shivajinagar  | Temp: 34.6°C | Humidity: 89%

--- Emitting Weather Window: 11:24:41 ---
 -> Sent Weather | Zone: Hinjewadi     | Temp: 34.2°C | Humidity: 89%
 -> Sent Weather | Zone: FC Road       | Temp: 34.4°C | Humidity: 89%
 -> Sent Weather | Zone: Kothrud       | Temp: 34.4°C | Humidity: 91%
 -> Sent Weather | Zone: Hadapsar      | Temp: 35.0°C | Humidity: 86%
 -> Sent Weather | Zone: Shivajinagar  | Temp: 34.2°C | Humidity: 88%

--- Emitting Weather Window: 11:25:01 ---
 -> Sent Weather | Zone: Hinjewadi     | Temp: 34.5°C | Humidity: 89%
 -> Sent Weather | Zone: FC Road       | Temp: 34.1°C | Humidity: 88%
 -> Sent Weather | Zone: Kothrud       | Temp: 34.6°C | Humidity: 92%
 -> Sent Weather | Zone: Hadapsar      | Temp: 34.8°C | Humidity: 85%
 -> Sent Weather | Zone: Shivajinagar  | Temp: 34.1°C | Humidity: 88%

--- Emitting Weather Window: 11:25:20 ---
 -> Sent Weather | Zone: Hinjewadi     | Temp: 34.5°C | Humidity: 90%
 -> Sent Weather | Zone: FC Road       | Temp: 34.2°C | Humidity: 88%
 -> Sent Weather | Zone: Kothrud       | Temp: 34.4°C | Humidity: 91%
 -> Sent Weather | Zone: Hadapsar      | Temp: 34.7°C | Humidity: 85%
 -> Sent Weather | Zone: Shivajinagar  | Temp: 34.0°C | Humidity: 88%

--- Emitting Weather Window: 11:25:40 ---
 -> Sent Weather | Zone: Hinjewadi     | Temp: 34.7°C | Humidity: 90%
 -> Sent Weather | Zone: FC Road       | Temp: 34.6°C | Humidity: 89%
 -> Sent Weather | Zone: Kothrud       | Temp: 34.8°C | Humidity: 92%
 -> Sent Weather | Zone: Hadapsar      | Temp: 34.7°C | Humidity: 85%
 -> Sent Weather | Zone: Shivajinagar  | Temp: 34.3°C | Humidity: 89%

--- Emitting Weather Window: 11:25:59 ---
 -> Sent Weather | Zone: Hinjewadi     | Temp: 34.6°C | Humidity: 90%
 -> Sent Weather | Zone: FC Road       | Temp: 34.3°C | Humidity: 88%
 -> Sent Weather | Zone: Kothrud       | Temp: 34.7°C | Humidity: 92%
 -> Sent Weather | Zone: Hadapsar      | Temp: 34.5°C | Humidity: 85%
 -> Sent Weather | Zone: Shivajinagar  | Temp: 34.1°C | Humidity: 88%

--- Emitting Weather Window: 11:26:19 ---
 -> Sent Weather | Zone: Hinjewadi     | Temp: 34.8°C | Humidity: 90%
 -> Sent Weather | Zone: FC Road       | Temp: 34.4°C | Humidity: 89%
 -> Sent Weather | Zone: Kothrud       | Temp: 34.3°C | Humidity: 91%
 -> Sent Weather | Zone: Hadapsar      | Temp: 34.9°C | Humidity: 86%
 -> Sent Weather | Zone: Shivajinagar  | Temp: 34.6°C | Humidity: 89%

--- Emitting Weather Window: 11:26:38 ---
 -> Sent Weather | Zone: Hinjewadi     | Temp: 34.7°C | Humidity: 90%
 -> Sent Weather | Zone: FC Road       | Temp: 34.2°C | Humidity: 88%
 -> Sent Weather | Zone: Kothrud       | Temp: 34.3°C | Humidity: 91%
 -> Sent Weather | Zone: Hadapsar      | Temp: 34.6°C | Humidity: 85%
 -> Sent Weather | Zone: Shivajinagar  | Temp: 34.1°C | Humidity: 88%

--- Emitting Weather Window: 11:26:57 ---
 -> Sent Weather | Zone: Hinjewadi     | Temp: 34.3°C | Humidity: 89%
 -> Sent Weather | Zone: FC Road       | Temp: 34.3°C | Humidity: 89%
 -> Sent Weather | Zone: Kothrud       | Temp: 34.4°C | Humidity: 91%
 -> Sent Weather | Zone: Hadapsar      | Temp: 34.8°C | Humidity: 85%
 -> Sent Weather | Zone: Shivajinagar  | Temp: 34.4°C | Humidity: 89%

--- Emitting Weather Window: 11:27:17 ---
 -> Sent Weather | Zone: Hinjewadi     | Temp: 34.2°C | Humidity: 89%
 -> Sent Weather | Zone: FC Road       | Temp: 34.1°C | Humidity: 88%
 -> Sent Weather | Zone: Kothrud       | Temp: 34.2°C | Humidity: 91%
 -> Sent Weather | Zone: Hadapsar      | Temp: 34.6°C | Humidity: 85%
 -> Sent Weather | Zone: Shivajinagar  | Temp: 34.0°C | Humidity: 88%

--- Emitting Weather Window: 11:27:36 ---
 -> Sent Weather | Zone: Hinjewadi     | Temp: 34.4°C | Humidity: 89%
 -> Sent Weather | Zone: FC Road       | Temp: 34.2°C | Humidity: 88%
 -> Sent Weather | Zone: Kothrud       | Temp: 34.6°C | Humidity: 92%
 -> Sent Weather | Zone: Hadapsar      | Temp: 35.1°C | Humidity: 86%
 -> Sent Weather | Zone: Shivajinagar  | Temp: 34.5°C | Humidity: 89%

--- Emitting Weather Window: 11:27:55 ---
 -> Sent Weather | Zone: Hinjewadi     | Temp: 34.2°C | Humidity: 89%
 -> Sent Weather | Zone: FC Road       | Temp: 34.2°C | Humidity: 88%
 -> Sent Weather | Zone: Kothrud       | Temp: 34.8°C | Humidity: 92%
 -> Sent Weather | Zone: Hadapsar      | Temp: 34.8°C | Humidity: 86%
 -> Sent Weather | Zone: Shivajinagar  | Temp: 34.4°C | Humidity: 89%

--- Emitting Weather Window: 11:28:14 ---
 -> Sent Weather | Zone: Hinjewadi     | Temp: 34.6°C | Humidity: 90%
 -> Sent Weather | Zone: FC Road       | Temp: 34.1°C | Humidity: 88%
 -> Sent Weather | Zone: Kothrud       | Temp: 34.4°C | Humidity: 91%
 -> Sent Weather | Zone: Hadapsar      | Temp: 35.1°C | Humidity: 86%
 -> Sent Weather | Zone: Shivajinagar  | Temp: 34.5°C | Humidity: 89%

--- Emitting Weather Window: 11:28:33 ---
 -> Sent Weather | Zone: Hinjewadi     | Temp: 34.3°C | Humidity: 89%
 -> Sent Weather | Zone: FC Road       | Temp: 34.2°C | Humidity: 88%
 -> Sent Weather | Zone: Kothrud       | Temp: 34.3°C | Humidity: 91%
 -> Sent Weather | Zone: Hadapsar      | Temp: 34.5°C | Humidity: 85%
 -> Sent Weather | Zone: Shivajinagar  | Temp: 34.3°C | Humidity: 88%

--- Emitting Weather Window: 11:28:52 ---
 -> Sent Weather | Zone: Hinjewadi     | Temp: 34.3°C | Humidity: 89%
 -> Sent Weather | Zone: FC Road       | Temp: 34.4°C | Humidity: 89%
 -> Sent Weather | Zone: Kothrud       | Temp: 34.3°C | Humidity: 91%
 -> Sent Weather | Zone: Hadapsar      | Temp: 35.1°C | Humidity: 86%
 -> Sent Weather | Zone: Shivajinagar  | Temp: 34.1°C | Humidity: 88%

--- Emitting Weather Window: 11:29:12 ---
 -> Sent Weather | Zone: Hinjewadi     | Temp: 34.3°C | Humidity: 89%
 -> Sent Weather | Zone: FC Road       | Temp: 34.0°C | Humidity: 88%
 -> Sent Weather | Zone: Kothrud       | Temp: 34.8°C | Humidity: 92%
 -> Sent Weather | Zone: Hadapsar      | Temp: 34.5°C | Humidity: 85%
 -> Sent Weather | Zone: Shivajinagar  | Temp: 34.2°C | Humidity: 88%

--- Emitting Weather Window: 11:29:31 ---
 -> Sent Weather | Zone: Hinjewadi     | Temp: 34.5°C | Humidity: 90%
 -> Sent Weather | Zone: FC Road       | Temp: 34.0°C | Humidity: 88%
 -> Sent Weather | Zone: Kothrud       | Temp: 34.8°C | Humidity: 92%
 -> Sent Weather | Zone: Hadapsar      | Temp: 34.8°C | Humidity: 85%
 -> Sent Weather | Zone: Shivajinagar  | Temp: 34.6°C | Humidity: 89%

--- Emitting Weather Window: 11:29:50 ---
 -> Sent Weather | Zone: Hinjewadi     | Temp: 34.4°C | Humidity: 89%
 -> Sent Weather | Zone: FC Road       | Temp: 34.0°C | Humidity: 88%
 -> Sent Weather | Zone: Kothrud       | Temp: 34.8°C | Humidity: 92%
 -> Sent Weather | Zone: Hadapsar      | Temp: 35.1°C | Humidity: 86%
 -> Sent Weather | Zone: Shivajinagar  | Temp: 34.3°C | Humidity: 89%

--- Emitting Weather Window: 11:30:10 ---
 -> Sent Weather | Zone: Hinjewadi     | Temp: 34.7°C | Humidity: 89%
 -> Sent Weather | Zone: FC Road       | Temp: 34.5°C | Humidity: 88%
 -> Sent Weather | Zone: Kothrud       | Temp: 35.1°C | Humidity: 92%
 -> Sent Weather | Zone: Hadapsar      | Temp: 35.5°C | Humidity: 86%
 -> Sent Weather | Zone: Shivajinagar  | Temp: 35.0°C | Humidity: 89%

--- Emitting Weather Window: 11:30:55 ---
 -> Sent Weather | Zone: Hinjewadi     | Temp: 34.8°C | Humidity: 89%
 -> Sent Weather | Zone: FC Road       | Temp: 34.7°C | Humidity: 88%
 -> Sent Weather | Zone: Kothrud       | Temp: 35.1°C | Humidity: 92%
 -> Sent Weather | Zone: Hadapsar      | Temp: 35.2°C | Humidity: 86%
 -> Sent Weather | Zone: Shivajinagar  | Temp: 34.8°C | Humidity: 89%

--- Emitting Weather Window: 11:31:23 ---
 -> Sent Weather | Zone: Hinjewadi     | Temp: 34.9°C | Humidity: 90%
 -> Sent Weather | Zone: FC Road       | Temp: 34.5°C | Humidity: 88%
 -> Sent Weather | Zone: Kothrud       | Temp: 34.5°C | Humidity: 91%
 -> Sent Weather | Zone: Hadapsar      | Temp: 35.1°C | Humidity: 85%
 -> Sent Weather | Zone: Shivajinagar  | Temp: 35.0°C | Humidity: 89%

--- Emitting Weather Window: 11:31:48 ---
 -> Sent Weather | Zone: Hinjewadi     | Temp: 35.0°C | Humidity: 90%
 -> Sent Weather | Zone: FC Road       | Temp: 34.7°C | Humidity: 89%
 -> Sent Weather | Zone: Kothrud       | Temp: 34.6°C | Humidity: 91%
 -> Sent Weather | Zone: Hadapsar      | Temp: 35.4°C | Humidity: 86%
 -> Sent Weather | Zone: Shivajinagar  | Temp: 34.4°C | Humidity: 88%

--- Emitting Weather Window: 11:32:10 ---
 -> Sent Weather | Zone: Hinjewadi     | Temp: 34.8°C | Humidity: 89%
 -> Sent Weather | Zone: FC Road       | Temp: 34.4°C | Humidity: 88%
 -> Sent Weather | Zone: Kothrud       | Temp: 34.6°C | Humidity: 91%
 -> Sent Weather | Zone: Hadapsar      | Temp: 35.3°C | Humidity: 86%
 -> Sent Weather | Zone: Shivajinagar  | Temp: 34.8°C | Humidity: 89%

--- Emitting Weather Window: 11:32:30 ---
 -> Sent Weather | Zone: Hinjewadi     | Temp: 34.9°C | Humidity: 90%
 -> Sent Weather | Zone: FC Road       | Temp: 34.6°C | Humidity: 88%
 -> Sent Weather | Zone: Kothrud       | Temp: 34.5°C | Humidity: 91%
 -> Sent Weather | Zone: Hadapsar      | Temp: 35.2°C | Humidity: 86%
 -> Sent Weather | Zone: Shivajinagar  | Temp: 34.9°C | Humidity: 89%

--- Emitting Weather Window: 11:32:50 ---
 -> Sent Weather | Zone: Hinjewadi     | Temp: 35.0°C | Humidity: 90%
 -> Sent Weather | Zone: FC Road       | Temp: 35.0°C | Humidity: 89%
 -> Sent Weather | Zone: Kothrud       | Temp: 34.5°C | Humidity: 91%
 -> Sent Weather | Zone: Hadapsar      | Temp: 35.0°C | Humidity: 85%
 -> Sent Weather | Zone: Shivajinagar  | Temp: 34.5°C | Humidity: 88%

--- Emitting Weather Window: 11:33:10 ---
 -> Sent Weather | Zone: Hinjewadi     | Temp: 34.8°C | Humidity: 89%
 -> Sent Weather | Zone: FC Road       | Temp: 34.7°C | Humidity: 89%
 -> Sent Weather | Zone: Kothrud       | Temp: 34.8°C | Humidity: 92%
 -> Sent Weather | Zone: Hadapsar      | Temp: 35.5°C | Humidity: 86%
 -> Sent Weather | Zone: Shivajinagar  | Temp: 35.0°C | Humidity: 89%

--- Emitting Weather Window: 11:33:29 ---
 -> Sent Weather | Zone: Hinjewadi     | Temp: 34.7°C | Humidity: 89%
 -> Sent Weather | Zone: FC Road       | Temp: 34.5°C | Humidity: 88%
 -> Sent Weather | Zone: Kothrud       | Temp: 34.8°C | Humidity: 92%
 -> Sent Weather | Zone: Hadapsar      | Temp: 35.4°C | Humidity: 86%
 -> Sent Weather | Zone: Shivajinagar  | Temp: 34.8°C | Humidity: 89%

--- Emitting Weather Window: 11:33:48 ---
 -> Sent Weather | Zone: Hinjewadi     | Temp: 34.5°C | Humidity: 89%
 -> Sent Weather | Zone: FC Road       | Temp: 34.8°C | Humidity: 89%
 -> Sent Weather | Zone: Kothrud       | Temp: 34.6°C | Humidity: 91%
 -> Sent Weather | Zone: Hadapsar      | Temp: 35.1°C | Humidity: 85%
 -> Sent Weather | Zone: Shivajinagar  | Temp: 34.8°C | Humidity: 89%

--- Emitting Weather Window: 11:34:07 ---
 -> Sent Weather | Zone: Hinjewadi     | Temp: 34.5°C | Humidity: 89%
 -> Sent Weather | Zone: FC Road       | Temp: 34.7°C | Humidity: 88%
 -> Sent Weather | Zone: Kothrud       | Temp: 34.6°C | Humidity: 91%
 -> Sent Weather | Zone: Hadapsar      | Temp: 35.3°C | Humidity: 86%
 -> Sent Weather | Zone: Shivajinagar  | Temp: 34.9°C | Humidity: 89%

--- Emitting Weather Window: 11:34:26 ---
 -> Sent Weather | Zone: Hinjewadi     | Temp: 34.8°C | Humidity: 89%
 -> Sent Weather | Zone: FC Road       | Temp: 34.8°C | Humidity: 89%
 -> Sent Weather | Zone: Kothrud       | Temp: 34.9°C | Humidity: 92%
 -> Sent Weather | Zone: Hadapsar      | Temp: 35.1°C | Humidity: 85%
 -> Sent Weather | Zone: Shivajinagar  | Temp: 34.9°C | Humidity: 89%

--- Emitting Weather Window: 11:34:46 ---
 -> Sent Weather | Zone: Hinjewadi     | Temp: 35.1°C | Humidity: 90%
 -> Sent Weather | Zone: FC Road       | Temp: 34.9°C | Humidity: 89%
 -> Sent Weather | Zone: Kothrud       | Temp: 34.7°C | Humidity: 91%
 -> Sent Weather | Zone: Hadapsar      | Temp: 35.3°C | Humidity: 86%
 -> Sent Weather | Zone: Shivajinagar  | Temp: 35.0°C | Humidity: 89%

--- Emitting Weather Window: 11:35:04 ---
 -> Sent Weather | Zone: Hinjewadi     | Temp: 34.6°C | Humidity: 89%
 -> Sent Weather | Zone: FC Road       | Temp: 34.6°C | Humidity: 88%
 -> Sent Weather | Zone: Kothrud       | Temp: 34.7°C | Humidity: 91%
 -> Sent Weather | Zone: Hadapsar      | Temp: 35.4°C | Humidity: 86%
 -> Sent Weather | Zone: Shivajinagar  | Temp: 34.6°C | Humidity: 88%

--- Emitting Weather Window: 11:35:24 ---
 -> Sent Weather | Zone: Hinjewadi     | Temp: 34.7°C | Humidity: 89%
⚠️ API Fetch error: HTTPSConnectionPool(host='api.open-meteo.com', port=443): Read timed out. (read timeout=10)
 -> Sent Weather | Zone: FC Road       | Temp: 32.2°C | Humidity: 60%
 -> Sent Weather | Zone: Kothrud       | Temp: 35.0°C | Humidity: 92%
 -> Sent Weather | Zone: Hadapsar      | Temp: 35.0°C | Humidity: 85%
 -> Sent Weather | Zone: Shivajinagar  | Temp: 34.7°C | Humidity: 88%

--- Emitting Weather Window: 11:35:53 ---
 -> Sent Weather | Zone: Hinjewadi     | Temp: 34.8°C | Humidity: 90%
 -> Sent Weather | Zone: FC Road       | Temp: 34.4°C | Humidity: 88%
 -> Sent Weather | Zone: Kothrud       | Temp: 35.1°C | Humidity: 92%
 -> Sent Weather | Zone: Hadapsar      | Temp: 35.2°C | Humidity: 85%
 -> Sent Weather | Zone: Shivajinagar  | Temp: 35.0°C | Humidity: 89%

--- Emitting Weather Window: 11:36:12 ---
 -> Sent Weather | Zone: Hinjewadi     | Temp: 34.5°C | Humidity: 89%
 -> Sent Weather | Zone: FC Road       | Temp: 34.9°C | Humidity: 89%
 -> Sent Weather | Zone: Kothrud       | Temp: 34.7°C | Humidity: 91%
 -> Sent Weather | Zone: Hadapsar      | Temp: 35.0°C | Humidity: 85%
 -> Sent Weather | Zone: Shivajinagar  | Temp: 34.8°C | Humidity: 89%

--- Emitting Weather Window: 11:36:31 ---
 -> Sent Weather | Zone: Hinjewadi     | Temp: 35.1°C | Humidity: 90%
 -> Sent Weather | Zone: FC Road       | Temp: 35.0°C | Humidity: 89%
 -> Sent Weather | Zone: Kothrud       | Temp: 34.7°C | Humidity: 91%
 -> Sent Weather | Zone: Hadapsar      | Temp: 35.1°C | Humidity: 85%
 -> Sent Weather | Zone: Shivajinagar  | Temp: 35.0°C | Humidity: 89%

--- Emitting Weather Window: 11:36:50 ---
 -> Sent Weather | Zone: Hinjewadi     | Temp: 34.6°C | Humidity: 89%
 -> Sent Weather | Zone: FC Road       | Temp: 34.9°C | Humidity: 89%
 -> Sent Weather | Zone: Kothrud       | Temp: 35.1°C | Humidity: 92%
 -> Sent Weather | Zone: Hadapsar      | Temp: 35.4°C | Humidity: 86%
 -> Sent Weather | Zone: Shivajinagar  | Temp: 34.8°C | Humidity: 89%

--- Emitting Weather Window: 11:37:09 ---
 -> Sent Weather | Zone: Hinjewadi     | Temp: 35.0°C | Humidity: 90%
 -> Sent Weather | Zone: FC Road       | Temp: 34.9°C | Humidity: 89%
 -> Sent Weather | Zone: Kothrud       | Temp: 35.0°C | Humidity: 92%
 -> Sent Weather | Zone: Hadapsar      | Temp: 35.5°C | Humidity: 86%
 -> Sent Weather | Zone: Shivajinagar  | Temp: 34.7°C | Humidity: 89%

--- Emitting Weather Window: 11:37:28 ---
 -> Sent Weather | Zone: Hinjewadi     | Temp: 34.8°C | Humidity: 90%
 -> Sent Weather | Zone: FC Road       | Temp: 34.9°C | Humidity: 89%
 -> Sent Weather | Zone: Kothrud       | Temp: 34.5°C | Humidity: 91%
 -> Sent Weather | Zone: Hadapsar      | Temp: 35.2°C | Humidity: 86%
 -> Sent Weather | Zone: Shivajinagar  | Temp: 34.6°C | Humidity: 88%

--- Emitting Weather Window: 11:37:48 ---
 -> Sent Weather | Zone: Hinjewadi     | Temp: 34.7°C | Humidity: 89%
 -> Sent Weather | Zone: FC Road       | Temp: 34.8°C | Humidity: 89%
 -> Sent Weather | Zone: Kothrud       | Temp: 34.8°C | Humidity: 92%
 -> Sent Weather | Zone: Hadapsar      | Temp: 35.2°C | Humidity: 85%
 -> Sent Weather | Zone: Shivajinagar  | Temp: 34.9°C | Humidity: 89%

--- Emitting Weather Window: 11:38:07 ---
 -> Sent Weather | Zone: Hinjewadi     | Temp: 34.6°C | Humidity: 89%
 -> Sent Weather | Zone: FC Road       | Temp: 34.4°C | Humidity: 88%
 -> Sent Weather | Zone: Kothrud       | Temp: 34.9°C | Humidity: 92%
 -> Sent Weather | Zone: Hadapsar      | Temp: 35.1°C | Humidity: 85%
 -> Sent Weather | Zone: Shivajinagar  | Temp: 34.9°C | Humidity: 89%

--- Emitting Weather Window: 11:38:26 ---
 -> Sent Weather | Zone: Hinjewadi     | Temp: 34.8°C | Humidity: 89%
 -> Sent Weather | Zone: FC Road       | Temp: 34.9°C | Humidity: 89%
 -> Sent Weather | Zone: Kothrud       | Temp: 34.9°C | Humidity: 92%
 -> Sent Weather | Zone: Hadapsar      | Temp: 35.0°C | Humidity: 85%
 -> Sent Weather | Zone: Shivajinagar  | Temp: 34.9°C | Humidity: 89%

--- Emitting Weather Window: 11:38:45 ---
 -> Sent Weather | Zone: Hinjewadi     | Temp: 34.7°C | Humidity: 89%
 -> Sent Weather | Zone: FC Road       | Temp: 34.7°C | Humidity: 88%
 -> Sent Weather | Zone: Kothrud       | Temp: 34.5°C | Humidity: 91%
 -> Sent Weather | Zone: Hadapsar      | Temp: 35.1°C | Humidity: 85%
 -> Sent Weather | Zone: Shivajinagar  | Temp: 34.8°C | Humidity: 89%

--- Emitting Weather Window: 11:39:05 ---
 -> Sent Weather | Zone: Hinjewadi     | Temp: 34.6°C | Humidity: 89%
 -> Sent Weather | Zone: FC Road       | Temp: 34.5°C | Humidity: 88%
 -> Sent Weather | Zone: Kothrud       | Temp: 35.1°C | Humidity: 92%
 -> Sent Weather | Zone: Hadapsar      | Temp: 35.3°C | Humidity: 86%
 -> Sent Weather | Zone: Shivajinagar  | Temp: 34.4°C | Humidity: 88%

--- Emitting Weather Window: 11:39:24 ---
 -> Sent Weather | Zone: Hinjewadi     | Temp: 34.5°C | Humidity: 89%
 -> Sent Weather | Zone: FC Road       | Temp: 34.9°C | Humidity: 89%
 -> Sent Weather | Zone: Kothrud       | Temp: 34.8°C | Humidity: 91%
 -> Sent Weather | Zone: Hadapsar      | Temp: 35.1°C | Humidity: 85%
 -> Sent Weather | Zone: Shivajinagar  | Temp: 34.9°C | Humidity: 89%

--- Emitting Weather Window: 11:39:44 ---
 -> Sent Weather | Zone: Hinjewadi     | Temp: 35.1°C | Humidity: 90%
 -> Sent Weather | Zone: FC Road       | Temp: 34.4°C | Humidity: 88%
 -> Sent Weather | Zone: Kothrud       | Temp: 35.1°C | Humidity: 92%
 -> Sent Weather | Zone: Hadapsar      | Temp: 34.9°C | Humidity: 85%
 -> Sent Weather | Zone: Shivajinagar  | Temp: 34.7°C | Humidity: 89%

--- Emitting Weather Window: 11:40:03 ---
 -> Sent Weather | Zone: Hinjewadi     | Temp: 35.1°C | Humidity: 90%
 -> Sent Weather | Zone: FC Road       | Temp: 34.9°C | Humidity: 89%
 -> Sent Weather | Zone: Kothrud       | Temp: 35.0°C | Humidity: 92%
 -> Sent Weather | Zone: Hadapsar      | Temp: 35.5°C | Humidity: 86%
 -> Sent Weather | Zone: Shivajinagar  | Temp: 34.9°C | Humidity: 89%

--- Emitting Weather Window: 11:40:36 ---
 -> Sent Weather | Zone: Hinjewadi     | Temp: 34.7°C | Humidity: 89%
 -> Sent Weather | Zone: FC Road       | Temp: 35.0°C | Humidity: 89%
 -> Sent Weather | Zone: Kothrud       | Temp: 34.8°C | Humidity: 91%
 -> Sent Weather | Zone: Hadapsar      | Temp: 35.0°C | Humidity: 85%
 -> Sent Weather | Zone: Shivajinagar  | Temp: 34.5°C | Humidity: 88%

--- Emitting Weather Window: 11:40:55 ---
 -> Sent Weather | Zone: Hinjewadi     | Temp: 34.8°C | Humidity: 90%
 -> Sent Weather | Zone: FC Road       | Temp: 34.8°C | Humidity: 89%
 -> Sent Weather | Zone: Kothrud       | Temp: 35.0°C | Humidity: 92%
 -> Sent Weather | Zone: Hadapsar      | Temp: 34.9°C | Humidity: 85%
 -> Sent Weather | Zone: Shivajinagar  | Temp: 35.0°C | Humidity: 89%

--- Emitting Weather Window: 11:41:15 ---
 -> Sent Weather | Zone: Hinjewadi     | Temp: 34.8°C | Humidity: 89%
 -> Sent Weather | Zone: FC Road       | Temp: 34.4°C | Humidity: 88%
 -> Sent Weather | Zone: Kothrud       | Temp: 35.1°C | Humidity: 92%
 -> Sent Weather | Zone: Hadapsar      | Temp: 35.2°C | Humidity: 85%
 -> Sent Weather | Zone: Shivajinagar  | Temp: 34.4°C | Humidity: 88%

--- Emitting Weather Window: 11:41:33 ---
 -> Sent Weather | Zone: Hinjewadi     | Temp: 34.5°C | Humidity: 89%
 -> Sent Weather | Zone: FC Road       | Temp: 35.0°C | Humidity: 89%
 -> Sent Weather | Zone: Kothrud       | Temp: 34.5°C | Humidity: 91%
 -> Sent Weather | Zone: Hadapsar      | Temp: 35.4°C | Humidity: 86%
⚠️ API Fetch error: HTTPSConnectionPool(host='api.open-meteo.com', port=443): Read timed out. (read timeout=10)
 -> Sent Weather | Zone: Shivajinagar  | Temp: 32.0°C | Humidity: 60%

--- Emitting Weather Window: 11:42:02 ---
 -> Sent Weather | Zone: Hinjewadi     | Temp: 34.9°C | Humidity: 90%
 -> Sent Weather | Zone: FC Road       | Temp: 34.5°C | Humidity: 88%
 -> Sent Weather | Zone: Kothrud       | Temp: 34.9°C | Humidity: 92%
 -> Sent Weather | Zone: Hadapsar      | Temp: 35.5°C | Humidity: 86%
 -> Sent Weather | Zone: Shivajinagar  | Temp: 34.6°C | Humidity: 88%

--- Emitting Weather Window: 11:42:22 ---
 -> Sent Weather | Zone: Hinjewadi     | Temp: 34.7°C | Humidity: 89%
 -> Sent Weather | Zone: FC Road       | Temp: 34.7°C | Humidity: 88%
 -> Sent Weather | Zone: Kothrud       | Temp: 34.9°C | Humidity: 92%
 -> Sent Weather | Zone: Hadapsar      | Temp: 35.1°C | Humidity: 85%
 -> Sent Weather | Zone: Shivajinagar  | Temp: 34.7°C | Humidity: 89%

--- Emitting Weather Window: 11:42:41 ---
 -> Sent Weather | Zone: Hinjewadi     | Temp: 34.9°C | Humidity: 90%
 -> Sent Weather | Zone: FC Road       | Temp: 35.0°C | Humidity: 89%
 -> Sent Weather | Zone: Kothrud       | Temp: 35.1°C | Humidity: 92%
 -> Sent Weather | Zone: Hadapsar      | Temp: 35.0°C | Humidity: 85%
 -> Sent Weather | Zone: Shivajinagar  | Temp: 35.0°C | Humidity: 89%

--- Emitting Weather Window: 11:43:00 ---
 -> Sent Weather | Zone: Hinjewadi     | Temp: 35.1°C | Humidity: 90%
 -> Sent Weather | Zone: FC Road       | Temp: 34.9°C | Humidity: 89%
 -> Sent Weather | Zone: Kothrud       | Temp: 35.1°C | Humidity: 92%
 -> Sent Weather | Zone: Hadapsar      | Temp: 35.0°C | Humidity: 85%
 -> Sent Weather | Zone: Shivajinagar  | Temp: 35.0°C | Humidity: 89%

--- Emitting Weather Window: 11:43:20 ---
 -> Sent Weather | Zone: Hinjewadi     | Temp: 34.9°C | Humidity: 90%
 -> Sent Weather | Zone: FC Road       | Temp: 34.6°C | Humidity: 88%
 -> Sent Weather | Zone: Kothrud       | Temp: 35.0°C | Humidity: 92%
 -> Sent Weather | Zone: Hadapsar      | Temp: 35.0°C | Humidity: 85%
 -> Sent Weather | Zone: Shivajinagar  | Temp: 34.4°C | Humidity: 88%

--- Emitting Weather Window: 11:43:39 ---
 -> Sent Weather | Zone: Hinjewadi     | Temp: 34.6°C | Humidity: 89%
 -> Sent Weather | Zone: FC Road       | Temp: 34.7°C | Humidity: 89%
 -> Sent Weather | Zone: Kothrud       | Temp: 35.0°C | Humidity: 92%
 -> Sent Weather | Zone: Hadapsar      | Temp: 35.1°C | Humidity: 85%
 -> Sent Weather | Zone: Shivajinagar  | Temp: 34.4°C | Humidity: 88%

--- Emitting Weather Window: 11:43:58 ---
 -> Sent Weather | Zone: Hinjewadi     | Temp: 34.8°C | Humidity: 90%
 -> Sent Weather | Zone: FC Road       | Temp: 34.9°C | Humidity: 89%
 -> Sent Weather | Zone: Kothrud       | Temp: 34.6°C | Humidity: 91%
 -> Sent Weather | Zone: Hadapsar      | Temp: 35.2°C | Humidity: 86%
 -> Sent Weather | Zone: Shivajinagar  | Temp: 34.4°C | Humidity: 88%

--- Emitting Weather Window: 11:44:18 ---
 -> Sent Weather | Zone: Hinjewadi     | Temp: 34.6°C | Humidity: 89%
 -> Sent Weather | Zone: FC Road       | Temp: 34.4°C | Humidity: 88%
 -> Sent Weather | Zone: Kothrud       | Temp: 34.5°C | Humidity: 91%
 -> Sent Weather | Zone: Hadapsar      | Temp: 35.3°C | Humidity: 86%
 -> Sent Weather | Zone: Shivajinagar  | Temp: 35.0°C | Humidity: 89%

--- Emitting Weather Window: 11:44:38 ---
 -> Sent Weather | Zone: Hinjewadi     | Temp: 34.6°C | Humidity: 89%
 -> Sent Weather | Zone: FC Road       | Temp: 34.9°C | Humidity: 89%
 -> Sent Weather | Zone: Kothrud       | Temp: 35.0°C | Humidity: 92%
 -> Sent Weather | Zone: Hadapsar      | Temp: 34.9°C | Humidity: 85%
 -> Sent Weather | Zone: Shivajinagar  | Temp: 34.5°C | Humidity: 88%

--- Emitting Weather Window: 11:44:57 ---
 -> Sent Weather | Zone: Hinjewadi     | Temp: 34.9°C | Humidity: 90%
 -> Sent Weather | Zone: FC Road       | Temp: 35.0°C | Humidity: 89%
 -> Sent Weather | Zone: Kothrud       | Temp: 34.8°C | Humidity: 91%
 -> Sent Weather | Zone: Hadapsar      | Temp: 35.6°C | Humidity: 86%
 -> Sent Weather | Zone: Shivajinagar  | Temp: 34.9°C | Humidity: 88%

--- Emitting Weather Window: 11:45:17 ---
 -> Sent Weather | Zone: Hinjewadi     | Temp: 35.2°C | Humidity: 90%
 -> Sent Weather | Zone: FC Road       | Temp: 35.2°C | Humidity: 89%
 -> Sent Weather | Zone: Kothrud       | Temp: 35.2°C | Humidity: 92%
 -> Sent Weather | Zone: Hadapsar      | Temp: 35.4°C | Humidity: 85%
 -> Sent Weather | Zone: Shivajinagar  | Temp: 34.9°C | Humidity: 88%

--- Emitting Weather Window: 11:45:37 ---
 -> Sent Weather | Zone: Hinjewadi     | Temp: 35.0°C | Humidity: 89%
 -> Sent Weather | Zone: FC Road       | Temp: 35.2°C | Humidity: 89%
 -> Sent Weather | Zone: Kothrud       | Temp: 34.9°C | Humidity: 91%
 -> Sent Weather | Zone: Hadapsar      | Temp: 35.5°C | Humidity: 85%
 -> Sent Weather | Zone: Shivajinagar  | Temp: 35.1°C | Humidity: 89%

--- Emitting Weather Window: 11:45:56 ---
 -> Sent Weather | Zone: Hinjewadi     | Temp: 35.1°C | Humidity: 90%
 -> Sent Weather | Zone: FC Road       | Temp: 34.9°C | Humidity: 88%
 -> Sent Weather | Zone: Kothrud       | Temp: 35.1°C | Humidity: 92%
 -> Sent Weather | Zone: Hadapsar      | Temp: 35.3°C | Humidity: 85%
 -> Sent Weather | Zone: Shivajinagar  | Temp: 34.9°C | Humidity: 88%

--- Emitting Weather Window: 11:46:17 ---
 -> Sent Weather | Zone: Hinjewadi     | Temp: 34.8°C | Humidity: 89%
 -> Sent Weather | Zone: FC Road       | Temp: 35.0°C | Humidity: 89%
 -> Sent Weather | Zone: Kothrud       | Temp: 35.2°C | Humidity: 92%
 -> Sent Weather | Zone: Hadapsar      | Temp: 35.4°C | Humidity: 85%
 -> Sent Weather | Zone: Shivajinagar  | Temp: 35.2°C | Humidity: 89%

--- Emitting Weather Window: 11:46:37 ---
 -> Sent Weather | Zone: Hinjewadi     | Temp: 34.9°C | Humidity: 89%
 -> Sent Weather | Zone: FC Road       | Temp: 35.3°C | Humidity: 89%
 -> Sent Weather | Zone: Kothrud       | Temp: 34.7°C | Humidity: 91%
 -> Sent Weather | Zone: Hadapsar      | Temp: 35.7°C | Humidity: 86%
 -> Sent Weather | Zone: Shivajinagar  | Temp: 34.9°C | Humidity: 88%

--- Emitting Weather Window: 11:46:56 ---
 -> Sent Weather | Zone: Hinjewadi     | Temp: 34.7°C | Humidity: 89%
 -> Sent Weather | Zone: FC Road       | Temp: 35.1°C | Humidity: 89%
 -> Sent Weather | Zone: Kothrud       | Temp: 35.2°C | Humidity: 92%
 -> Sent Weather | Zone: Hadapsar      | Temp: 35.3°C | Humidity: 85%
 -> Sent Weather | Zone: Shivajinagar  | Temp: 34.9°C | Humidity: 88%

--- Emitting Weather Window: 11:47:16 ---
 -> Sent Weather | Zone: Hinjewadi     | Temp: 34.7°C | Humidity: 89%
 -> Sent Weather | Zone: FC Road       | Temp: 34.7°C | Humidity: 88%
 -> Sent Weather | Zone: Kothrud       | Temp: 35.3°C | Humidity: 92%
 -> Sent Weather | Zone: Hadapsar      | Temp: 35.5°C | Humidity: 85%
 -> Sent Weather | Zone: Shivajinagar  | Temp: 35.3°C | Humidity: 89%

--- Emitting Weather Window: 11:47:35 ---
 -> Sent Weather | Zone: Hinjewadi     | Temp: 35.3°C | Humidity: 90%
 -> Sent Weather | Zone: FC Road       | Temp: 35.2°C | Humidity: 89%
 -> Sent Weather | Zone: Kothrud       | Temp: 35.3°C | Humidity: 92%
 -> Sent Weather | Zone: Hadapsar      | Temp: 35.4°C | Humidity: 85%
 -> Sent Weather | Zone: Shivajinagar  | Temp: 35.2°C | Humidity: 89%

--- Emitting Weather Window: 11:47:54 ---
 -> Sent Weather | Zone: Hinjewadi     | Temp: 35.0°C | Humidity: 89%
 -> Sent Weather | Zone: FC Road       | Temp: 34.8°C | Humidity: 88%
 -> Sent Weather | Zone: Kothrud       | Temp: 35.0°C | Humidity: 91%
 -> Sent Weather | Zone: Hadapsar      | Temp: 35.7°C | Humidity: 86%
 -> Sent Weather | Zone: Shivajinagar  | Temp: 34.8°C | Humidity: 88%

--- Emitting Weather Window: 11:48:14 ---
 -> Sent Weather | Zone: Hinjewadi     | Temp: 34.8°C | Humidity: 89%
 -> Sent Weather | Zone: FC Road       | Temp: 34.7°C | Humidity: 88%
 -> Sent Weather | Zone: Kothrud       | Temp: 34.9°C | Humidity: 91%
⚠️ API Fetch error: HTTPSConnectionPool(host='api.open-meteo.com', port=443): Read timed out. (read timeout=10)
 -> Sent Weather | Zone: Hadapsar      | Temp: 32.0°C | Humidity: 60%
 -> Sent Weather | Zone: Shivajinagar  | Temp: 34.7°C | Humidity: 88%

--- Emitting Weather Window: 11:48:44 ---
 -> Sent Weather | Zone: Hinjewadi     | Temp: 34.8°C | Humidity: 89%
 -> Sent Weather | Zone: FC Road       | Temp: 34.9°C | Humidity: 88%
 -> Sent Weather | Zone: Kothrud       | Temp: 35.1°C | Humidity: 92%
 -> Sent Weather | Zone: Hadapsar      | Temp: 35.5°C | Humidity: 85%
 -> Sent Weather | Zone: Shivajinagar  | Temp: 35.1°C | Humidity: 89%

--- Emitting Weather Window: 11:49:04 ---
 -> Sent Weather | Zone: Hinjewadi     | Temp: 34.8°C | Humidity: 89%
 -> Sent Weather | Zone: FC Road       | Temp: 34.7°C | Humidity: 88%
 -> Sent Weather | Zone: Kothrud       | Temp: 34.7°C | Humidity: 91%
 -> Sent Weather | Zone: Hadapsar      | Temp: 35.3°C | Humidity: 85%
 -> Sent Weather | Zone: Shivajinagar  | Temp: 35.1°C | Humidity: 89%

--- Emitting Weather Window: 11:49:23 ---
 -> Sent Weather | Zone: Hinjewadi     | Temp: 34.7°C | Humidity: 89%
 -> Sent Weather | Zone: FC Road       | Temp: 35.3°C | Humidity: 89%
 -> Sent Weather | Zone: Kothrud       | Temp: 35.3°C | Humidity: 92%
 -> Sent Weather | Zone: Hadapsar      | Temp: 35.4°C | Humidity: 85%
 -> Sent Weather | Zone: Shivajinagar  | Temp: 34.8°C | Humidity: 88%

--- Emitting Weather Window: 11:49:43 ---
 -> Sent Weather | Zone: Hinjewadi     | Temp: 35.2°C | Humidity: 90%
 -> Sent Weather | Zone: FC Road       | Temp: 35.3°C | Humidity: 89%
 -> Sent Weather | Zone: Kothrud       | Temp: 35.1°C | Humidity: 92%
 -> Sent Weather | Zone: Hadapsar      | Temp: 35.7°C | Humidity: 86%
 -> Sent Weather | Zone: Shivajinagar  | Temp: 35.0°C | Humidity: 89%

--- Emitting Weather Window: 11:50:02 ---
 -> Sent Weather | Zone: Hinjewadi     | Temp: 35.1°C | Humidity: 90%
 -> Sent Weather | Zone: FC Road       | Temp: 35.3°C | Humidity: 89%
 -> Sent Weather | Zone: Kothrud       | Temp: 34.8°C | Humidity: 91%
 -> Sent Weather | Zone: Hadapsar      | Temp: 35.2°C | Humidity: 85%
 -> Sent Weather | Zone: Shivajinagar  | Temp: 35.2°C | Humidity: 89%

--- Emitting Weather Window: 11:50:34 ---
 -> Sent Weather | Zone: Hinjewadi     | Temp: 35.2°C | Humidity: 90%
 -> Sent Weather | Zone: FC Road       | Temp: 35.0°C | Humidity: 89%
 -> Sent Weather | Zone: Kothrud       | Temp: 34.8°C | Humidity: 91%
 -> Sent Weather | Zone: Hadapsar      | Temp: 35.5°C | Humidity: 86%
 -> Sent Weather | Zone: Shivajinagar  | Temp: 34.8°C | Humidity: 88%

--- Emitting Weather Window: 11:50:54 ---
 -> Sent Weather | Zone: Hinjewadi     | Temp: 34.8°C | Humidity: 89%
 -> Sent Weather | Zone: FC Road       | Temp: 35.1°C | Humidity: 89%
 -> Sent Weather | Zone: Kothrud       | Temp: 35.3°C | Humidity: 92%
 -> Sent Weather | Zone: Hadapsar      | Temp: 35.2°C | Humidity: 85%
 -> Sent Weather | Zone: Shivajinagar  | Temp: 35.1°C | Humidity: 89%

--- Emitting Weather Window: 11:51:13 ---
 -> Sent Weather | Zone: Hinjewadi     | Temp: 35.3°C | Humidity: 90%
 -> Sent Weather | Zone: FC Road       | Temp: 34.8°C | Humidity: 88%
 -> Sent Weather | Zone: Kothrud       | Temp: 34.7°C | Humidity: 91%
 -> Sent Weather | Zone: Hadapsar      | Temp: 35.7°C | Humidity: 86%
⚠️ API Fetch error: HTTPSConnectionPool(host='api.open-meteo.com', port=443): Read timed out. (read timeout=10)
 -> Sent Weather | Zone: Shivajinagar  | Temp: 32.0°C | Humidity: 60%

--- Emitting Weather Window: 11:51:42 ---
 -> Sent Weather | Zone: Hinjewadi     | Temp: 35.2°C | Humidity: 90%
 -> Sent Weather | Zone: FC Road       | Temp: 35.2°C | Humidity: 89%
 -> Sent Weather | Zone: Kothrud       | Temp: 35.2°C | Humidity: 92%
 -> Sent Weather | Zone: Hadapsar      | Temp: 35.2°C | Humidity: 85%
 -> Sent Weather | Zone: Shivajinagar  | Temp: 35.2°C | Humidity: 89%

--- Emitting Weather Window: 11:52:02 ---
 -> Sent Weather | Zone: Hinjewadi     | Temp: 35.0°C | Humidity: 90%
⚠️ API Fetch error: HTTPSConnectionPool(host='api.open-meteo.com', port=443): Read timed out. (read timeout=10)
 -> Sent Weather | Zone: FC Road       | Temp: 32.1°C | Humidity: 60%
 -> Sent Weather | Zone: Kothrud       | Temp: 35.3°C | Humidity: 92%
 -> Sent Weather | Zone: Hadapsar      | Temp: 35.8°C | Humidity: 86%
 -> Sent Weather | Zone: Shivajinagar  | Temp: 34.7°C | Humidity: 88%

--- Emitting Weather Window: 11:52:30 ---
 -> Sent Weather | Zone: Hinjewadi     | Temp: 34.8°C | Humidity: 89%
 -> Sent Weather | Zone: FC Road       | Temp: 34.7°C | Humidity: 88%
 -> Sent Weather | Zone: Kothrud       | Temp: 34.9°C | Humidity: 91%
 -> Sent Weather | Zone: Hadapsar      | Temp: 35.3°C | Humidity: 85%
 -> Sent Weather | Zone: Shivajinagar  | Temp: 34.7°C | Humidity: 88%

--- Emitting Weather Window: 11:52:49 ---
 -> Sent Weather | Zone: Hinjewadi     | Temp: 34.7°C | Humidity: 89%
 -> Sent Weather | Zone: FC Road       | Temp: 35.1°C | Humidity: 89%
 -> Sent Weather | Zone: Kothrud       | Temp: 34.7°C | Humidity: 91%
 -> Sent Weather | Zone: Hadapsar      | Temp: 35.4°C | Humidity: 85%
 -> Sent Weather | Zone: Shivajinagar  | Temp: 35.3°C | Humidity: 89%

--- Emitting Weather Window: 11:53:09 ---
 -> Sent Weather | Zone: Hinjewadi     | Temp: 35.2°C | Humidity: 90%
 -> Sent Weather | Zone: FC Road       | Temp: 35.0°C | Humidity: 89%
 -> Sent Weather | Zone: Kothrud       | Temp: 35.2°C | Humidity: 92%
 -> Sent Weather | Zone: Hadapsar      | Temp: 35.5°C | Humidity: 86%
 -> Sent Weather | Zone: Shivajinagar  | Temp: 35.0°C | Humidity: 89%

--- Emitting Weather Window: 11:53:29 ---
 -> Sent Weather | Zone: Hinjewadi     | Temp: 35.3°C | Humidity: 90%
 -> Sent Weather | Zone: FC Road       | Temp: 34.9°C | Humidity: 88%
 -> Sent Weather | Zone: Kothrud       | Temp: 34.8°C | Humidity: 91%
 -> Sent Weather | Zone: Hadapsar      | Temp: 35.6°C | Humidity: 86%
 -> Sent Weather | Zone: Shivajinagar  | Temp: 35.0°C | Humidity: 88%

--- Emitting Weather Window: 11:53:48 ---
 -> Sent Weather | Zone: Hinjewadi     | Temp: 34.8°C | Humidity: 89%
 -> Sent Weather | Zone: FC Road       | Temp: 35.2°C | Humidity: 89%
 -> Sent Weather | Zone: Kothrud       | Temp: 34.9°C | Humidity: 91%
 -> Sent Weather | Zone: Hadapsar      | Temp: 35.7°C | Humidity: 86%
 -> Sent Weather | Zone: Shivajinagar  | Temp: 35.0°C | Humidity: 88%

--- Emitting Weather Window: 11:54:07 ---
 -> Sent Weather | Zone: Hinjewadi     | Temp: 35.1°C | Humidity: 90%
 -> Sent Weather | Zone: FC Road       | Temp: 34.9°C | Humidity: 88%
 -> Sent Weather | Zone: Kothrud       | Temp: 35.1°C | Humidity: 92%
 -> Sent Weather | Zone: Hadapsar      | Temp: 35.4°C | Humidity: 85%
 -> Sent Weather | Zone: Shivajinagar  | Temp: 34.9°C | Humidity: 88%

--- Emitting Weather Window: 11:54:26 ---
 -> Sent Weather | Zone: Hinjewadi     | Temp: 34.7°C | Humidity: 89%
 -> Sent Weather | Zone: FC Road       | Temp: 34.7°C | Humidity: 88%
 -> Sent Weather | Zone: Kothrud       | Temp: 34.9°C | Humidity: 91%
 -> Sent Weather | Zone: Hadapsar      | Temp: 35.5°C | Humidity: 86%
 -> Sent Weather | Zone: Shivajinagar  | Temp: 34.9°C | Humidity: 88%

--- Emitting Weather Window: 11:54:45 ---
 -> Sent Weather | Zone: Hinjewadi     | Temp: 35.1°C | Humidity: 90%
 -> Sent Weather | Zone: FC Road       | Temp: 35.0°C | Humidity: 89%
 -> Sent Weather | Zone: Kothrud       | Temp: 34.9°C | Humidity: 91%
 -> Sent Weather | Zone: Hadapsar      | Temp: 35.3°C | Humidity: 85%
 -> Sent Weather | Zone: Shivajinagar  | Temp: 34.8°C | Humidity: 88%

--- Emitting Weather Window: 11:55:05 ---
 -> Sent Weather | Zone: Hinjewadi     | Temp: 35.1°C | Humidity: 90%
 -> Sent Weather | Zone: FC Road       | Temp: 35.2°C | Humidity: 89%
 -> Sent Weather | Zone: Kothrud       | Temp: 35.0°C | Humidity: 92%
 -> Sent Weather | Zone: Hadapsar      | Temp: 35.2°C | Humidity: 85%
 -> Sent Weather | Zone: Shivajinagar  | Temp: 34.9°C | Humidity: 88%

--- Emitting Weather Window: 11:55:24 ---
 -> Sent Weather | Zone: Hinjewadi     | Temp: 35.0°C | Humidity: 89%
 -> Sent Weather | Zone: FC Road       | Temp: 35.1°C | Humidity: 89%
 -> Sent Weather | Zone: Kothrud       | Temp: 34.9°C | Humidity: 91%
 -> Sent Weather | Zone: Hadapsar      | Temp: 35.3°C | Humidity: 85%
 -> Sent Weather | Zone: Shivajinagar  | Temp: 34.9°C | Humidity: 88%

--- Emitting Weather Window: 11:55:43 ---
 -> Sent Weather | Zone: Hinjewadi     | Temp: 35.2°C | Humidity: 90%
 -> Sent Weather | Zone: FC Road       | Temp: 35.0°C | Humidity: 89%
 -> Sent Weather | Zone: Kothrud       | Temp: 34.8°C | Humidity: 91%
 -> Sent Weather | Zone: Hadapsar      | Temp: 35.2°C | Humidity: 85%
 -> Sent Weather | Zone: Shivajinagar  | Temp: 34.7°C | Humidity: 88%

--- Emitting Weather Window: 11:56:02 ---
 -> Sent Weather | Zone: Hinjewadi     | Temp: 35.1°C | Humidity: 90%
 -> Sent Weather | Zone: FC Road       | Temp: 34.8°C | Humidity: 88%
 -> Sent Weather | Zone: Kothrud       | Temp: 34.7°C | Humidity: 91%
 -> Sent Weather | Zone: Hadapsar      | Temp: 35.8°C | Humidity: 86%
 -> Sent Weather | Zone: Shivajinagar  | Temp: 35.3°C | Humidity: 89%

--- Emitting Weather Window: 11:56:22 ---
 -> Sent Weather | Zone: Hinjewadi     | Temp: 34.9°C | Humidity: 89%
 -> Sent Weather | Zone: FC Road       | Temp: 35.0°C | Humidity: 88%
 -> Sent Weather | Zone: Kothrud       | Temp: 35.3°C | Humidity: 92%
 -> Sent Weather | Zone: Hadapsar      | Temp: 35.6°C | Humidity: 86%
 -> Sent Weather | Zone: Shivajinagar  | Temp: 34.7°C | Humidity: 88%

--- Emitting Weather Window: 11:56:41 ---
⚠️ API Fetch error: HTTPSConnectionPool(host='api.open-meteo.com', port=443): Read timed out. (read timeout=10)
 -> Sent Weather | Zone: Hinjewadi     | Temp: 31.9°C | Humidity: 59%
 -> Sent Weather | Zone: FC Road       | Temp: 34.9°C | Humidity: 88%
 -> Sent Weather | Zone: Kothrud       | Temp: 34.9°C | Humidity: 91%
 -> Sent Weather | Zone: Hadapsar      | Temp: 35.2°C | Humidity: 85%
 -> Sent Weather | Zone: Shivajinagar  | Temp: 35.0°C | Humidity: 89%

--- Emitting Weather Window: 11:57:09 ---
 -> Sent Weather | Zone: Hinjewadi     | Temp: 34.9°C | Humidity: 89%
 -> Sent Weather | Zone: FC Road       | Temp: 35.2°C | Humidity: 89%
 -> Sent Weather | Zone: Kothrud       | Temp: 35.2°C | Humidity: 92%
 -> Sent Weather | Zone: Hadapsar      | Temp: 35.1°C | Humidity: 85%
 -> Sent Weather | Zone: Shivajinagar  | Temp: 35.1°C | Humidity: 89%

--- Emitting Weather Window: 11:57:29 ---
 -> Sent Weather | Zone: Hinjewadi     | Temp: 34.9°C | Humidity: 89%
 -> Sent Weather | Zone: FC Road       | Temp: 35.1°C | Humidity: 89%
 -> Sent Weather | Zone: Kothrud       | Temp: 34.9°C | Humidity: 91%
 -> Sent Weather | Zone: Hadapsar      | Temp: 35.5°C | Humidity: 86%
 -> Sent Weather | Zone: Shivajinagar  | Temp: 34.9°C | Humidity: 88%

--- Emitting Weather Window: 11:57:48 ---
 -> Sent Weather | Zone: Hinjewadi     | Temp: 34.7°C | Humidity: 89%
 -> Sent Weather | Zone: FC Road       | Temp: 35.0°C | Humidity: 88%
 -> Sent Weather | Zone: Kothrud       | Temp: 35.3°C | Humidity: 92%
 -> Sent Weather | Zone: Hadapsar      | Temp: 35.8°C | Humidity: 86%
 -> Sent Weather | Zone: Shivajinagar  | Temp: 34.8°C | Humidity: 88%

--- Emitting Weather Window: 11:58:07 ---
 -> Sent Weather | Zone: Hinjewadi     | Temp: 35.0°C | Humidity: 90%
 -> Sent Weather | Zone: FC Road       | Temp: 35.0°C | Humidity: 88%
 -> Sent Weather | Zone: Kothrud       | Temp: 35.1°C | Humidity: 92%
 -> Sent Weather | Zone: Hadapsar      | Temp: 35.6°C | Humidity: 86%
 -> Sent Weather | Zone: Shivajinagar  | Temp: 35.3°C | Humidity: 89%

--- Emitting Weather Window: 11:58:26 ---
 -> Sent Weather | Zone: Hinjewadi     | Temp: 35.1°C | Humidity: 90%
 -> Sent Weather | Zone: FC Road       | Temp: 35.0°C | Humidity: 88%
 -> Sent Weather | Zone: Kothrud       | Temp: 35.2°C | Humidity: 92%
 -> Sent Weather | Zone: Hadapsar      | Temp: 35.2°C | Humidity: 85%
 -> Sent Weather | Zone: Shivajinagar  | Temp: 34.7°C | Humidity: 88%

--- Emitting Weather Window: 11:58:46 ---
 -> Sent Weather | Zone: Hinjewadi     | Temp: 35.2°C | Humidity: 90%
 -> Sent Weather | Zone: FC Road       | Temp: 35.1°C | Humidity: 89%
 -> Sent Weather | Zone: Kothrud       | Temp: 34.9°C | Humidity: 91%
 -> Sent Weather | Zone: Hadapsar      | Temp: 35.3°C | Humidity: 85%
 -> Sent Weather | Zone: Shivajinagar  | Temp: 34.8°C | Humidity: 88%

--- Emitting Weather Window: 11:59:05 ---
 -> Sent Weather | Zone: Hinjewadi     | Temp: 34.9°C | Humidity: 89%
 -> Sent Weather | Zone: FC Road       | Temp: 35.2°C | Humidity: 89%
 -> Sent Weather | Zone: Kothrud       | Temp: 34.8°C | Humidity: 91%
 -> Sent Weather | Zone: Hadapsar      | Temp: 35.4°C | Humidity: 85%
 -> Sent Weather | Zone: Shivajinagar  | Temp: 34.7°C | Humidity: 88%

--- Emitting Weather Window: 11:59:24 ---
 -> Sent Weather | Zone: Hinjewadi     | Temp: 34.8°C | Humidity: 89%
 -> Sent Weather | Zone: FC Road       | Temp: 35.1°C | Humidity: 89%
 -> Sent Weather | Zone: Kothrud       | Temp: 34.9°C | Humidity: 91%
 -> Sent Weather | Zone: Hadapsar      | Temp: 35.8°C | Humidity: 86%
 -> Sent Weather | Zone: Shivajinagar  | Temp: 35.1°C | Humidity: 89%

--- Emitting Weather Window: 11:59:44 ---
 -> Sent Weather | Zone: Hinjewadi     | Temp: 34.7°C | Humidity: 89%
 -> Sent Weather | Zone: FC Road       | Temp: 34.7°C | Humidity: 88%
 -> Sent Weather | Zone: Kothrud       | Temp: 35.3°C | Humidity: 92%
 -> Sent Weather | Zone: Hadapsar      | Temp: 35.5°C | Humidity: 85%
 -> Sent Weather | Zone: Shivajinagar  | Temp: 35.1°C | Humidity: 89%

--- Emitting Weather Window: 12:00:03 ---
 -> Sent Weather | Zone: Hinjewadi     | Temp: 32.1°C | Humidity: 60%
 -> Sent Weather | Zone: FC Road       | Temp: 35.2°C | Humidity: 88%
 -> Sent Weather | Zone: Kothrud       | Temp: 34.9°C | Humidity: 91%
 -> Sent Weather | Zone: Hadapsar      | Temp: 36.1°C | Humidity: 86%
 -> Sent Weather | Zone: Shivajinagar  | Temp: 35.2°C | Humidity: 89%

--- Emitting Weather Window: 12:00:40 ---
 -> Sent Weather | Zone: Hinjewadi     | Temp: 35.1°C | Humidity: 89%
 -> Sent Weather | Zone: FC Road       | Temp: 35.3°C | Humidity: 89%
 -> Sent Weather | Zone: Kothrud       | Temp: 35.3°C | Humidity: 92%
 -> Sent Weather | Zone: Hadapsar      | Temp: 36.0°C | Humidity: 86%
 -> Sent Weather | Zone: Shivajinagar  | Temp: 35.5°C | Humidity: 89%

--- Emitting Weather Window: 12:01:00 ---
 -> Sent Weather | Zone: Hinjewadi     | Temp: 35.4°C | Humidity: 90%
 -> Sent Weather | Zone: FC Road       | Temp: 34.9°C | Humidity: 88%
 -> Sent Weather | Zone: Kothrud       | Temp: 35.0°C | Humidity: 91%
 -> Sent Weather | Zone: Hadapsar      | Temp: 36.1°C | Humidity: 86%
 -> Sent Weather | Zone: Shivajinagar  | Temp: 35.2°C | Humidity: 88%

--- Emitting Weather Window: 12:01:19 ---
 -> Sent Weather | Zone: Hinjewadi     | Temp: 35.3°C | Humidity: 90%
 -> Sent Weather | Zone: FC Road       | Temp: 35.3°C | Humidity: 89%
 -> Sent Weather | Zone: Kothrud       | Temp: 34.9°C | Humidity: 91%
 -> Sent Weather | Zone: Hadapsar      | Temp: 36.1°C | Humidity: 86%
 -> Sent Weather | Zone: Shivajinagar  | Temp: 35.1°C | Humidity: 88%

--- Emitting Weather Window: 12:01:38 ---
 -> Sent Weather | Zone: Hinjewadi     | Temp: 35.5°C | Humidity: 90%
 -> Sent Weather | Zone: FC Road       | Temp: 35.5°C | Humidity: 89%
 -> Sent Weather | Zone: Kothrud       | Temp: 35.4°C | Humidity: 92%
 -> Sent Weather | Zone: Hadapsar      | Temp: 35.5°C | Humidity: 85%
 -> Sent Weather | Zone: Shivajinagar  | Temp: 35.5°C | Humidity: 89%

--- Emitting Weather Window: 12:01:57 ---
 -> Sent Weather | Zone: Hinjewadi     | Temp: 35.2°C | Humidity: 90%
 -> Sent Weather | Zone: FC Road       | Temp: 35.0°C | Humidity: 88%
 -> Sent Weather | Zone: Kothrud       | Temp: 35.2°C | Humidity: 92%
 -> Sent Weather | Zone: Hadapsar      | Temp: 35.9°C | Humidity: 86%
 -> Sent Weather | Zone: Shivajinagar  | Temp: 35.0°C | Humidity: 88%

--- Emitting Weather Window: 12:02:16 ---
 -> Sent Weather | Zone: Hinjewadi     | Temp: 35.2°C | Humidity: 90%
 -> Sent Weather | Zone: FC Road       | Temp: 34.9°C | Humidity: 88%
 -> Sent Weather | Zone: Kothrud       | Temp: 35.5°C | Humidity: 92%
 -> Sent Weather | Zone: Hadapsar      | Temp: 35.6°C | Humidity: 85%
 -> Sent Weather | Zone: Shivajinagar  | Temp: 34.9°C | Humidity: 88%

--- Emitting Weather Window: 12:02:36 ---
 -> Sent Weather | Zone: Hinjewadi     | Temp: 35.1°C | Humidity: 89%
 -> Sent Weather | Zone: FC Road       | Temp: 35.1°C | Humidity: 88%
 -> Sent Weather | Zone: Kothrud       | Temp: 35.3°C | Humidity: 92%
 -> Sent Weather | Zone: Hadapsar      | Temp: 35.6°C | Humidity: 85%
 -> Sent Weather | Zone: Shivajinagar  | Temp: 35.4°C | Humidity: 89%

--- Emitting Weather Window: 12:02:56 ---
 -> Sent Weather | Zone: Hinjewadi     | Temp: 34.9°C | Humidity: 89%
 -> Sent Weather | Zone: FC Road       | Temp: 35.3°C | Humidity: 89%
 -> Sent Weather | Zone: Kothrud       | Temp: 35.3°C | Humidity: 92%
 -> Sent Weather | Zone: Hadapsar      | Temp: 35.9°C | Humidity: 86%
 -> Sent Weather | Zone: Shivajinagar  | Temp: 35.2°C | Humidity: 88%

--- Emitting Weather Window: 12:03:15 ---
 -> Sent Weather | Zone: Hinjewadi     | Temp: 35.3°C | Humidity: 90%
 -> Sent Weather | Zone: FC Road       | Temp: 35.1°C | Humidity: 88%
 -> Sent Weather | Zone: Kothrud       | Temp: 35.1°C | Humidity: 91%
 -> Sent Weather | Zone: Hadapsar      | Temp: 36.0°C | Humidity: 86%
 -> Sent Weather | Zone: Shivajinagar  | Temp: 35.5°C | Humidity: 89%

--- Emitting Weather Window: 12:03:34 ---
 -> Sent Weather | Zone: Hinjewadi     | Temp: 35.1°C | Humidity: 89%
 -> Sent Weather | Zone: FC Road       | Temp: 35.2°C | Humidity: 89%
 -> Sent Weather | Zone: Kothrud       | Temp: 35.1°C | Humidity: 91%
 -> Sent Weather | Zone: Hadapsar      | Temp: 36.1°C | Humidity: 86%
 -> Sent Weather | Zone: Shivajinagar  | Temp: 34.9°C | Humidity: 88%

--- Emitting Weather Window: 12:03:53 ---
 -> Sent Weather | Zone: Hinjewadi     | Temp: 35.0°C | Humidity: 89%
 -> Sent Weather | Zone: FC Road       | Temp: 35.2°C | Humidity: 89%
 -> Sent Weather | Zone: Kothrud       | Temp: 35.6°C | Humidity: 92%
 -> Sent Weather | Zone: Hadapsar      | Temp: 36.1°C | Humidity: 86%
 -> Sent Weather | Zone: Shivajinagar  | Temp: 35.4°C | Humidity: 89%

--- Emitting Weather Window: 12:04:13 ---
 -> Sent Weather | Zone: Hinjewadi     | Temp: 35.0°C | Humidity: 89%
 -> Sent Weather | Zone: FC Road       | Temp: 35.1°C | Humidity: 88%
 -> Sent Weather | Zone: Kothrud       | Temp: 35.5°C | Humidity: 92%
 -> Sent Weather | Zone: Hadapsar      | Temp: 35.9°C | Humidity: 86%
 -> Sent Weather | Zone: Shivajinagar  | Temp: 35.0°C | Humidity: 88%

--- Emitting Weather Window: 12:04:32 ---
 -> Sent Weather | Zone: Hinjewadi     | Temp: 35.4°C | Humidity: 90%
 -> Sent Weather | Zone: FC Road       | Temp: 34.9°C | Humidity: 88%
 -> Sent Weather | Zone: Kothrud       | Temp: 35.5°C | Humidity: 92%
 -> Sent Weather | Zone: Hadapsar      | Temp: 35.8°C | Humidity: 85%
 -> Sent Weather | Zone: Shivajinagar  | Temp: 35.3°C | Humidity: 89%

--- Emitting Weather Window: 12:04:52 ---
 -> Sent Weather | Zone: Hinjewadi     | Temp: 35.2°C | Humidity: 90%
 -> Sent Weather | Zone: FC Road       | Temp: 35.5°C | Humidity: 89%
 -> Sent Weather | Zone: Kothrud       | Temp: 35.4°C | Humidity: 92%
 -> Sent Weather | Zone: Hadapsar      | Temp: 35.6°C | Humidity: 85%
 -> Sent Weather | Zone: Shivajinagar  | Temp: 35.5°C | Humidity: 89%

--- Emitting Weather Window: 12:05:11 ---
 -> Sent Weather | Zone: Hinjewadi     | Temp: 34.9°C | Humidity: 89%
 -> Sent Weather | Zone: FC Road       | Temp: 34.9°C | Humidity: 88%
 -> Sent Weather | Zone: Kothrud       | Temp: 35.5°C | Humidity: 92%
 -> Sent Weather | Zone: Hadapsar      | Temp: 35.6°C | Humidity: 85%
 -> Sent Weather | Zone: Shivajinagar  | Temp: 35.5°C | Humidity: 89%

--- Emitting Weather Window: 12:05:31 ---
 -> Sent Weather | Zone: Hinjewadi     | Temp: 35.2°C | Humidity: 89%
 -> Sent Weather | Zone: FC Road       | Temp: 35.5°C | Humidity: 89%
 -> Sent Weather | Zone: Kothrud       | Temp: 35.4°C | Humidity: 92%
 -> Sent Weather | Zone: Hadapsar      | Temp: 35.9°C | Humidity: 86%
 -> Sent Weather | Zone: Shivajinagar  | Temp: 35.0°C | Humidity: 88%

--- Emitting Weather Window: 12:05:50 ---
 -> Sent Weather | Zone: Hinjewadi     | Temp: 34.9°C | Humidity: 89%
 -> Sent Weather | Zone: FC Road       | Temp: 35.4°C | Humidity: 89%
 -> Sent Weather | Zone: Kothrud       | Temp: 35.4°C | Humidity: 92%
 -> Sent Weather | Zone: Hadapsar      | Temp: 35.7°C | Humidity: 85%
 -> Sent Weather | Zone: Shivajinagar  | Temp: 35.4°C | Humidity: 89%

--- Emitting Weather Window: 12:06:09 ---
 -> Sent Weather | Zone: Hinjewadi     | Temp: 35.1°C | Humidity: 89%
 -> Sent Weather | Zone: FC Road       | Temp: 35.3°C | Humidity: 89%
 -> Sent Weather | Zone: Kothrud       | Temp: 35.1°C | Humidity: 91%
 -> Sent Weather | Zone: Hadapsar      | Temp: 35.6°C | Humidity: 85%
 -> Sent Weather | Zone: Shivajinagar  | Temp: 35.0°C | Humidity: 88%

--- Emitting Weather Window: 12:06:28 ---
 -> Sent Weather | Zone: Hinjewadi     | Temp: 35.1°C | Humidity: 89%
 -> Sent Weather | Zone: FC Road       | Temp: 35.4°C | Humidity: 89%
 -> Sent Weather | Zone: Kothrud       | Temp: 35.1°C | Humidity: 91%
 -> Sent Weather | Zone: Hadapsar      | Temp: 35.9°C | Humidity: 86%
 -> Sent Weather | Zone: Shivajinagar  | Temp: 34.9°C | Humidity: 88%

--- Emitting Weather Window: 12:06:47 ---
 -> Sent Weather | Zone: Hinjewadi     | Temp: 35.4°C | Humidity: 90%
 -> Sent Weather | Zone: FC Road       | Temp: 35.4°C | Humidity: 89%
 -> Sent Weather | Zone: Kothrud       | Temp: 34.9°C | Humidity: 91%
 -> Sent Weather | Zone: Hadapsar      | Temp: 35.8°C | Humidity: 85%
 -> Sent Weather | Zone: Shivajinagar  | Temp: 35.2°C | Humidity: 89%

--- Emitting Weather Window: 12:07:07 ---
 -> Sent Weather | Zone: Hinjewadi     | Temp: 35.1°C | Humidity: 89%
 -> Sent Weather | Zone: FC Road       | Temp: 35.0°C | Humidity: 88%
 -> Sent Weather | Zone: Kothrud       | Temp: 35.0°C | Humidity: 91%
 -> Sent Weather | Zone: Hadapsar      | Temp: 35.7°C | Humidity: 85%
 -> Sent Weather | Zone: Shivajinagar  | Temp: 35.5°C | Humidity: 89%

--- Emitting Weather Window: 12:07:26 ---
 -> Sent Weather | Zone: Hinjewadi     | Temp: 35.2°C | Humidity: 90%
 -> Sent Weather | Zone: FC Road       | Temp: 34.9°C | Humidity: 88%
 -> Sent Weather | Zone: Kothrud       | Temp: 35.6°C | Humidity: 92%
 -> Sent Weather | Zone: Hadapsar      | Temp: 36.1°C | Humidity: 86%
 -> Sent Weather | Zone: Shivajinagar  | Temp: 35.4°C | Humidity: 89%

--- Emitting Weather Window: 12:07:45 ---
 -> Sent Weather | Zone: Hinjewadi     | Temp: 35.5°C | Humidity: 90%
 -> Sent Weather | Zone: FC Road       | Temp: 35.5°C | Humidity: 89%
 -> Sent Weather | Zone: Kothrud       | Temp: 35.4°C | Humidity: 92%
 -> Sent Weather | Zone: Hadapsar      | Temp: 35.6°C | Humidity: 85%
 -> Sent Weather | Zone: Shivajinagar  | Temp: 34.9°C | Humidity: 88%

--- Emitting Weather Window: 12:08:04 ---
 -> Sent Weather | Zone: Hinjewadi     | Temp: 35.0°C | Humidity: 89%
 -> Sent Weather | Zone: FC Road       | Temp: 34.9°C | Humidity: 88%
 -> Sent Weather | Zone: Kothrud       | Temp: 35.2°C | Humidity: 92%
 -> Sent Weather | Zone: Hadapsar      | Temp: 36.1°C | Humidity: 86%
 -> Sent Weather | Zone: Shivajinagar  | Temp: 35.1°C | Humidity: 88%

--- Emitting Weather Window: 12:08:24 ---
 -> Sent Weather | Zone: Hinjewadi     | Temp: 35.3°C | Humidity: 90%
 -> Sent Weather | Zone: FC Road       | Temp: 35.5°C | Humidity: 89%
 -> Sent Weather | Zone: Kothrud       | Temp: 35.0°C | Humidity: 91%
 -> Sent Weather | Zone: Hadapsar      | Temp: 36.0°C | Humidity: 86%
 -> Sent Weather | Zone: Shivajinagar  | Temp: 35.0°C | Humidity: 88%

--- Emitting Weather Window: 12:08:43 ---
 -> Sent Weather | Zone: Hinjewadi     | Temp: 35.0°C | Humidity: 89%
 -> Sent Weather | Zone: FC Road       | Temp: 35.4°C | Humidity: 89%
 -> Sent Weather | Zone: Kothrud       | Temp: 35.4°C | Humidity: 92%
 -> Sent Weather | Zone: Hadapsar      | Temp: 35.9°C | Humidity: 86%
 -> Sent Weather | Zone: Shivajinagar  | Temp: 35.0°C | Humidity: 88%

--- Emitting Weather Window: 12:09:02 ---
 -> Sent Weather | Zone: Hinjewadi     | Temp: 35.2°C | Humidity: 90%
 -> Sent Weather | Zone: FC Road       | Temp: 35.2°C | Humidity: 89%
 -> Sent Weather | Zone: Kothrud       | Temp: 35.0°C | Humidity: 91%
 -> Sent Weather | Zone: Hadapsar      | Temp: 36.0°C | Humidity: 86%
 -> Sent Weather | Zone: Shivajinagar  | Temp: 35.0°C | Humidity: 88%

--- Emitting Weather Window: 12:09:22 ---
 -> Sent Weather | Zone: Hinjewadi     | Temp: 35.0°C | Humidity: 89%
 -> Sent Weather | Zone: FC Road       | Temp: 35.3°C | Humidity: 89%
 -> Sent Weather | Zone: Kothrud       | Temp: 35.5°C | Humidity: 92%
 -> Sent Weather | Zone: Hadapsar      | Temp: 35.7°C | Humidity: 85%
 -> Sent Weather | Zone: Shivajinagar  | Temp: 35.0°C | Humidity: 88%

--- Emitting Weather Window: 12:09:41 ---
 -> Sent Weather | Zone: Hinjewadi     | Temp: 35.3°C | Humidity: 90%
 -> Sent Weather | Zone: FC Road       | Temp: 35.4°C | Humidity: 89%
 -> Sent Weather | Zone: Kothrud       | Temp: 35.4°C | Humidity: 92%
 -> Sent Weather | Zone: Hadapsar      | Temp: 36.0°C | Humidity: 86%
 -> Sent Weather | Zone: Shivajinagar  | Temp: 35.4°C | Humidity: 89%

--- Emitting Weather Window: 12:10:00 ---
 -> Sent Weather | Zone: Hinjewadi     | Temp: 35.1°C | Humidity: 89%
 -> Sent Weather | Zone: FC Road       | Temp: 34.9°C | Humidity: 88%
 -> Sent Weather | Zone: Kothrud       | Temp: 35.4°C | Humidity: 92%
 -> Sent Weather | Zone: Hadapsar      | Temp: 35.9°C | Humidity: 86%
 -> Sent Weather | Zone: Shivajinagar  | Temp: 35.3°C | Humidity: 89%

--- Emitting Weather Window: 12:10:34 ---
 -> Sent Weather | Zone: Hinjewadi     | Temp: 35.5°C | Humidity: 90%
 -> Sent Weather | Zone: FC Road       | Temp: 35.1°C | Humidity: 88%
 -> Sent Weather | Zone: Kothrud       | Temp: 35.3°C | Humidity: 92%
 -> Sent Weather | Zone: Hadapsar      | Temp: 35.7°C | Humidity: 85%
 -> Sent Weather | Zone: Shivajinagar  | Temp: 35.5°C | Humidity: 89%

--- Emitting Weather Window: 12:10:54 ---
 -> Sent Weather | Zone: Hinjewadi     | Temp: 35.3°C | Humidity: 90%
 -> Sent Weather | Zone: FC Road       | Temp: 35.1°C | Humidity: 88%
 -> Sent Weather | Zone: Kothrud       | Temp: 35.2°C | Humidity: 92%
 -> Sent Weather | Zone: Hadapsar      | Temp: 35.6°C | Humidity: 85%
 -> Sent Weather | Zone: Shivajinagar  | Temp: 35.5°C | Humidity: 89%

--- Emitting Weather Window: 12:11:13 ---
 -> Sent Weather | Zone: Hinjewadi     | Temp: 35.0°C | Humidity: 89%
 -> Sent Weather | Zone: FC Road       | Temp: 35.2°C | Humidity: 89%
 -> Sent Weather | Zone: Kothrud       | Temp: 35.3°C | Humidity: 92%
 -> Sent Weather | Zone: Hadapsar      | Temp: 35.7°C | Humidity: 85%
 -> Sent Weather | Zone: Shivajinagar  | Temp: 35.4°C | Humidity: 89%

--- Emitting Weather Window: 12:11:32 ---
 -> Sent Weather | Zone: Hinjewadi     | Temp: 35.1°C | Humidity: 89%
 -> Sent Weather | Zone: FC Road       | Temp: 35.0°C | Humidity: 88%
 -> Sent Weather | Zone: Kothrud       | Temp: 35.2°C | Humidity: 91%
 -> Sent Weather | Zone: Hadapsar      | Temp: 36.1°C | Humidity: 86%
 -> Sent Weather | Zone: Shivajinagar  | Temp: 35.1°C | Humidity: 88%

--- Emitting Weather Window: 12:11:52 ---
 -> Sent Weather | Zone: Hinjewadi     | Temp: 35.4°C | Humidity: 90%
 -> Sent Weather | Zone: FC Road       | Temp: 35.4°C | Humidity: 89%
 -> Sent Weather | Zone: Kothrud       | Temp: 34.9°C | Humidity: 91%
 -> Sent Weather | Zone: Hadapsar      | Temp: 35.7°C | Humidity: 85%
 -> Sent Weather | Zone: Shivajinagar  | Temp: 35.5°C | Humidity: 89%

--- Emitting Weather Window: 12:12:11 ---
 -> Sent Weather | Zone: Hinjewadi     | Temp: 35.1°C | Humidity: 89%
 -> Sent Weather | Zone: FC Road       | Temp: 35.5°C | Humidity: 89%
 -> Sent Weather | Zone: Kothrud       | Temp: 34.9°C | Humidity: 91%
 -> Sent Weather | Zone: Hadapsar      | Temp: 36.0°C | Humidity: 86%
 -> Sent Weather | Zone: Shivajinagar  | Temp: 35.0°C | Humidity: 88%

--- Emitting Weather Window: 12:12:32 ---
 -> Sent Weather | Zone: Hinjewadi     | Temp: 35.5°C | Humidity: 90%
 -> Sent Weather | Zone: FC Road       | Temp: 34.9°C | Humidity: 88%
 -> Sent Weather | Zone: Kothrud       | Temp: 35.0°C | Humidity: 91%
 -> Sent Weather | Zone: Hadapsar      | Temp: 35.8°C | Humidity: 85%
 -> Sent Weather | Zone: Shivajinagar  | Temp: 34.9°C | Humidity: 88%

--- Emitting Weather Window: 12:12:51 ---
 -> Sent Weather | Zone: Hinjewadi     | Temp: 35.2°C | Humidity: 89%
 -> Sent Weather | Zone: FC Road       | Temp: 35.4°C | Humidity: 89%
 -> Sent Weather | Zone: Kothrud       | Temp: 35.5°C | Humidity: 92%
 -> Sent Weather | Zone: Hadapsar      | Temp: 35.6°C | Humidity: 85%
 -> Sent Weather | Zone: Shivajinagar  | Temp: 35.1°C | Humidity: 88%

--- Emitting Weather Window: 12:13:10 ---
 -> Sent Weather | Zone: Hinjewadi     | Temp: 35.2°C | Humidity: 90%
 -> Sent Weather | Zone: FC Road       | Temp: 35.4°C | Humidity: 89%
 -> Sent Weather | Zone: Kothrud       | Temp: 35.1°C | Humidity: 91%
 -> Sent Weather | Zone: Hadapsar      | Temp: 35.6°C | Humidity: 85%
 -> Sent Weather | Zone: Shivajinagar  | Temp: 35.4°C | Humidity: 89%

--- Emitting Weather Window: 12:13:29 ---
 -> Sent Weather | Zone: Hinjewadi     | Temp: 35.2°C | Humidity: 90%
 -> Sent Weather | Zone: FC Road       | Temp: 35.4°C | Humidity: 91%
 -> Sent Weather | Zone: Kothrud       | Temp: 35.4°C | Humidity: 94%
 -> Sent Weather | Zone: Hadapsar      | Temp: 36.0°C | Humidity: 88%
 -> Sent Weather | Zone: Shivajinagar  | Temp: 34.9°C | Humidity: 90%

--- Emitting Weather Window: 12:13:48 ---
 -> Sent Weather | Zone: Hinjewadi     | Temp: 35.5°C | Humidity: 91%
 -> Sent Weather | Zone: FC Road       | Temp: 35.3°C | Humidity: 91%
⚠️ API Fetch error: HTTPSConnectionPool(host='api.open-meteo.com', port=443): Read timed out. (read timeout=10)
 -> Sent Weather | Zone: Kothrud       | Temp: 32.0°C | Humidity: 60%
 -> Sent Weather | Zone: Hadapsar      | Temp: 35.8°C | Humidity: 88%
 -> Sent Weather | Zone: Shivajinagar  | Temp: 35.0°C | Humidity: 90%

--- Emitting Weather Window: 12:14:17 ---
 -> Sent Weather | Zone: Hinjewadi     | Temp: 35.0°C | Humidity: 90%
 -> Sent Weather | Zone: FC Road       | Temp: 35.0°C | Humidity: 90%
 -> Sent Weather | Zone: Kothrud       | Temp: 35.1°C | Humidity: 93%
 -> Sent Weather | Zone: Hadapsar      | Temp: 35.5°C | Humidity: 87%
 -> Sent Weather | Zone: Shivajinagar  | Temp: 35.3°C | Humidity: 91%

--- Emitting Weather Window: 12:14:36 ---
 -> Sent Weather | Zone: Hinjewadi     | Temp: 35.3°C | Humidity: 91%
 -> Sent Weather | Zone: FC Road       | Temp: 35.1°C | Humidity: 90%
 -> Sent Weather | Zone: Kothrud       | Temp: 35.1°C | Humidity: 93%
 -> Sent Weather | Zone: Hadapsar      | Temp: 35.6°C | Humidity: 87%
 -> Sent Weather | Zone: Shivajinagar  | Temp: 35.3°C | Humidity: 91%

--- Emitting Weather Window: 12:14:55 ---
 -> Sent Weather | Zone: Hinjewadi     | Temp: 35.2°C | Humidity: 91%
 -> Sent Weather | Zone: FC Road       | Temp: 35.3°C | Humidity: 91%
 -> Sent Weather | Zone: Kothrud       | Temp: 35.3°C | Humidity: 94%
 -> Sent Weather | Zone: Hadapsar      | Temp: 35.6°C | Humidity: 87%
 -> Sent Weather | Zone: Shivajinagar  | Temp: 35.0°C | Humidity: 90%

--- Emitting Weather Window: 12:15:15 ---
 -> Sent Weather | Zone: Hinjewadi     | Temp: 35.0°C | Humidity: 90%
 -> Sent Weather | Zone: FC Road       | Temp: 35.4°C | Humidity: 91%
 -> Sent Weather | Zone: Kothrud       | Temp: 35.2°C | Humidity: 93%
 -> Sent Weather | Zone: Hadapsar      | Temp: 35.8°C | Humidity: 87%
 -> Sent Weather | Zone: Shivajinagar  | Temp: 35.1°C | Humidity: 90%

--- Emitting Weather Window: 12:15:34 ---
 -> Sent Weather | Zone: Hinjewadi     | Temp: 34.9°C | Humidity: 90%
 -> Sent Weather | Zone: FC Road       | Temp: 35.1°C | Humidity: 90%
 -> Sent Weather | Zone: Kothrud       | Temp: 35.1°C | Humidity: 93%
 -> Sent Weather | Zone: Hadapsar      | Temp: 36.1°C | Humidity: 88%
 -> Sent Weather | Zone: Shivajinagar  | Temp: 35.7°C | Humidity: 91%

--- Emitting Weather Window: 12:15:53 ---
 -> Sent Weather | Zone: Hinjewadi     | Temp: 35.5°C | Humidity: 91%
 -> Sent Weather | Zone: FC Road       | Temp: 35.3°C | Humidity: 90%
 -> Sent Weather | Zone: Kothrud       | Temp: 35.6°C | Humidity: 94%
 -> Sent Weather | Zone: Hadapsar      | Temp: 36.0°C | Humidity: 87%
 -> Sent Weather | Zone: Shivajinagar  | Temp: 35.7°C | Humidity: 91%

--- Emitting Weather Window: 12:16:13 ---
 -> Sent Weather | Zone: Hinjewadi     | Temp: 35.5°C | Humidity: 91%
 -> Sent Weather | Zone: FC Road       | Temp: 35.2°C | Humidity: 90%
 -> Sent Weather | Zone: Kothrud       | Temp: 35.5°C | Humidity: 94%
 -> Sent Weather | Zone: Hadapsar      | Temp: 36.3°C | Humidity: 88%
 -> Sent Weather | Zone: Shivajinagar  | Temp: 35.1°C | Humidity: 90%

--- Emitting Weather Window: 12:16:33 ---
 -> Sent Weather | Zone: Hinjewadi     | Temp: 34.9°C | Humidity: 90%
 -> Sent Weather | Zone: FC Road       | Temp: 35.6°C | Humidity: 91%
 -> Sent Weather | Zone: Kothrud       | Temp: 35.1°C | Humidity: 93%
 -> Sent Weather | Zone: Hadapsar      | Temp: 35.7°C | Humidity: 87%
 -> Sent Weather | Zone: Shivajinagar  | Temp: 35.2°C | Humidity: 90%

--- Emitting Weather Window: 12:16:54 ---
 -> Sent Weather | Zone: Hinjewadi     | Temp: 35.3°C | Humidity: 91%
 -> Sent Weather | Zone: FC Road       | Temp: 35.1°C | Humidity: 90%
 -> Sent Weather | Zone: Kothrud       | Temp: 35.2°C | Humidity: 93%
 -> Sent Weather | Zone: Hadapsar      | Temp: 36.1°C | Humidity: 88%
 -> Sent Weather | Zone: Shivajinagar  | Temp: 35.2°C | Humidity: 90%

--- Emitting Weather Window: 12:17:12 ---
 -> Sent Weather | Zone: Hinjewadi     | Temp: 35.5°C | Humidity: 91%
 -> Sent Weather | Zone: FC Road       | Temp: 35.7°C | Humidity: 91%
 -> Sent Weather | Zone: Kothrud       | Temp: 35.6°C | Humidity: 94%
 -> Sent Weather | Zone: Hadapsar      | Temp: 35.8°C | Humidity: 87%
 -> Sent Weather | Zone: Shivajinagar  | Temp: 35.7°C | Humidity: 91%

--- Emitting Weather Window: 12:17:32 ---
 -> Sent Weather | Zone: Hinjewadi     | Temp: 35.5°C | Humidity: 91%
 -> Sent Weather | Zone: FC Road       | Temp: 35.4°C | Humidity: 90%
 -> Sent Weather | Zone: Kothrud       | Temp: 35.5°C | Humidity: 94%
 -> Sent Weather | Zone: Hadapsar      | Temp: 36.2°C | Humidity: 88%
 -> Sent Weather | Zone: Shivajinagar  | Temp: 35.2°C | Humidity: 90%

--- Emitting Weather Window: 12:17:51 ---
 -> Sent Weather | Zone: Hinjewadi     | Temp: 35.0°C | Humidity: 90%
 -> Sent Weather | Zone: FC Road       | Temp: 35.2°C | Humidity: 90%
 -> Sent Weather | Zone: Kothrud       | Temp: 35.3°C | Humidity: 94%
 -> Sent Weather | Zone: Hadapsar      | Temp: 36.1°C | Humidity: 88%
 -> Sent Weather | Zone: Shivajinagar  | Temp: 35.4°C | Humidity: 90%

--- Emitting Weather Window: 12:18:10 ---
 -> Sent Weather | Zone: Hinjewadi     | Temp: 34.9°C | Humidity: 90%
 -> Sent Weather | Zone: FC Road       | Temp: 35.5°C | Humidity: 91%
 -> Sent Weather | Zone: Kothrud       | Temp: 35.0°C | Humidity: 93%
 -> Sent Weather | Zone: Hadapsar      | Temp: 35.9°C | Humidity: 87%
 -> Sent Weather | Zone: Shivajinagar  | Temp: 35.4°C | Humidity: 90%

--- Emitting Weather Window: 12:18:30 ---
 -> Sent Weather | Zone: Hinjewadi     | Temp: 35.4°C | Humidity: 92%
 -> Sent Weather | Zone: FC Road       | Temp: 35.0°C | Humidity: 90%
 -> Sent Weather | Zone: Kothrud       | Temp: 35.1°C | Humidity: 94%
 -> Sent Weather | Zone: Hadapsar      | Temp: 35.7°C | Humidity: 87%
 -> Sent Weather | Zone: Shivajinagar  | Temp: 35.2°C | Humidity: 91%

--- Emitting Weather Window: 12:18:49 ---
 -> Sent Weather | Zone: Hinjewadi     | Temp: 35.0°C | Humidity: 91%
 -> Sent Weather | Zone: FC Road       | Temp: 34.9°C | Humidity: 90%
 -> Sent Weather | Zone: Kothrud       | Temp: 34.7°C | Humidity: 93%
 -> Sent Weather | Zone: Hadapsar      | Temp: 35.8°C | Humidity: 88%
 -> Sent Weather | Zone: Shivajinagar  | Temp: 35.0°C | Humidity: 90%

--- Emitting Weather Window: 12:19:08 ---
 -> Sent Weather | Zone: Hinjewadi     | Temp: 35.2°C | Humidity: 92%
 -> Sent Weather | Zone: FC Road       | Temp: 35.1°C | Humidity: 90%
⚠️ API Fetch error: HTTPSConnectionPool(host='api.open-meteo.com', port=443): Read timed out. (read timeout=10)
 -> Sent Weather | Zone: Kothrud       | Temp: 31.8°C | Humidity: 59%
 -> Sent Weather | Zone: Hadapsar      | Temp: 35.5°C | Humidity: 87%
 -> Sent Weather | Zone: Shivajinagar  | Temp: 35.0°C | Humidity: 90%

--- Emitting Weather Window: 12:19:37 ---
 -> Sent Weather | Zone: Hinjewadi     | Temp: 35.4°C | Humidity: 92%
 -> Sent Weather | Zone: FC Road       | Temp: 35.3°C | Humidity: 91%
 -> Sent Weather | Zone: Kothrud       | Temp: 35.1°C | Humidity: 94%
 -> Sent Weather | Zone: Hadapsar      | Temp: 35.8°C | Humidity: 88%
 -> Sent Weather | Zone: Shivajinagar  | Temp: 34.8°C | Humidity: 90%

--- Emitting Weather Window: 12:19:56 ---
 -> Sent Weather | Zone: Hinjewadi     | Temp: 34.9°C | Humidity: 91%
 -> Sent Weather | Zone: FC Road       | Temp: 34.9°C | Humidity: 90%
 -> Sent Weather | Zone: Kothrud       | Temp: 35.1°C | Humidity: 94%
 -> Sent Weather | Zone: Hadapsar      | Temp: 35.8°C | Humidity: 87%
⚠️ API Fetch error: HTTPSConnectionPool(host='api.open-meteo.com', port=443): Read timed out. (read timeout=10)
 -> Sent Weather | Zone: Shivajinagar  | Temp: 32.3°C | Humidity: 60%

--- Emitting Weather Window: 12:20:25 ---
 -> Sent Weather | Zone: Hinjewadi     | Temp: 35.1°C | Humidity: 91%
 -> Sent Weather | Zone: FC Road       | Temp: 35.1°C | Humidity: 90%
 -> Sent Weather | Zone: Kothrud       | Temp: 35.1°C | Humidity: 94%
 -> Sent Weather | Zone: Hadapsar      | Temp: 35.7°C | Humidity: 87%
 -> Sent Weather | Zone: Shivajinagar  | Temp: 35.2°C | Humidity: 91%

--- Emitting Weather Window: 12:20:44 ---
 -> Sent Weather | Zone: Hinjewadi     | Temp: 34.9°C | Humidity: 91%
 -> Sent Weather | Zone: FC Road       | Temp: 35.2°C | Humidity: 91%
 -> Sent Weather | Zone: Kothrud       | Temp: 34.9°C | Humidity: 94%
 -> Sent Weather | Zone: Hadapsar      | Temp: 36.1°C | Humidity: 88%
 -> Sent Weather | Zone: Shivajinagar  | Temp: 35.3°C | Humidity: 91%

--- Emitting Weather Window: 12:21:03 ---
 -> Sent Weather | Zone: Hinjewadi     | Temp: 35.4°C | Humidity: 92%
 -> Sent Weather | Zone: FC Road       | Temp: 34.9°C | Humidity: 90%
 -> Sent Weather | Zone: Kothrud       | Temp: 34.9°C | Humidity: 93%
 -> Sent Weather | Zone: Hadapsar      | Temp: 35.8°C | Humidity: 87%
⚠️ API Fetch error: HTTPSConnectionPool(host='api.open-meteo.com', port=443): Read timed out. (read timeout=10)
 -> Sent Weather | Zone: Shivajinagar  | Temp: 32.0°C | Humidity: 60%

--- Emitting Weather Window: 12:21:32 ---
 -> Sent Weather | Zone: Hinjewadi     | Temp: 35.3°C | Humidity: 92%
 -> Sent Weather | Zone: FC Road       | Temp: 35.4°C | Humidity: 91%
 -> Sent Weather | Zone: Kothrud       | Temp: 34.6°C | Humidity: 93%
 -> Sent Weather | Zone: Hadapsar      | Temp: 35.9°C | Humidity: 88%
 -> Sent Weather | Zone: Shivajinagar  | Temp: 35.1°C | Humidity: 90%

--- Emitting Weather Window: 12:21:51 ---
 -> Sent Weather | Zone: Hinjewadi     | Temp: 34.9°C | Humidity: 91%
 -> Sent Weather | Zone: FC Road       | Temp: 35.1°C | Humidity: 90%
 -> Sent Weather | Zone: Kothrud       | Temp: 35.0°C | Humidity: 94%
 -> Sent Weather | Zone: Hadapsar      | Temp: 36.0°C | Humidity: 88%
 -> Sent Weather | Zone: Shivajinagar  | Temp: 35.1°C | Humidity: 91%

--- Emitting Weather Window: 12:22:10 ---
 -> Sent Weather | Zone: Hinjewadi     | Temp: 35.4°C | Humidity: 92%
 -> Sent Weather | Zone: FC Road       | Temp: 35.4°C | Humidity: 91%
 -> Sent Weather | Zone: Kothrud       | Temp: 34.9°C | Humidity: 94%
 -> Sent Weather | Zone: Hadapsar      | Temp: 35.5°C | Humidity: 87%
 -> Sent Weather | Zone: Shivajinagar  | Temp: 34.9°C | Humidity: 90%

--- Emitting Weather Window: 12:22:30 ---
 -> Sent Weather | Zone: Hinjewadi     | Temp: 35.4°C | Humidity: 92%
 -> Sent Weather | Zone: FC Road       | Temp: 35.4°C | Humidity: 91%
 -> Sent Weather | Zone: Kothrud       | Temp: 34.6°C | Humidity: 93%
 -> Sent Weather | Zone: Hadapsar      | Temp: 35.4°C | Humidity: 87%
 -> Sent Weather | Zone: Shivajinagar  | Temp: 34.9°C | Humidity: 90%

--- Emitting Weather Window: 12:22:49 ---
 -> Sent Weather | Zone: Hinjewadi     | Temp: 35.1°C | Humidity: 91%
 -> Sent Weather | Zone: FC Road       | Temp: 35.4°C | Humidity: 91%
 -> Sent Weather | Zone: Kothrud       | Temp: 34.6°C | Humidity: 93%
 -> Sent Weather | Zone: Hadapsar      | Temp: 35.5°C | Humidity: 87%
 -> Sent Weather | Zone: Shivajinagar  | Temp: 35.3°C | Humidity: 91%

--- Emitting Weather Window: 12:23:08 ---
 -> Sent Weather | Zone: Hinjewadi     | Temp: 34.9°C | Humidity: 91%
 -> Sent Weather | Zone: FC Road       | Temp: 35.3°C | Humidity: 91%
 -> Sent Weather | Zone: Kothrud       | Temp: 34.7°C | Humidity: 93%
 -> Sent Weather | Zone: Hadapsar      | Temp: 35.6°C | Humidity: 87%
 -> Sent Weather | Zone: Shivajinagar  | Temp: 35.1°C | Humidity: 90%

--- Emitting Weather Window: 12:23:28 ---
 -> Sent Weather | Zone: Hinjewadi     | Temp: 35.4°C | Humidity: 92%
 -> Sent Weather | Zone: FC Road       | Temp: 34.9°C | Humidity: 90%
 -> Sent Weather | Zone: Kothrud       | Temp: 34.7°C | Humidity: 93%
 -> Sent Weather | Zone: Hadapsar      | Temp: 35.6°C | Humidity: 87%
 -> Sent Weather | Zone: Shivajinagar  | Temp: 35.2°C | Humidity: 91%

--- Emitting Weather Window: 12:23:47 ---
 -> Sent Weather | Zone: Hinjewadi     | Temp: 35.4°C | Humidity: 92%
 -> Sent Weather | Zone: FC Road       | Temp: 35.2°C | Humidity: 91%
 -> Sent Weather | Zone: Kothrud       | Temp: 34.8°C | Humidity: 93%
 -> Sent Weather | Zone: Hadapsar      | Temp: 36.0°C | Humidity: 88%
 -> Sent Weather | Zone: Shivajinagar  | Temp: 35.3°C | Humidity: 91%

--- Emitting Weather Window: 12:24:07 ---
 -> Sent Weather | Zone: Hinjewadi     | Temp: 35.1°C | Humidity: 91%
 -> Sent Weather | Zone: FC Road       | Temp: 35.0°C | Humidity: 90%
 -> Sent Weather | Zone: Kothrud       | Temp: 34.7°C | Humidity: 93%
 -> Sent Weather | Zone: Hadapsar      | Temp: 36.2°C | Humidity: 88%
 -> Sent Weather | Zone: Shivajinagar  | Temp: 35.1°C | Humidity: 90%

--- Emitting Weather Window: 12:24:26 ---
⚠️ API Fetch error: HTTPSConnectionPool(host='api.open-meteo.com', port=443): Read timed out. (read timeout=10)
 -> Sent Weather | Zone: Hinjewadi     | Temp: 31.8°C | Humidity: 59%
 -> Sent Weather | Zone: FC Road       | Temp: 35.0°C | Humidity: 90%
 -> Sent Weather | Zone: Kothrud       | Temp: 35.1°C | Humidity: 94%
 -> Sent Weather | Zone: Hadapsar      | Temp: 35.6°C | Humidity: 87%
 -> Sent Weather | Zone: Shivajinagar  | Temp: 34.9°C | Humidity: 90%

--- Emitting Weather Window: 12:24:55 ---
 -> Sent Weather | Zone: Hinjewadi     | Temp: 35.0°C | Humidity: 91%
 -> Sent Weather | Zone: FC Road       | Temp: 34.9°C | Humidity: 90%
 -> Sent Weather | Zone: Kothrud       | Temp: 34.7°C | Humidity: 93%
 -> Sent Weather | Zone: Hadapsar      | Temp: 35.8°C | Humidity: 87%
 -> Sent Weather | Zone: Shivajinagar  | Temp: 35.2°C | Humidity: 91%

--- Emitting Weather Window: 12:25:15 ---
 -> Sent Weather | Zone: Hinjewadi     | Temp: 35.1°C | Humidity: 91%
 -> Sent Weather | Zone: FC Road       | Temp: 35.1°C | Humidity: 90%
 -> Sent Weather | Zone: Kothrud       | Temp: 34.8°C | Humidity: 93%
 -> Sent Weather | Zone: Hadapsar      | Temp: 35.6°C | Humidity: 87%
 -> Sent Weather | Zone: Shivajinagar  | Temp: 34.9°C | Humidity: 90%

--- Emitting Weather Window: 12:25:34 ---
 -> Sent Weather | Zone: Hinjewadi     | Temp: 35.2°C | Humidity: 92%
 -> Sent Weather | Zone: FC Road       | Temp: 35.1°C | Humidity: 90%
 -> Sent Weather | Zone: Kothrud       | Temp: 35.0°C | Humidity: 94%
 -> Sent Weather | Zone: Hadapsar      | Temp: 35.9°C | Humidity: 88%
 -> Sent Weather | Zone: Shivajinagar  | Temp: 35.1°C | Humidity: 90%

--- Emitting Weather Window: 12:25:54 ---
 -> Sent Weather | Zone: Hinjewadi     | Temp: 34.9°C | Humidity: 91%
 -> Sent Weather | Zone: FC Road       | Temp: 35.3°C | Humidity: 91%
 -> Sent Weather | Zone: Kothrud       | Temp: 34.7°C | Humidity: 93%
 -> Sent Weather | Zone: Hadapsar      | Temp: 36.2°C | Humidity: 88%
 -> Sent Weather | Zone: Shivajinagar  | Temp: 35.2°C | Humidity: 91%

--- Emitting Weather Window: 12:26:14 ---
 -> Sent Weather | Zone: Hinjewadi     | Temp: 35.4°C | Humidity: 92%
 -> Sent Weather | Zone: FC Road       | Temp: 35.3°C | Humidity: 91%
 -> Sent Weather | Zone: Kothrud       | Temp: 34.8°C | Humidity: 93%
 -> Sent Weather | Zone: Hadapsar      | Temp: 35.5°C | Humidity: 87%
 -> Sent Weather | Zone: Shivajinagar  | Temp: 35.1°C | Humidity: 90%

--- Emitting Weather Window: 12:26:34 ---
 -> Sent Weather | Zone: Hinjewadi     | Temp: 35.2°C | Humidity: 92%
 -> Sent Weather | Zone: FC Road       | Temp: 35.4°C | Humidity: 91%
 -> Sent Weather | Zone: Kothrud       | Temp: 34.8°C | Humidity: 93%
 -> Sent Weather | Zone: Hadapsar      | Temp: 35.6°C | Humidity: 87%
 -> Sent Weather | Zone: Shivajinagar  | Temp: 35.4°C | Humidity: 91%

--- Emitting Weather Window: 12:26:54 ---
 -> Sent Weather | Zone: Hinjewadi     | Temp: 34.9°C | Humidity: 91%
 -> Sent Weather | Zone: FC Road       | Temp: 35.0°C | Humidity: 90%
 -> Sent Weather | Zone: Kothrud       | Temp: 35.2°C | Humidity: 94%
 -> Sent Weather | Zone: Hadapsar      | Temp: 35.7°C | Humidity: 87%
 -> Sent Weather | Zone: Shivajinagar  | Temp: 35.0°C | Humidity: 90%

--- Emitting Weather Window: 12:27:13 ---
 -> Sent Weather | Zone: Hinjewadi     | Temp: 34.9°C | Humidity: 91%
 -> Sent Weather | Zone: FC Road       | Temp: 34.8°C | Humidity: 90%
 -> Sent Weather | Zone: Kothrud       | Temp: 35.2°C | Humidity: 94%
 -> Sent Weather | Zone: Hadapsar      | Temp: 35.7°C | Humidity: 87%
 -> Sent Weather | Zone: Shivajinagar  | Temp: 35.3°C | Humidity: 91%

--- Emitting Weather Window: 12:27:32 ---
 -> Sent Weather | Zone: Hinjewadi     | Temp: 34.9°C | Humidity: 91%
 -> Sent Weather | Zone: FC Road       | Temp: 35.0°C | Humidity: 90%
 -> Sent Weather | Zone: Kothrud       | Temp: 35.1°C | Humidity: 94%
 -> Sent Weather | Zone: Hadapsar      | Temp: 35.7°C | Humidity: 87%
 -> Sent Weather | Zone: Shivajinagar  | Temp: 34.8°C | Humidity: 90%

--- Emitting Weather Window: 12:27:51 ---
 -> Sent Weather | Zone: Hinjewadi     | Temp: 35.4°C | Humidity: 92%
 -> Sent Weather | Zone: FC Road       | Temp: 34.9°C | Humidity: 90%
 -> Sent Weather | Zone: Kothrud       | Temp: 34.6°C | Humidity: 93%
 -> Sent Weather | Zone: Hadapsar      | Temp: 35.7°C | Humidity: 87%
 -> Sent Weather | Zone: Shivajinagar  | Temp: 35.3°C | Humidity: 91%

--- Emitting Weather Window: 12:28:10 ---
 -> Sent Weather | Zone: Hinjewadi     | Temp: 35.0°C | Humidity: 91%
 -> Sent Weather | Zone: FC Road       | Temp: 35.4°C | Humidity: 91%
 -> Sent Weather | Zone: Kothrud       | Temp: 34.7°C | Humidity: 93%
 -> Sent Weather | Zone: Hadapsar      | Temp: 35.9°C | Humidity: 88%
 -> Sent Weather | Zone: Shivajinagar  | Temp: 35.2°C | Humidity: 91%

--- Emitting Weather Window: 12:28:29 ---
 -> Sent Weather | Zone: Hinjewadi     | Temp: 35.0°C | Humidity: 91%
 -> Sent Weather | Zone: FC Road       | Temp: 34.9°C | Humidity: 90%
 -> Sent Weather | Zone: Kothrud       | Temp: 35.2°C | Humidity: 94%
 -> Sent Weather | Zone: Hadapsar      | Temp: 35.8°C | Humidity: 87%
 -> Sent Weather | Zone: Shivajinagar  | Temp: 35.2°C | Humidity: 91%

--- Emitting Weather Window: 12:28:48 ---
 -> Sent Weather | Zone: Hinjewadi     | Temp: 35.4°C | Humidity: 92%
 -> Sent Weather | Zone: FC Road       | Temp: 35.4°C | Humidity: 91%
 -> Sent Weather | Zone: Kothrud       | Temp: 34.8°C | Humidity: 93%
 -> Sent Weather | Zone: Hadapsar      | Temp: 35.5°C | Humidity: 87%
 -> Sent Weather | Zone: Shivajinagar  | Temp: 35.3°C | Humidity: 91%

--- Emitting Weather Window: 12:29:07 ---
 -> Sent Weather | Zone: Hinjewadi     | Temp: 34.9°C | Humidity: 91%
 -> Sent Weather | Zone: FC Road       | Temp: 34.9°C | Humidity: 90%
 -> Sent Weather | Zone: Kothrud       | Temp: 35.2°C | Humidity: 94%
 -> Sent Weather | Zone: Hadapsar      | Temp: 35.8°C | Humidity: 87%
 -> Sent Weather | Zone: Shivajinagar  | Temp: 35.1°C | Humidity: 91%

--- Emitting Weather Window: 12:29:27 ---
 -> Sent Weather | Zone: Hinjewadi     | Temp: 35.2°C | Humidity: 92%
 -> Sent Weather | Zone: FC Road       | Temp: 35.3°C | Humidity: 91%
 -> Sent Weather | Zone: Kothrud       | Temp: 35.0°C | Humidity: 94%
 -> Sent Weather | Zone: Hadapsar      | Temp: 35.7°C | Humidity: 87%
 -> Sent Weather | Zone: Shivajinagar  | Temp: 34.8°C | Humidity: 90%

--- Emitting Weather Window: 12:29:46 ---
 -> Sent Weather | Zone: Hinjewadi     | Temp: 35.2°C | Humidity: 92%
 -> Sent Weather | Zone: FC Road       | Temp: 35.4°C | Humidity: 91%
 -> Sent Weather | Zone: Kothrud       | Temp: 35.1°C | Humidity: 94%
 -> Sent Weather | Zone: Hadapsar      | Temp: 35.7°C | Humidity: 87%
 -> Sent Weather | Zone: Shivajinagar  | Temp: 34.8°C | Humidity: 90%

--- Emitting Weather Window: 12:30:06 ---
 -> Sent Weather | Zone: Hinjewadi     | Temp: 35.0°C | Humidity: 91%
 -> Sent Weather | Zone: FC Road       | Temp: 35.0°C | Humidity: 90%
 -> Sent Weather | Zone: Kothrud       | Temp: 35.0°C | Humidity: 93%
 -> Sent Weather | Zone: Hadapsar      | Temp: 35.7°C | Humidity: 87%
 -> Sent Weather | Zone: Shivajinagar  | Temp: 35.3°C | Humidity: 90%

--- Emitting Weather Window: 12:30:50 ---
 -> Sent Weather | Zone: Hinjewadi     | Temp: 35.0°C | Humidity: 91%
 -> Sent Weather | Zone: FC Road       | Temp: 35.1°C | Humidity: 90%
 -> Sent Weather | Zone: Kothrud       | Temp: 35.3°C | Humidity: 94%
 -> Sent Weather | Zone: Hadapsar      | Temp: 36.3°C | Humidity: 88%
 -> Sent Weather | Zone: Shivajinagar  | Temp: 35.0°C | Humidity: 90%

--- Emitting Weather Window: 12:31:11 ---
 -> Sent Weather | Zone: Hinjewadi     | Temp: 35.6°C | Humidity: 92%
 -> Sent Weather | Zone: FC Road       | Temp: 35.0°C | Humidity: 90%
 -> Sent Weather | Zone: Kothrud       | Temp: 34.8°C | Humidity: 93%
 -> Sent Weather | Zone: Hadapsar      | Temp: 36.0°C | Humidity: 87%
 -> Sent Weather | Zone: Shivajinagar  | Temp: 35.4°C | Humidity: 91%

--- Emitting Weather Window: 12:31:31 ---
 -> Sent Weather | Zone: Hinjewadi     | Temp: 35.5°C | Humidity: 92%
 -> Sent Weather | Zone: FC Road       | Temp: 35.5°C | Humidity: 91%
 -> Sent Weather | Zone: Kothrud       | Temp: 35.1°C | Humidity: 94%
 -> Sent Weather | Zone: Hadapsar      | Temp: 35.9°C | Humidity: 87%
 -> Sent Weather | Zone: Shivajinagar  | Temp: 35.4°C | Humidity: 91%

--- Emitting Weather Window: 12:31:51 ---
 -> Sent Weather | Zone: Hinjewadi     | Temp: 35.3°C | Humidity: 92%
 -> Sent Weather | Zone: FC Road       | Temp: 35.4°C | Humidity: 91%
 -> Sent Weather | Zone: Kothrud       | Temp: 35.0°C | Humidity: 93%
 -> Sent Weather | Zone: Hadapsar      | Temp: 36.1°C | Humidity: 88%
 -> Sent Weather | Zone: Shivajinagar  | Temp: 35.2°C | Humidity: 90%

--- Emitting Weather Window: 12:32:10 ---
 -> Sent Weather | Zone: Hinjewadi     | Temp: 35.4°C | Humidity: 92%
 -> Sent Weather | Zone: FC Road       | Temp: 35.4°C | Humidity: 91%
 -> Sent Weather | Zone: Kothrud       | Temp: 35.4°C | Humidity: 94%
 -> Sent Weather | Zone: Hadapsar      | Temp: 35.7°C | Humidity: 87%
 -> Sent Weather | Zone: Shivajinagar  | Temp: 35.6°C | Humidity: 91%

--- Emitting Weather Window: 12:32:29 ---
⚠️ API Fetch error: HTTPSConnectionPool(host='api.open-meteo.com', port=443): Read timed out. (read timeout=10)
 -> Sent Weather | Zone: Hinjewadi     | Temp: 31.8°C | Humidity: 59%
 -> Sent Weather | Zone: FC Road       | Temp: 35.6°C | Humidity: 91%
 -> Sent Weather | Zone: Kothrud       | Temp: 35.3°C | Humidity: 94%
 -> Sent Weather | Zone: Hadapsar      | Temp: 35.8°C | Humidity: 87%
 -> Sent Weather | Zone: Shivajinagar  | Temp: 35.6°C | Humidity: 91%

--- Emitting Weather Window: 12:32:58 ---
 -> Sent Weather | Zone: Hinjewadi     | Temp: 35.6°C | Humidity: 92%
 -> Sent Weather | Zone: FC Road       | Temp: 35.1°C | Humidity: 90%
 -> Sent Weather | Zone: Kothrud       | Temp: 35.1°C | Humidity: 93%
 -> Sent Weather | Zone: Hadapsar      | Temp: 36.2°C | Humidity: 88%
 -> Sent Weather | Zone: Shivajinagar  | Temp: 35.6°C | Humidity: 91%

--- Emitting Weather Window: 12:33:17 ---
 -> Sent Weather | Zone: Hinjewadi     | Temp: 35.3°C | Humidity: 92%
 -> Sent Weather | Zone: FC Road       | Temp: 35.4°C | Humidity: 91%
 -> Sent Weather | Zone: Kothrud       | Temp: 34.8°C | Humidity: 93%
 -> Sent Weather | Zone: Hadapsar      | Temp: 35.8°C | Humidity: 87%
 -> Sent Weather | Zone: Shivajinagar  | Temp: 35.5°C | Humidity: 91%

--- Emitting Weather Window: 12:33:36 ---
 -> Sent Weather | Zone: Hinjewadi     | Temp: 35.4°C | Humidity: 92%
 -> Sent Weather | Zone: FC Road       | Temp: 35.1°C | Humidity: 90%
 -> Sent Weather | Zone: Kothrud       | Temp: 34.8°C | Humidity: 93%
 -> Sent Weather | Zone: Hadapsar      | Temp: 36.1°C | Humidity: 88%
 -> Sent Weather | Zone: Shivajinagar  | Temp: 35.4°C | Humidity: 91%

--- Emitting Weather Window: 12:33:56 ---
 -> Sent Weather | Zone: Hinjewadi     | Temp: 35.3°C | Humidity: 91%
 -> Sent Weather | Zone: FC Road       | Temp: 35.4°C | Humidity: 91%
 -> Sent Weather | Zone: Kothrud       | Temp: 34.8°C | Humidity: 93%
 -> Sent Weather | Zone: Hadapsar      | Temp: 36.2°C | Humidity: 88%
 -> Sent Weather | Zone: Shivajinagar  | Temp: 35.2°C | Humidity: 90%

--- Emitting Weather Window: 12:34:14 ---
 -> Sent Weather | Zone: Hinjewadi     | Temp: 35.0°C | Humidity: 91%
 -> Sent Weather | Zone: FC Road       | Temp: 35.5°C | Humidity: 91%
 -> Sent Weather | Zone: Kothrud       | Temp: 35.0°C | Humidity: 93%
 -> Sent Weather | Zone: Hadapsar      | Temp: 35.7°C | Humidity: 87%
 -> Sent Weather | Zone: Shivajinagar  | Temp: 35.2°C | Humidity: 90%

--- Emitting Weather Window: 12:34:34 ---
 -> Sent Weather | Zone: Hinjewadi     | Temp: 35.3°C | Humidity: 91%
 -> Sent Weather | Zone: FC Road       | Temp: 35.3°C | Humidity: 91%
 -> Sent Weather | Zone: Kothrud       | Temp: 35.1°C | Humidity: 94%
 -> Sent Weather | Zone: Hadapsar      | Temp: 36.3°C | Humidity: 88%
 -> Sent Weather | Zone: Shivajinagar  | Temp: 35.0°C | Humidity: 90%

--- Emitting Weather Window: 12:34:53 ---
 -> Sent Weather | Zone: Hinjewadi     | Temp: 35.2°C | Humidity: 91%
 -> Sent Weather | Zone: FC Road       | Temp: 35.6°C | Humidity: 91%
 -> Sent Weather | Zone: Kothrud       | Temp: 35.3°C | Humidity: 94%
⚠️ API Fetch error: HTTPSConnectionPool(host='api.open-meteo.com', port=443): Read timed out. (read timeout=10)
 -> Sent Weather | Zone: Hadapsar      | Temp: 31.8°C | Humidity: 59%
 -> Sent Weather | Zone: Shivajinagar  | Temp: 35.4°C | Humidity: 91%

--- Emitting Weather Window: 12:35:22 ---
 -> Sent Weather | Zone: Hinjewadi     | Temp: 35.5°C | Humidity: 92%
 -> Sent Weather | Zone: FC Road       | Temp: 35.2°C | Humidity: 90%
 -> Sent Weather | Zone: Kothrud       | Temp: 35.1°C | Humidity: 94%
 -> Sent Weather | Zone: Hadapsar      | Temp: 35.9°C | Humidity: 87%
 -> Sent Weather | Zone: Shivajinagar  | Temp: 35.0°C | Humidity: 90%

--- Emitting Weather Window: 12:35:42 ---
 -> Sent Weather | Zone: Hinjewadi     | Temp: 35.2°C | Humidity: 91%
 -> Sent Weather | Zone: FC Road       | Temp: 35.3°C | Humidity: 90%
 -> Sent Weather | Zone: Kothrud       | Temp: 35.2°C | Humidity: 94%
 -> Sent Weather | Zone: Hadapsar      | Temp: 36.1°C | Humidity: 88%
 -> Sent Weather | Zone: Shivajinagar  | Temp: 35.6°C | Humidity: 91%

--- Emitting Weather Window: 12:36:01 ---
 -> Sent Weather | Zone: Hinjewadi     | Temp: 35.1°C | Humidity: 91%
 -> Sent Weather | Zone: FC Road       | Temp: 35.1°C | Humidity: 90%
 -> Sent Weather | Zone: Kothrud       | Temp: 34.8°C | Humidity: 93%
 -> Sent Weather | Zone: Hadapsar      | Temp: 35.9°C | Humidity: 87%
 -> Sent Weather | Zone: Shivajinagar  | Temp: 35.6°C | Humidity: 91%

--- Emitting Weather Window: 12:36:21 ---
 -> Sent Weather | Zone: Hinjewadi     | Temp: 35.3°C | Humidity: 92%
 -> Sent Weather | Zone: FC Road       | Temp: 35.6°C | Humidity: 91%
 -> Sent Weather | Zone: Kothrud       | Temp: 35.4°C | Humidity: 94%
 -> Sent Weather | Zone: Hadapsar      | Temp: 36.0°C | Humidity: 87%
⚠️ API Fetch error: HTTPSConnectionPool(host='api.open-meteo.com', port=443): Read timed out. (read timeout=10)
 -> Sent Weather | Zone: Shivajinagar  | Temp: 31.8°C | Humidity: 59%

--- Emitting Weather Window: 12:36:50 ---
 -> Sent Weather | Zone: Hinjewadi     | Temp: 35.4°C | Humidity: 92%
 -> Sent Weather | Zone: FC Road       | Temp: 35.2°C | Humidity: 90%
 -> Sent Weather | Zone: Kothrud       | Temp: 35.1°C | Humidity: 93%
 -> Sent Weather | Zone: Hadapsar      | Temp: 36.2°C | Humidity: 88%
 -> Sent Weather | Zone: Shivajinagar  | Temp: 35.1°C | Humidity: 90%

--- Emitting Weather Window: 12:37:09 ---
 -> Sent Weather | Zone: Hinjewadi     | Temp: 35.5°C | Humidity: 92%
 -> Sent Weather | Zone: FC Road       | Temp: 35.3°C | Humidity: 90%
 -> Sent Weather | Zone: Kothrud       | Temp: 35.4°C | Humidity: 94%
 -> Sent Weather | Zone: Hadapsar      | Temp: 35.9°C | Humidity: 87%
 -> Sent Weather | Zone: Shivajinagar  | Temp: 35.2°C | Humidity: 90%

--- Emitting Weather Window: 12:37:28 ---
 -> Sent Weather | Zone: Hinjewadi     | Temp: 35.2°C | Humidity: 91%
 -> Sent Weather | Zone: FC Road       | Temp: 35.2°C | Humidity: 90%
 -> Sent Weather | Zone: Kothrud       | Temp: 34.8°C | Humidity: 93%
 -> Sent Weather | Zone: Hadapsar      | Temp: 35.9°C | Humidity: 87%
 -> Sent Weather | Zone: Shivajinagar  | Temp: 35.0°C | Humidity: 90%

--- Emitting Weather Window: 12:37:47 ---
 -> Sent Weather | Zone: Hinjewadi     | Temp: 35.2°C | Humidity: 91%
 -> Sent Weather | Zone: FC Road       | Temp: 35.1°C | Humidity: 90%
 -> Sent Weather | Zone: Kothrud       | Temp: 35.4°C | Humidity: 94%
 -> Sent Weather | Zone: Hadapsar      | Temp: 36.1°C | Humidity: 88%
 -> Sent Weather | Zone: Shivajinagar  | Temp: 35.3°C | Humidity: 91%

--- Emitting Weather Window: 12:38:07 ---
 -> Sent Weather | Zone: Hinjewadi     | Temp: 35.0°C | Humidity: 91%
 -> Sent Weather | Zone: FC Road       | Temp: 35.3°C | Humidity: 91%
 -> Sent Weather | Zone: Kothrud       | Temp: 35.1°C | Humidity: 93%
 -> Sent Weather | Zone: Hadapsar      | Temp: 35.7°C | Humidity: 87%
 -> Sent Weather | Zone: Shivajinagar  | Temp: 35.4°C | Humidity: 91%

--- Emitting Weather Window: 12:38:26 ---
 -> Sent Weather | Zone: Hinjewadi     | Temp: 35.1°C | Humidity: 91%
 -> Sent Weather | Zone: FC Road       | Temp: 35.3°C | Humidity: 91%
 -> Sent Weather | Zone: Kothrud       | Temp: 34.8°C | Humidity: 93%
 -> Sent Weather | Zone: Hadapsar      | Temp: 36.1°C | Humidity: 88%
 -> Sent Weather | Zone: Shivajinagar  | Temp: 35.4°C | Humidity: 91%

--- Emitting Weather Window: 12:38:45 ---
 -> Sent Weather | Zone: Hinjewadi     | Temp: 35.4°C | Humidity: 92%
 -> Sent Weather | Zone: FC Road       | Temp: 35.6°C | Humidity: 91%
 -> Sent Weather | Zone: Kothrud       | Temp: 35.4°C | Humidity: 94%
 -> Sent Weather | Zone: Hadapsar      | Temp: 36.1°C | Humidity: 88%
⚠️ API Fetch error: HTTPSConnectionPool(host='api.open-meteo.com', port=443): Max retries exceeded with url: /v1/forecast?latitude=18.5308&longitude=73.8474&current_weather=True&hourly=relativehumidity_2m%2Cprecipitation%2Csurface_pressure (Caused by ConnectTimeoutError(<urllib3.connection.HTTPSConnection object at 0x7374bf796b10>, 'Connection to api.open-meteo.com timed out. (connect timeout=10)'))
 -> Sent Weather | Zone: Shivajinagar  | Temp: 32.2°C | Humidity: 60%

--- Emitting Weather Window: 12:39:14 ---
 -> Sent Weather | Zone: Hinjewadi     | Temp: 35.6°C | Humidity: 92%
 -> Sent Weather | Zone: FC Road       | Temp: 35.2°C | Humidity: 90%
 -> Sent Weather | Zone: Kothrud       | Temp: 35.3°C | Humidity: 94%
 -> Sent Weather | Zone: Hadapsar      | Temp: 35.8°C | Humidity: 87%
 -> Sent Weather | Zone: Shivajinagar  | Temp: 35.0°C | Humidity: 90%

--- Emitting Weather Window: 12:39:33 ---
 -> Sent Weather | Zone: Hinjewadi     | Temp: 35.1°C | Humidity: 91%
 -> Sent Weather | Zone: FC Road       | Temp: 35.4°C | Humidity: 91%
 -> Sent Weather | Zone: Kothrud       | Temp: 34.9°C | Humidity: 93%
 -> Sent Weather | Zone: Hadapsar      | Temp: 35.7°C | Humidity: 87%
 -> Sent Weather | Zone: Shivajinagar  | Temp: 35.6°C | Humidity: 91%

--- Emitting Weather Window: 12:39:54 ---
 -> Sent Weather | Zone: Hinjewadi     | Temp: 35.2°C | Humidity: 91%
 -> Sent Weather | Zone: FC Road       | Temp: 35.4°C | Humidity: 91%
 -> Sent Weather | Zone: Kothrud       | Temp: 35.0°C | Humidity: 93%
 -> Sent Weather | Zone: Hadapsar      | Temp: 36.0°C | Humidity: 88%
 -> Sent Weather | Zone: Shivajinagar  | Temp: 35.5°C | Humidity: 91%

--- Emitting Weather Window: 12:40:13 ---
 -> Sent Weather | Zone: Hinjewadi     | Temp: 35.0°C | Humidity: 91%
 -> Sent Weather | Zone: FC Road       | Temp: 35.4°C | Humidity: 91%
 -> Sent Weather | Zone: Kothrud       | Temp: 35.2°C | Humidity: 94%
 -> Sent Weather | Zone: Hadapsar      | Temp: 36.2°C | Humidity: 88%
 -> Sent Weather | Zone: Shivajinagar  | Temp: 35.1°C | Humidity: 90%

--- Emitting Weather Window: 12:40:37 ---
 -> Sent Weather | Zone: Hinjewadi     | Temp: 35.6°C | Humidity: 92%
 -> Sent Weather | Zone: FC Road       | Temp: 35.0°C | Humidity: 90%
 -> Sent Weather | Zone: Kothrud       | Temp: 35.0°C | Humidity: 93%
 -> Sent Weather | Zone: Hadapsar      | Temp: 36.1°C | Humidity: 88%
 -> Sent Weather | Zone: Shivajinagar  | Temp: 35.1°C | Humidity: 90%

--- Emitting Weather Window: 12:40:56 ---
 -> Sent Weather | Zone: Hinjewadi     | Temp: 35.5°C | Humidity: 92%
 -> Sent Weather | Zone: FC Road       | Temp: 35.2°C | Humidity: 90%
 -> Sent Weather | Zone: Kothrud       | Temp: 35.0°C | Humidity: 93%
 -> Sent Weather | Zone: Hadapsar      | Temp: 35.7°C | Humidity: 87%
 -> Sent Weather | Zone: Shivajinagar  | Temp: 35.1°C | Humidity: 90%

--- Emitting Weather Window: 12:41:15 ---
 -> Sent Weather | Zone: Hinjewadi     | Temp: 35.0°C | Humidity: 91%
 -> Sent Weather | Zone: FC Road       | Temp: 35.6°C | Humidity: 91%
 -> Sent Weather | Zone: Kothrud       | Temp: 35.0°C | Humidity: 93%
 -> Sent Weather | Zone: Hadapsar      | Temp: 36.0°C | Humidity: 87%
 -> Sent Weather | Zone: Shivajinagar  | Temp: 35.0°C | Humidity: 90%

--- Emitting Weather Window: 12:41:35 ---
 -> Sent Weather | Zone: Hinjewadi     | Temp: 35.4°C | Humidity: 92%
 -> Sent Weather | Zone: FC Road       | Temp: 35.4°C | Humidity: 91%
 -> Sent Weather | Zone: Kothrud       | Temp: 35.1°C | Humidity: 93%
 -> Sent Weather | Zone: Hadapsar      | Temp: 36.1°C | Humidity: 88%
 -> Sent Weather | Zone: Shivajinagar  | Temp: 35.4°C | Humidity: 91%

--- Emitting Weather Window: 12:41:55 ---
 -> Sent Weather | Zone: Hinjewadi     | Temp: 35.4°C | Humidity: 92%
 -> Sent Weather | Zone: FC Road       | Temp: 35.5°C | Humidity: 91%
 -> Sent Weather | Zone: Kothrud       | Temp: 35.4°C | Humidity: 94%
 -> Sent Weather | Zone: Hadapsar      | Temp: 36.1°C | Humidity: 88%
 -> Sent Weather | Zone: Shivajinagar  | Temp: 35.6°C | Humidity: 91%

--- Emitting Weather Window: 12:42:14 ---
 -> Sent Weather | Zone: Hinjewadi     | Temp: 35.3°C | Humidity: 91%
 -> Sent Weather | Zone: FC Road       | Temp: 35.4°C | Humidity: 91%
 -> Sent Weather | Zone: Kothrud       | Temp: 35.0°C | Humidity: 93%
 -> Sent Weather | Zone: Hadapsar      | Temp: 36.0°C | Humidity: 88%
 -> Sent Weather | Zone: Shivajinagar  | Temp: 35.4°C | Humidity: 91%

--- Emitting Weather Window: 12:42:33 ---
 -> Sent Weather | Zone: Hinjewadi     | Temp: 35.0°C | Humidity: 91%
 -> Sent Weather | Zone: FC Road       | Temp: 35.1°C | Humidity: 90%
 -> Sent Weather | Zone: Kothrud       | Temp: 34.8°C | Humidity: 93%
 -> Sent Weather | Zone: Hadapsar      | Temp: 36.0°C | Humidity: 88%
 -> Sent Weather | Zone: Shivajinagar  | Temp: 35.4°C | Humidity: 91%

--- Emitting Weather Window: 12:42:52 ---
 -> Sent Weather | Zone: Hinjewadi     | Temp: 35.1°C | Humidity: 91%
 -> Sent Weather | Zone: FC Road       | Temp: 35.4°C | Humidity: 91%
 -> Sent Weather | Zone: Kothrud       | Temp: 35.2°C | Humidity: 94%
 -> Sent Weather | Zone: Hadapsar      | Temp: 36.0°C | Humidity: 87%
 -> Sent Weather | Zone: Shivajinagar  | Temp: 35.0°C | Humidity: 90%

--- Emitting Weather Window: 12:43:12 ---
 -> Sent Weather | Zone: Hinjewadi     | Temp: 35.3°C | Humidity: 92%
 -> Sent Weather | Zone: FC Road       | Temp: 35.0°C | Humidity: 90%
 -> Sent Weather | Zone: Kothrud       | Temp: 35.4°C | Humidity: 94%
 -> Sent Weather | Zone: Hadapsar      | Temp: 36.1°C | Humidity: 88%
 -> Sent Weather | Zone: Shivajinagar  | Temp: 35.2°C | Humidity: 90%

--- Emitting Weather Window: 12:43:31 ---
 -> Sent Weather | Zone: Hinjewadi     | Temp: 35.6°C | Humidity: 92%
 -> Sent Weather | Zone: FC Road       | Temp: 35.4°C | Humidity: 91%
 -> Sent Weather | Zone: Kothrud       | Temp: 34.8°C | Humidity: 93%
 -> Sent Weather | Zone: Hadapsar      | Temp: 35.8°C | Humidity: 87%
 -> Sent Weather | Zone: Shivajinagar  | Temp: 35.3°C | Humidity: 91%

--- Emitting Weather Window: 12:43:50 ---
 -> Sent Weather | Zone: Hinjewadi     | Temp: 35.5°C | Humidity: 92%
 -> Sent Weather | Zone: FC Road       | Temp: 35.5°C | Humidity: 91%
 -> Sent Weather | Zone: Kothrud       | Temp: 35.0°C | Humidity: 93%
 -> Sent Weather | Zone: Hadapsar      | Temp: 35.7°C | Humidity: 87%
 -> Sent Weather | Zone: Shivajinagar  | Temp: 35.1°C | Humidity: 90%

--- Emitting Weather Window: 12:44:09 ---
 -> Sent Weather | Zone: Hinjewadi     | Temp: 35.1°C | Humidity: 91%
 -> Sent Weather | Zone: FC Road       | Temp: 35.0°C | Humidity: 90%
 -> Sent Weather | Zone: Kothrud       | Temp: 35.0°C | Humidity: 93%
 -> Sent Weather | Zone: Hadapsar      | Temp: 35.8°C | Humidity: 87%
 -> Sent Weather | Zone: Shivajinagar  | Temp: 35.5°C | Humidity: 91%

--- Emitting Weather Window: 12:44:29 ---
 -> Sent Weather | Zone: Hinjewadi     | Temp: 35.5°C | Humidity: 92%
 -> Sent Weather | Zone: FC Road       | Temp: 35.1°C | Humidity: 90%
 -> Sent Weather | Zone: Kothrud       | Temp: 35.3°C | Humidity: 94%
 -> Sent Weather | Zone: Hadapsar      | Temp: 35.8°C | Humidity: 87%
 -> Sent Weather | Zone: Shivajinagar  | Temp: 35.5°C | Humidity: 91%

--- Emitting Weather Window: 12:44:48 ---
 -> Sent Weather | Zone: Hinjewadi     | Temp: 35.2°C | Humidity: 91%
 -> Sent Weather | Zone: FC Road       | Temp: 35.2°C | Humidity: 90%
 -> Sent Weather | Zone: Kothrud       | Temp: 35.2°C | Humidity: 94%
 -> Sent Weather | Zone: Hadapsar      | Temp: 36.3°C | Humidity: 88%
 -> Sent Weather | Zone: Shivajinagar  | Temp: 35.3°C | Humidity: 91%

--- Emitting Weather Window: 12:45:08 ---
 -> Sent Weather | Zone: Hinjewadi     | Temp: 35.6°C | Humidity: 91%
 -> Sent Weather | Zone: FC Road       | Temp: 35.6°C | Humidity: 90%
 -> Sent Weather | Zone: Kothrud       | Temp: 35.4°C | Humidity: 94%
 -> Sent Weather | Zone: Hadapsar      | Temp: 36.5°C | Humidity: 88%
 -> Sent Weather | Zone: Shivajinagar  | Temp: 35.6°C | Humidity: 90%

--- Emitting Weather Window: 12:45:27 ---
 -> Sent Weather | Zone: Hinjewadi     | Temp: 35.8°C | Humidity: 92%
 -> Sent Weather | Zone: FC Road       | Temp: 35.5°C | Humidity: 90%
 -> Sent Weather | Zone: Kothrud       | Temp: 35.5°C | Humidity: 94%
 -> Sent Weather | Zone: Hadapsar      | Temp: 36.3°C | Humidity: 88%
 -> Sent Weather | Zone: Shivajinagar  | Temp: 35.7°C | Humidity: 91%

--- Emitting Weather Window: 12:45:46 ---
 -> Sent Weather | Zone: Hinjewadi     | Temp: 35.2°C | Humidity: 91%
 -> Sent Weather | Zone: FC Road       | Temp: 35.4°C | Humidity: 90%
 -> Sent Weather | Zone: Kothrud       | Temp: 35.5°C | Humidity: 94%
 -> Sent Weather | Zone: Hadapsar      | Temp: 36.0°C | Humidity: 87%
 -> Sent Weather | Zone: Shivajinagar  | Temp: 35.7°C | Humidity: 90%

--- Emitting Weather Window: 12:46:05 ---
 -> Sent Weather | Zone: Hinjewadi     | Temp: 35.5°C | Humidity: 91%
 -> Sent Weather | Zone: FC Road       | Temp: 35.9°C | Humidity: 91%
 -> Sent Weather | Zone: Kothrud       | Temp: 35.7°C | Humidity: 94%
 -> Sent Weather | Zone: Hadapsar      | Temp: 36.1°C | Humidity: 87%
 -> Sent Weather | Zone: Shivajinagar  | Temp: 35.9°C | Humidity: 91%

--- Emitting Weather Window: 12:46:24 ---
 -> Sent Weather | Zone: Hinjewadi     | Temp: 35.7°C | Humidity: 92%
 -> Sent Weather | Zone: FC Road       | Temp: 35.4°C | Humidity: 90%
 -> Sent Weather | Zone: Kothrud       | Temp: 35.6°C | Humidity: 94%
 -> Sent Weather | Zone: Hadapsar      | Temp: 36.5°C | Humidity: 88%
 -> Sent Weather | Zone: Shivajinagar  | Temp: 35.3°C | Humidity: 90%

--- Emitting Weather Window: 12:46:44 ---
 -> Sent Weather | Zone: Hinjewadi     | Temp: 35.4°C | Humidity: 91%
 -> Sent Weather | Zone: FC Road       | Temp: 35.7°C | Humidity: 91%
 -> Sent Weather | Zone: Kothrud       | Temp: 35.4°C | Humidity: 93%
 -> Sent Weather | Zone: Hadapsar      | Temp: 36.3°C | Humidity: 87%
 -> Sent Weather | Zone: Shivajinagar  | Temp: 35.8°C | Humidity: 91%

--- Emitting Weather Window: 12:47:03 ---
 -> Sent Weather | Zone: Hinjewadi     | Temp: 35.8°C | Humidity: 92%
 -> Sent Weather | Zone: FC Road       | Temp: 36.0°C | Humidity: 91%
 -> Sent Weather | Zone: Kothrud       | Temp: 35.4°C | Humidity: 94%
 -> Sent Weather | Zone: Hadapsar      | Temp: 36.4°C | Humidity: 88%
 -> Sent Weather | Zone: Shivajinagar  | Temp: 35.9°C | Humidity: 91%

--- Emitting Weather Window: 12:47:22 ---
 -> Sent Weather | Zone: Hinjewadi     | Temp: 35.9°C | Humidity: 92%
 -> Sent Weather | Zone: FC Road       | Temp: 35.6°C | Humidity: 90%
 -> Sent Weather | Zone: Kothrud       | Temp: 35.2°C | Humidity: 93%
 -> Sent Weather | Zone: Hadapsar      | Temp: 36.6°C | Humidity: 88%
 -> Sent Weather | Zone: Shivajinagar  | Temp: 35.5°C | Humidity: 90%

--- Emitting Weather Window: 12:47:42 ---
 -> Sent Weather | Zone: Hinjewadi     | Temp: 35.7°C | Humidity: 92%
 -> Sent Weather | Zone: FC Road       | Temp: 35.9°C | Humidity: 91%
 -> Sent Weather | Zone: Kothrud       | Temp: 35.2°C | Humidity: 93%
 -> Sent Weather | Zone: Hadapsar      | Temp: 36.2°C | Humidity: 87%
 -> Sent Weather | Zone: Shivajinagar  | Temp: 35.8°C | Humidity: 91%

--- Emitting Weather Window: 12:48:01 ---
 -> Sent Weather | Zone: Hinjewadi     | Temp: 35.9°C | Humidity: 92%
 -> Sent Weather | Zone: FC Road       | Temp: 36.0°C | Humidity: 91%
 -> Sent Weather | Zone: Kothrud       | Temp: 35.2°C | Humidity: 93%
 -> Sent Weather | Zone: Hadapsar      | Temp: 36.0°C | Humidity: 87%
 -> Sent Weather | Zone: Shivajinagar  | Temp: 35.6°C | Humidity: 90%

--- Emitting Weather Window: 12:48:20 ---
 -> Sent Weather | Zone: Hinjewadi     | Temp: 35.9°C | Humidity: 92%
 -> Sent Weather | Zone: FC Road       | Temp: 35.7°C | Humidity: 91%
 -> Sent Weather | Zone: Kothrud       | Temp: 35.3°C | Humidity: 93%
 -> Sent Weather | Zone: Hadapsar      | Temp: 35.9°C | Humidity: 87%
 -> Sent Weather | Zone: Shivajinagar  | Temp: 36.0°C | Humidity: 91%

--- Emitting Weather Window: 12:48:39 ---
 -> Sent Weather | Zone: Hinjewadi     | Temp: 35.6°C | Humidity: 92%
 -> Sent Weather | Zone: FC Road       | Temp: 35.8°C | Humidity: 91%
 -> Sent Weather | Zone: Kothrud       | Temp: 35.3°C | Humidity: 93%
 -> Sent Weather | Zone: Hadapsar      | Temp: 36.3°C | Humidity: 88%
 -> Sent Weather | Zone: Shivajinagar  | Temp: 35.6°C | Humidity: 90%

--- Emitting Weather Window: 12:48:58 ---
 -> Sent Weather | Zone: Hinjewadi     | Temp: 35.3°C | Humidity: 91%
 -> Sent Weather | Zone: FC Road       | Temp: 35.8°C | Humidity: 91%
 -> Sent Weather | Zone: Kothrud       | Temp: 35.7°C | Humidity: 94%
 -> Sent Weather | Zone: Hadapsar      | Temp: 36.3°C | Humidity: 87%
 -> Sent Weather | Zone: Shivajinagar  | Temp: 35.6°C | Humidity: 90%

--- Emitting Weather Window: 12:49:17 ---
 -> Sent Weather | Zone: Hinjewadi     | Temp: 35.5°C | Humidity: 91%
 -> Sent Weather | Zone: FC Road       | Temp: 35.7°C | Humidity: 91%
 -> Sent Weather | Zone: Kothrud       | Temp: 35.4°C | Humidity: 94%
 -> Sent Weather | Zone: Hadapsar      | Temp: 36.0°C | Humidity: 87%
 -> Sent Weather | Zone: Shivajinagar  | Temp: 36.0°C | Humidity: 91%

--- Emitting Weather Window: 12:49:37 ---
 -> Sent Weather | Zone: Hinjewadi     | Temp: 35.8°C | Humidity: 92%
 -> Sent Weather | Zone: FC Road       | Temp: 35.8°C | Humidity: 91%
 -> Sent Weather | Zone: Kothrud       | Temp: 35.7°C | Humidity: 94%
 -> Sent Weather | Zone: Hadapsar      | Temp: 36.2°C | Humidity: 87%
 -> Sent Weather | Zone: Shivajinagar  | Temp: 36.0°C | Humidity: 91%

--- Emitting Weather Window: 12:49:56 ---
 -> Sent Weather | Zone: Hinjewadi     | Temp: 35.4°C | Humidity: 91%
 -> Sent Weather | Zone: FC Road       | Temp: 35.5°C | Humidity: 90%
 -> Sent Weather | Zone: Kothrud       | Temp: 35.3°C | Humidity: 93%
 -> Sent Weather | Zone: Hadapsar      | Temp: 36.1°C | Humidity: 87%
 -> Sent Weather | Zone: Shivajinagar  | Temp: 35.4°C | Humidity: 90%

--- Emitting Weather Window: 12:50:15 ---
 -> Sent Weather | Zone: Hinjewadi     | Temp: 35.6°C | Humidity: 92%
 -> Sent Weather | Zone: FC Road       | Temp: 35.5°C | Humidity: 90%
 -> Sent Weather | Zone: Kothrud       | Temp: 35.3°C | Humidity: 93%
 -> Sent Weather | Zone: Hadapsar      | Temp: 36.2°C | Humidity: 87%
 -> Sent Weather | Zone: Shivajinagar  | Temp: 35.9°C | Humidity: 91%

--- Emitting Weather Window: 12:50:36 ---
 -> Sent Weather | Zone: Hinjewadi     | Temp: 35.9°C | Humidity: 92%
 -> Sent Weather | Zone: FC Road       | Temp: 35.4°C | Humidity: 90%
 -> Sent Weather | Zone: Kothrud       | Temp: 35.5°C | Humidity: 94%
 -> Sent Weather | Zone: Hadapsar      | Temp: 36.0°C | Humidity: 87%
 -> Sent Weather | Zone: Shivajinagar  | Temp: 35.8°C | Humidity: 91%

--- Emitting Weather Window: 12:50:55 ---
 -> Sent Weather | Zone: Hinjewadi     | Temp: 35.7°C | Humidity: 92%
 -> Sent Weather | Zone: FC Road       | Temp: 35.8°C | Humidity: 91%
 -> Sent Weather | Zone: Kothrud       | Temp: 35.1°C | Humidity: 93%
 -> Sent Weather | Zone: Hadapsar      | Temp: 36.0°C | Humidity: 87%
 -> Sent Weather | Zone: Shivajinagar  | Temp: 35.4°C | Humidity: 90%

--- Emitting Weather Window: 12:51:14 ---
 -> Sent Weather | Zone: Hinjewadi     | Temp: 35.9°C | Humidity: 92%
 -> Sent Weather | Zone: FC Road       | Temp: 35.7°C | Humidity: 90%
 -> Sent Weather | Zone: Kothrud       | Temp: 35.2°C | Humidity: 93%
 -> Sent Weather | Zone: Hadapsar      | Temp: 36.5°C | Humidity: 88%
 -> Sent Weather | Zone: Shivajinagar  | Temp: 35.7°C | Humidity: 90%

--- Emitting Weather Window: 12:51:33 ---
 -> Sent Weather | Zone: Hinjewadi     | Temp: 35.3°C | Humidity: 91%
⚠️ API Fetch error: HTTPSConnectionPool(host='api.open-meteo.com', port=443): Read timed out. (read timeout=10)
 -> Sent Weather | Zone: FC Road       | Temp: 31.8°C | Humidity: 59%
 -> Sent Weather | Zone: Kothrud       | Temp: 35.3°C | Humidity: 93%
 -> Sent Weather | Zone: Hadapsar      | Temp: 36.1°C | Humidity: 87%
 -> Sent Weather | Zone: Shivajinagar  | Temp: 35.4°C | Humidity: 90%

--- Emitting Weather Window: 12:52:02 ---
 -> Sent Weather | Zone: Hinjewadi     | Temp: 35.3°C | Humidity: 91%
 -> Sent Weather | Zone: FC Road       | Temp: 35.8°C | Humidity: 91%
 -> Sent Weather | Zone: Kothrud       | Temp: 35.1°C | Humidity: 93%
 -> Sent Weather | Zone: Hadapsar      | Temp: 36.5°C | Humidity: 88%
 -> Sent Weather | Zone: Shivajinagar  | Temp: 36.0°C | Humidity: 91%

--- Emitting Weather Window: 12:52:21 ---
 -> Sent Weather | Zone: Hinjewadi     | Temp: 35.8°C | Humidity: 92%
 -> Sent Weather | Zone: FC Road       | Temp: 35.9°C | Humidity: 91%
 -> Sent Weather | Zone: Kothrud       | Temp: 35.2°C | Humidity: 93%
 -> Sent Weather | Zone: Hadapsar      | Temp: 36.0°C | Humidity: 87%
 -> Sent Weather | Zone: Shivajinagar  | Temp: 36.0°C | Humidity: 91%

--- Emitting Weather Window: 12:52:40 ---
 -> Sent Weather | Zone: Hinjewadi     | Temp: 35.3°C | Humidity: 91%
 -> Sent Weather | Zone: FC Road       | Temp: 35.9°C | Humidity: 91%
 -> Sent Weather | Zone: Kothrud       | Temp: 35.3°C | Humidity: 93%
 -> Sent Weather | Zone: Hadapsar      | Temp: 36.5°C | Humidity: 88%
⚠️ API Fetch error: HTTPSConnectionPool(host='api.open-meteo.com', port=443): Read timed out. (read timeout=10)
 -> Sent Weather | Zone: Shivajinagar  | Temp: 31.8°C | Humidity: 59%

--- Emitting Weather Window: 12:53:09 ---
 -> Sent Weather | Zone: Hinjewadi     | Temp: 35.3°C | Humidity: 91%
 -> Sent Weather | Zone: FC Road       | Temp: 35.4°C | Humidity: 90%
 -> Sent Weather | Zone: Kothrud       | Temp: 35.5°C | Humidity: 94%
 -> Sent Weather | Zone: Hadapsar      | Temp: 36.5°C | Humidity: 88%
 -> Sent Weather | Zone: Shivajinagar  | Temp: 35.4°C | Humidity: 90%

--- Emitting Weather Window: 12:53:28 ---
 -> Sent Weather | Zone: Hinjewadi     | Temp: 35.7°C | Humidity: 92%
 -> Sent Weather | Zone: FC Road       | Temp: 35.4°C | Humidity: 90%
 -> Sent Weather | Zone: Kothrud       | Temp: 35.5°C | Humidity: 94%
 -> Sent Weather | Zone: Hadapsar      | Temp: 36.2°C | Humidity: 87%
 -> Sent Weather | Zone: Shivajinagar  | Temp: 35.7°C | Humidity: 91%

--- Emitting Weather Window: 12:53:48 ---
 -> Sent Weather | Zone: Hinjewadi     | Temp: 35.4°C | Humidity: 91%
 -> Sent Weather | Zone: FC Road       | Temp: 35.5°C | Humidity: 90%
 -> Sent Weather | Zone: Kothrud       | Temp: 35.4°C | Humidity: 93%
 -> Sent Weather | Zone: Hadapsar      | Temp: 36.2°C | Humidity: 87%
 -> Sent Weather | Zone: Shivajinagar  | Temp: 35.8°C | Humidity: 91%

--- Emitting Weather Window: 12:54:07 ---
 -> Sent Weather | Zone: Hinjewadi     | Temp: 35.6°C | Humidity: 92%
 -> Sent Weather | Zone: FC Road       | Temp: 35.5°C | Humidity: 90%
 -> Sent Weather | Zone: Kothrud       | Temp: 35.4°C | Humidity: 93%
 -> Sent Weather | Zone: Hadapsar      | Temp: 36.7°C | Humidity: 88%
 -> Sent Weather | Zone: Shivajinagar  | Temp: 35.8°C | Humidity: 91%

--- Emitting Weather Window: 12:54:27 ---
 -> Sent Weather | Zone: Hinjewadi     | Temp: 35.7°C | Humidity: 92%
 -> Sent Weather | Zone: FC Road       | Temp: 35.6°C | Humidity: 90%
 -> Sent Weather | Zone: Kothrud       | Temp: 35.5°C | Humidity: 94%
 -> Sent Weather | Zone: Hadapsar      | Temp: 36.3°C | Humidity: 88%
 -> Sent Weather | Zone: Shivajinagar  | Temp: 35.7°C | Humidity: 90%

--- Emitting Weather Window: 12:54:46 ---
 -> Sent Weather | Zone: Hinjewadi     | Temp: 35.4°C | Humidity: 91%
 -> Sent Weather | Zone: FC Road       | Temp: 35.9°C | Humidity: 91%
 -> Sent Weather | Zone: Kothrud       | Temp: 35.2°C | Humidity: 93%
 -> Sent Weather | Zone: Hadapsar      | Temp: 36.6°C | Humidity: 88%
 -> Sent Weather | Zone: Shivajinagar  | Temp: 35.7°C | Humidity: 90%

--- Emitting Weather Window: 12:55:05 ---
 -> Sent Weather | Zone: Hinjewadi     | Temp: 35.8°C | Humidity: 92%
 -> Sent Weather | Zone: FC Road       | Temp: 35.7°C | Humidity: 90%
 -> Sent Weather | Zone: Kothrud       | Temp: 35.7°C | Humidity: 94%
 -> Sent Weather | Zone: Hadapsar      | Temp: 36.2°C | Humidity: 87%
 -> Sent Weather | Zone: Shivajinagar  | Temp: 35.7°C | Humidity: 91%

--- Emitting Weather Window: 12:55:24 ---
 -> Sent Weather | Zone: Hinjewadi     | Temp: 35.5°C | Humidity: 91%
 -> Sent Weather | Zone: FC Road       | Temp: 35.8°C | Humidity: 91%
 -> Sent Weather | Zone: Kothrud       | Temp: 35.1°C | Humidity: 93%
 -> Sent Weather | Zone: Hadapsar      | Temp: 36.2°C | Humidity: 87%
 -> Sent Weather | Zone: Shivajinagar  | Temp: 36.0°C | Humidity: 91%

--- Emitting Weather Window: 12:55:44 ---
 -> Sent Weather | Zone: Hinjewadi     | Temp: 35.6°C | Humidity: 91%
 -> Sent Weather | Zone: FC Road       | Temp: 36.0°C | Humidity: 91%
 -> Sent Weather | Zone: Kothrud       | Temp: 35.3°C | Humidity: 93%
 -> Sent Weather | Zone: Hadapsar      | Temp: 36.2°C | Humidity: 87%
 -> Sent Weather | Zone: Shivajinagar  | Temp: 35.5°C | Humidity: 90%

--- Emitting Weather Window: 12:56:03 ---
 -> Sent Weather | Zone: Hinjewadi     | Temp: 35.8°C | Humidity: 92%
 -> Sent Weather | Zone: FC Road       | Temp: 35.6°C | Humidity: 90%
 -> Sent Weather | Zone: Kothrud       | Temp: 35.5°C | Humidity: 94%
 -> Sent Weather | Zone: Hadapsar      | Temp: 36.3°C | Humidity: 87%
 -> Sent Weather | Zone: Shivajinagar  | Temp: 36.0°C | Humidity: 91%

--- Emitting Weather Window: 12:56:22 ---
 -> Sent Weather | Zone: Hinjewadi     | Temp: 35.6°C | Humidity: 91%
 -> Sent Weather | Zone: FC Road       | Temp: 35.9°C | Humidity: 91%
 -> Sent Weather | Zone: Kothrud       | Temp: 35.6°C | Humidity: 94%
 -> Sent Weather | Zone: Hadapsar      | Temp: 36.2°C | Humidity: 87%
 -> Sent Weather | Zone: Shivajinagar  | Temp: 35.6°C | Humidity: 90%

--- Emitting Weather Window: 12:56:41 ---
 -> Sent Weather | Zone: Hinjewadi     | Temp: 35.3°C | Humidity: 91%
 -> Sent Weather | Zone: FC Road       | Temp: 36.0°C | Humidity: 91%
 -> Sent Weather | Zone: Kothrud       | Temp: 35.4°C | Humidity: 93%
 -> Sent Weather | Zone: Hadapsar      | Temp: 36.1°C | Humidity: 87%
 -> Sent Weather | Zone: Shivajinagar  | Temp: 35.4°C | Humidity: 90%

--- Emitting Weather Window: 12:57:01 ---
 -> Sent Weather | Zone: Hinjewadi     | Temp: 35.9°C | Humidity: 92%
 -> Sent Weather | Zone: FC Road       | Temp: 35.8°C | Humidity: 91%
 -> Sent Weather | Zone: Kothrud       | Temp: 35.1°C | Humidity: 93%
 -> Sent Weather | Zone: Hadapsar      | Temp: 36.2°C | Humidity: 87%
 -> Sent Weather | Zone: Shivajinagar  | Temp: 35.7°C | Humidity: 90%

--- Emitting Weather Window: 12:57:20 ---
 -> Sent Weather | Zone: Hinjewadi     | Temp: 35.9°C | Humidity: 92%
 -> Sent Weather | Zone: FC Road       | Temp: 35.5°C | Humidity: 90%
 -> Sent Weather | Zone: Kothrud       | Temp: 35.7°C | Humidity: 94%
 -> Sent Weather | Zone: Hadapsar      | Temp: 36.6°C | Humidity: 88%
 -> Sent Weather | Zone: Shivajinagar  | Temp: 35.4°C | Humidity: 90%

--- Emitting Weather Window: 12:57:43 ---
 -> Sent Weather | Zone: Hinjewadi     | Temp: 35.3°C | Humidity: 91%
 -> Sent Weather | Zone: FC Road       | Temp: 35.7°C | Humidity: 91%
 -> Sent Weather | Zone: Kothrud       | Temp: 35.2°C | Humidity: 93%
 -> Sent Weather | Zone: Hadapsar      | Temp: 36.0°C | Humidity: 87%
 -> Sent Weather | Zone: Shivajinagar  | Temp: 35.5°C | Humidity: 90%

--- Emitting Weather Window: 12:58:02 ---
 -> Sent Weather | Zone: Hinjewadi     | Temp: 35.8°C | Humidity: 92%
 -> Sent Weather | Zone: FC Road       | Temp: 35.5°C | Humidity: 90%
 -> Sent Weather | Zone: Kothrud       | Temp: 35.3°C | Humidity: 93%
 -> Sent Weather | Zone: Hadapsar      | Temp: 36.5°C | Humidity: 88%
 -> Sent Weather | Zone: Shivajinagar  | Temp: 35.6°C | Humidity: 90%

--- Emitting Weather Window: 12:58:21 ---
 -> Sent Weather | Zone: Hinjewadi     | Temp: 35.9°C | Humidity: 92%
 -> Sent Weather | Zone: FC Road       | Temp: 35.4°C | Humidity: 90%
 -> Sent Weather | Zone: Kothrud       | Temp: 35.5°C | Humidity: 94%
 -> Sent Weather | Zone: Hadapsar      | Temp: 36.3°C | Humidity: 88%
 -> Sent Weather | Zone: Shivajinagar  | Temp: 35.5°C | Humidity: 90%

--- Emitting Weather Window: 12:58:41 ---
 -> Sent Weather | Zone: Hinjewadi     | Temp: 35.6°C | Humidity: 92%
 -> Sent Weather | Zone: FC Road       | Temp: 36.0°C | Humidity: 91%
 -> Sent Weather | Zone: Kothrud       | Temp: 35.7°C | Humidity: 94%
 -> Sent Weather | Zone: Hadapsar      | Temp: 36.3°C | Humidity: 87%
 -> Sent Weather | Zone: Shivajinagar  | Temp: 35.5°C | Humidity: 90%

--- Emitting Weather Window: 12:59:00 ---
 -> Sent Weather | Zone: Hinjewadi     | Temp: 35.5°C | Humidity: 91%
 -> Sent Weather | Zone: FC Road       | Temp: 36.0°C | Humidity: 91%
 -> Sent Weather | Zone: Kothrud       | Temp: 35.1°C | Humidity: 93%
 -> Sent Weather | Zone: Hadapsar      | Temp: 36.4°C | Humidity: 88%
 -> Sent Weather | Zone: Shivajinagar  | Temp: 35.5°C | Humidity: 90%

--- Emitting Weather Window: 12:59:19 ---
 -> Sent Weather | Zone: Hinjewadi     | Temp: 35.7°C | Humidity: 92%
 -> Sent Weather | Zone: FC Road       | Temp: 35.9°C | Humidity: 91%
 -> Sent Weather | Zone: Kothrud       | Temp: 35.5°C | Humidity: 94%
 -> Sent Weather | Zone: Hadapsar      | Temp: 36.6°C | Humidity: 88%
 -> Sent Weather | Zone: Shivajinagar  | Temp: 35.7°C | Humidity: 90%

--- Emitting Weather Window: 12:59:38 ---
 -> Sent Weather | Zone: Hinjewadi     | Temp: 35.5°C | Humidity: 91%
 -> Sent Weather | Zone: FC Road       | Temp: 36.0°C | Humidity: 91%
 -> Sent Weather | Zone: Kothrud       | Temp: 35.4°C | Humidity: 93%
 -> Sent Weather | Zone: Hadapsar      | Temp: 36.1°C | Humidity: 87%
 -> Sent Weather | Zone: Shivajinagar  | Temp: 35.9°C | Humidity: 91%

--- Emitting Weather Window: 12:59:58 ---
 -> Sent Weather | Zone: Hinjewadi     | Temp: 35.5°C | Humidity: 91%
⚠️ API Fetch error: HTTPSConnectionPool(host='api.open-meteo.com', port=443): Read timed out. (read timeout=10)
 -> Sent Weather | Zone: FC Road       | Temp: 32.0°C | Humidity: 60%
 -> Sent Weather | Zone: Kothrud       | Temp: 35.7°C | Humidity: 93%
 -> Sent Weather | Zone: Hadapsar      | Temp: 36.6°C | Humidity: 87%
 -> Sent Weather | Zone: Shivajinagar  | Temp: 36.3°C | Humidity: 91%

--- Emitting Weather Window: 13:00:39 ---
 -> Sent Weather | Zone: Hinjewadi     | Temp: 35.8°C | Humidity: 91%
 -> Sent Weather | Zone: FC Road       | Temp: 36.1°C | Humidity: 91%
 -> Sent Weather | Zone: Kothrud       | Temp: 35.7°C | Humidity: 93%
⚠️ API Fetch error: HTTPSConnectionPool(host='api.open-meteo.com', port=443): Read timed out. (read timeout=10)
 -> Sent Weather | Zone: Hadapsar      | Temp: 31.8°C | Humidity: 59%
 -> Sent Weather | Zone: Shivajinagar  | Temp: 35.9°C | Humidity: 90%

--- Emitting Weather Window: 13:01:08 ---
 -> Sent Weather | Zone: Hinjewadi     | Temp: 35.8°C | Humidity: 91%
 -> Sent Weather | Zone: FC Road       | Temp: 36.1°C | Humidity: 91%
 -> Sent Weather | Zone: Kothrud       | Temp: 35.6°C | Humidity: 93%
 -> Sent Weather | Zone: Hadapsar      | Temp: 36.5°C | Humidity: 87%
 -> Sent Weather | Zone: Shivajinagar  | Temp: 35.7°C | Humidity: 90%

--- Emitting Weather Window: 13:01:27 ---
 -> Sent Weather | Zone: Hinjewadi     | Temp: 35.9°C | Humidity: 91%
 -> Sent Weather | Zone: FC Road       | Temp: 36.1°C | Humidity: 91%
 -> Sent Weather | Zone: Kothrud       | Temp: 36.1°C | Humidity: 94%
 -> Sent Weather | Zone: Hadapsar      | Temp: 36.5°C | Humidity: 87%
 -> Sent Weather | Zone: Shivajinagar  | Temp: 35.9°C | Humidity: 90%

--- Emitting Weather Window: 13:01:47 ---
 -> Sent Weather | Zone: Hinjewadi     | Temp: 35.6°C | Humidity: 91%
 -> Sent Weather | Zone: FC Road       | Temp: 35.9°C | Humidity: 90%
 -> Sent Weather | Zone: Kothrud       | Temp: 35.9°C | Humidity: 94%
 -> Sent Weather | Zone: Hadapsar      | Temp: 36.8°C | Humidity: 88%
 -> Sent Weather | Zone: Shivajinagar  | Temp: 36.2°C | Humidity: 91%

--- Emitting Weather Window: 13:02:06 ---
 -> Sent Weather | Zone: Hinjewadi     | Temp: 35.7°C | Humidity: 91%
 -> Sent Weather | Zone: FC Road       | Temp: 35.8°C | Humidity: 90%
 -> Sent Weather | Zone: Kothrud       | Temp: 35.5°C | Humidity: 93%
 -> Sent Weather | Zone: Hadapsar      | Temp: 36.3°C | Humidity: 87%
 -> Sent Weather | Zone: Shivajinagar  | Temp: 36.3°C | Humidity: 91%

--- Emitting Weather Window: 13:02:26 ---
 -> Sent Weather | Zone: Hinjewadi     | Temp: 35.8°C | Humidity: 91%
 -> Sent Weather | Zone: FC Road       | Temp: 35.7°C | Humidity: 90%
 -> Sent Weather | Zone: Kothrud       | Temp: 35.6°C | Humidity: 93%
 -> Sent Weather | Zone: Hadapsar      | Temp: 37.1°C | Humidity: 88%
 -> Sent Weather | Zone: Shivajinagar  | Temp: 36.3°C | Humidity: 91%

--- Emitting Weather Window: 13:02:45 ---
 -> Sent Weather | Zone: Hinjewadi     | Temp: 36.2°C | Humidity: 92%
 -> Sent Weather | Zone: FC Road       | Temp: 35.7°C | Humidity: 90%
 -> Sent Weather | Zone: Kothrud       | Temp: 35.5°C | Humidity: 93%
 -> Sent Weather | Zone: Hadapsar      | Temp: 36.9°C | Humidity: 88%
 -> Sent Weather | Zone: Shivajinagar  | Temp: 36.1°C | Humidity: 91%

--- Emitting Weather Window: 13:03:04 ---
 -> Sent Weather | Zone: Hinjewadi     | Temp: 36.0°C | Humidity: 92%
 -> Sent Weather | Zone: FC Road       | Temp: 36.0°C | Humidity: 91%
 -> Sent Weather | Zone: Kothrud       | Temp: 35.6°C | Humidity: 93%
 -> Sent Weather | Zone: Hadapsar      | Temp: 36.6°C | Humidity: 87%
 -> Sent Weather | Zone: Shivajinagar  | Temp: 35.7°C | Humidity: 90%

--- Emitting Weather Window: 13:03:24 ---
 -> Sent Weather | Zone: Hinjewadi     | Temp: 35.7°C | Humidity: 91%
 -> Sent Weather | Zone: FC Road       | Temp: 36.2°C | Humidity: 91%
 -> Sent Weather | Zone: Kothrud       | Temp: 35.6°C | Humidity: 93%
 -> Sent Weather | Zone: Hadapsar      | Temp: 37.0°C | Humidity: 88%
 -> Sent Weather | Zone: Shivajinagar  | Temp: 35.8°C | Humidity: 90%

--- Emitting Weather Window: 13:03:43 ---
 -> Sent Weather | Zone: Hinjewadi     | Temp: 36.1°C | Humidity: 92%
 -> Sent Weather | Zone: FC Road       | Temp: 36.0°C | Humidity: 90%
 -> Sent Weather | Zone: Kothrud       | Temp: 35.9°C | Humidity: 94%
 -> Sent Weather | Zone: Hadapsar      | Temp: 36.6°C | Humidity: 87%
 -> Sent Weather | Zone: Shivajinagar  | Temp: 35.9°C | Humidity: 90%

--- Emitting Weather Window: 13:04:03 ---
 -> Sent Weather | Zone: Hinjewadi     | Temp: 36.1°C | Humidity: 92%
 -> Sent Weather | Zone: FC Road       | Temp: 35.9°C | Humidity: 90%
 -> Sent Weather | Zone: Kothrud       | Temp: 35.6°C | Humidity: 93%
 -> Sent Weather | Zone: Hadapsar      | Temp: 37.1°C | Humidity: 88%
 -> Sent Weather | Zone: Shivajinagar  | Temp: 35.7°C | Humidity: 90%

--- Emitting Weather Window: 13:04:22 ---
⚠️ API Fetch error: HTTPSConnectionPool(host='api.open-meteo.com', port=443): Read timed out. (read timeout=10)
 -> Sent Weather | Zone: Hinjewadi     | Temp: 32.0°C | Humidity: 59%
 -> Sent Weather | Zone: FC Road       | Temp: 36.3°C | Humidity: 91%
 -> Sent Weather | Zone: Kothrud       | Temp: 36.0°C | Humidity: 94%
 -> Sent Weather | Zone: Hadapsar      | Temp: 37.0°C | Humidity: 88%
 -> Sent Weather | Zone: Shivajinagar  | Temp: 35.8°C | Humidity: 90%

--- Emitting Weather Window: 13:04:51 ---
 -> Sent Weather | Zone: Hinjewadi     | Temp: 35.8°C | Humidity: 91%
 -> Sent Weather | Zone: FC Road       | Temp: 35.9°C | Humidity: 90%
 -> Sent Weather | Zone: Kothrud       | Temp: 35.7°C | Humidity: 93%
 -> Sent Weather | Zone: Hadapsar      | Temp: 36.8°C | Humidity: 88%
 -> Sent Weather | Zone: Shivajinagar  | Temp: 36.3°C | Humidity: 91%

--- Emitting Weather Window: 13:05:10 ---
 -> Sent Weather | Zone: Hinjewadi     | Temp: 35.7°C | Humidity: 91%
 -> Sent Weather | Zone: FC Road       | Temp: 36.0°C | Humidity: 90%
 -> Sent Weather | Zone: Kothrud       | Temp: 35.7°C | Humidity: 93%
 -> Sent Weather | Zone: Hadapsar      | Temp: 36.8°C | Humidity: 88%
 -> Sent Weather | Zone: Shivajinagar  | Temp: 36.0°C | Humidity: 90%

--- Emitting Weather Window: 13:05:45 ---
 -> Sent Weather | Zone: Hinjewadi     | Temp: 36.1°C | Humidity: 92%
 -> Sent Weather | Zone: FC Road       | Temp: 36.2°C | Humidity: 91%
 -> Sent Weather | Zone: Kothrud       | Temp: 36.0°C | Humidity: 94%
 -> Sent Weather | Zone: Hadapsar      | Temp: 36.5°C | Humidity: 87%
 -> Sent Weather | Zone: Shivajinagar  | Temp: 36.3°C | Humidity: 91%

--- Emitting Weather Window: 13:06:04 ---
 -> Sent Weather | Zone: Hinjewadi     | Temp: 36.1°C | Humidity: 92%
 -> Sent Weather | Zone: FC Road       | Temp: 35.7°C | Humidity: 90%
 -> Sent Weather | Zone: Kothrud       | Temp: 35.8°C | Humidity: 94%
 -> Sent Weather | Zone: Hadapsar      | Temp: 36.4°C | Humidity: 87%
 -> Sent Weather | Zone: Shivajinagar  | Temp: 35.8°C | Humidity: 90%

--- Emitting Weather Window: 13:06:23 ---
 -> Sent Weather | Zone: Hinjewadi     | Temp: 36.2°C | Humidity: 92%
 -> Sent Weather | Zone: FC Road       | Temp: 35.9°C | Humidity: 90%
 -> Sent Weather | Zone: Kothrud       | Temp: 35.9°C | Humidity: 94%
 -> Sent Weather | Zone: Hadapsar      | Temp: 36.3°C | Humidity: 87%
 -> Sent Weather | Zone: Shivajinagar  | Temp: 35.7°C | Humidity: 90%

--- Emitting Weather Window: 13:06:42 ---
 -> Sent Weather | Zone: Hinjewadi     | Temp: 36.2°C | Humidity: 92%
 -> Sent Weather | Zone: FC Road       | Temp: 35.7°C | Humidity: 90%
 -> Sent Weather | Zone: Kothrud       | Temp: 36.1°C | Humidity: 94%
 -> Sent Weather | Zone: Hadapsar      | Temp: 36.6°C | Humidity: 87%
 -> Sent Weather | Zone: Shivajinagar  | Temp: 35.8°C | Humidity: 90%

--- Emitting Weather Window: 13:07:01 ---
 -> Sent Weather | Zone: Hinjewadi     | Temp: 36.0°C | Humidity: 92%
 -> Sent Weather | Zone: FC Road       | Temp: 36.1°C | Humidity: 91%
 -> Sent Weather | Zone: Kothrud       | Temp: 35.9°C | Humidity: 94%
 -> Sent Weather | Zone: Hadapsar      | Temp: 36.4°C | Humidity: 87%
 -> Sent Weather | Zone: Shivajinagar  | Temp: 35.7°C | Humidity: 90%

--- Emitting Weather Window: 13:07:20 ---
 -> Sent Weather | Zone: Hinjewadi     | Temp: 36.2°C | Humidity: 92%
 -> Sent Weather | Zone: FC Road       | Temp: 36.1°C | Humidity: 91%
 -> Sent Weather | Zone: Kothrud       | Temp: 35.5°C | Humidity: 93%
 -> Sent Weather | Zone: Hadapsar      | Temp: 36.4°C | Humidity: 87%
 -> Sent Weather | Zone: Shivajinagar  | Temp: 36.0°C | Humidity: 90%

--- Emitting Weather Window: 13:07:39 ---
 -> Sent Weather | Zone: Hinjewadi     | Temp: 36.1°C | Humidity: 92%
 -> Sent Weather | Zone: FC Road       | Temp: 36.2°C | Humidity: 91%
 -> Sent Weather | Zone: Kothrud       | Temp: 35.7°C | Humidity: 93%
 -> Sent Weather | Zone: Hadapsar      | Temp: 36.5°C | Humidity: 87%
 -> Sent Weather | Zone: Shivajinagar  | Temp: 35.7°C | Humidity: 90%

--- Emitting Weather Window: 13:07:58 ---
 -> Sent Weather | Zone: Hinjewadi     | Temp: 36.2°C | Humidity: 92%
 -> Sent Weather | Zone: FC Road       | Temp: 36.0°C | Humidity: 91%
 -> Sent Weather | Zone: Kothrud       | Temp: 35.6°C | Humidity: 93%
 -> Sent Weather | Zone: Hadapsar      | Temp: 36.9°C | Humidity: 88%
 -> Sent Weather | Zone: Shivajinagar  | Temp: 36.1°C | Humidity: 91%

--- Emitting Weather Window: 13:08:17 ---
 -> Sent Weather | Zone: Hinjewadi     | Temp: 35.8°C | Humidity: 91%
 -> Sent Weather | Zone: FC Road       | Temp: 35.9°C | Humidity: 90%
 -> Sent Weather | Zone: Kothrud       | Temp: 36.1°C | Humidity: 94%
 -> Sent Weather | Zone: Hadapsar      | Temp: 36.9°C | Humidity: 88%
 -> Sent Weather | Zone: Shivajinagar  | Temp: 36.1°C | Humidity: 91%

--- Emitting Weather Window: 14:29:36 ---
⚠️ API Fetch error: HTTPSConnectionPool(host='api.open-meteo.com', port=443): Max retries exceeded with url: /v1/forecast?latitude=18.5912&longitude=73.7389&current_weather=True&hourly=relativehumidity_2m%2Cprecipitation%2Csurface_pressure (Caused by ConnectTimeoutError(<urllib3.connection.HTTPSConnection object at 0x7374bf797ce0>, 'Connection to api.open-meteo.com timed out. (connect timeout=10)'))
 -> Sent Weather | Zone: Hinjewadi     | Temp: 32.0°C | Humidity: 60%
 -> Sent Weather | Zone: FC Road       | Temp: 36.5°C | Humidity: 90%
 -> Sent Weather | Zone: Kothrud       | Temp: 35.8°C | Humidity: 93%
 -> Sent Weather | Zone: Hadapsar      | Temp: 37.4°C | Humidity: 88%
 -> Sent Weather | Zone: Shivajinagar  | Temp: 37.1°C | Humidity: 91%

--- Emitting Weather Window: 14:30:07 ---
 -> Sent Weather | Zone: Hinjewadi     | Temp: 35.7°C | Humidity: 91%
 -> Sent Weather | Zone: FC Road       | Temp: 36.4°C | Humidity: 90%
 -> Sent Weather | Zone: Kothrud       | Temp: 35.7°C | Humidity: 93%
 -> Sent Weather | Zone: Hadapsar      | Temp: 37.3°C | Humidity: 88%
 -> Sent Weather | Zone: Shivajinagar  | Temp: 36.9°C | Humidity: 91%

--- Emitting Weather Window: 14:30:49 ---
 -> Sent Weather | Zone: Hinjewadi     | Temp: 35.8°C | Humidity: 92%
 -> Sent Weather | Zone: FC Road       | Temp: 36.7°C | Humidity: 91%
 -> Sent Weather | Zone: Kothrud       | Temp: 36.2°C | Humidity: 94%
 -> Sent Weather | Zone: Hadapsar      | Temp: 37.3°C | Humidity: 88%
 -> Sent Weather | Zone: Shivajinagar  | Temp: 36.9°C | Humidity: 91%

--- Emitting Weather Window: 14:31:10 ---
 -> Sent Weather | Zone: Hinjewadi     | Temp: 35.9°C | Humidity: 92%
 -> Sent Weather | Zone: FC Road       | Temp: 36.7°C | Humidity: 91%
 -> Sent Weather | Zone: Kothrud       | Temp: 36.0°C | Humidity: 93%
 -> Sent Weather | Zone: Hadapsar      | Temp: 37.0°C | Humidity: 88%
 -> Sent Weather | Zone: Shivajinagar  | Temp: 36.3°C | Humidity: 90%

--- Emitting Weather Window: 14:31:31 ---
 -> Sent Weather | Zone: Hinjewadi     | Temp: 35.6°C | Humidity: 91%
 -> Sent Weather | Zone: FC Road       | Temp: 36.4°C | Humidity: 90%
 -> Sent Weather | Zone: Kothrud       | Temp: 35.7°C | Humidity: 93%
 -> Sent Weather | Zone: Hadapsar      | Temp: 37.1°C | Humidity: 88%
 -> Sent Weather | Zone: Shivajinagar  | Temp: 36.8°C | Humidity: 91%

--- Emitting Weather Window: 14:31:50 ---
 -> Sent Weather | Zone: Hinjewadi     | Temp: 36.1°C | Humidity: 92%
 -> Sent Weather | Zone: FC Road       | Temp: 36.9°C | Humidity: 91%
 -> Sent Weather | Zone: Kothrud       | Temp: 35.8°C | Humidity: 93%
 -> Sent Weather | Zone: Hadapsar      | Temp: 36.8°C | Humidity: 87%
 -> Sent Weather | Zone: Shivajinagar  | Temp: 36.6°C | Humidity: 91%

--- Emitting Weather Window: 14:32:10 ---
 -> Sent Weather | Zone: Hinjewadi     | Temp: 36.1°C | Humidity: 92%
 -> Sent Weather | Zone: FC Road       | Temp: 36.9°C | Humidity: 91%
 -> Sent Weather | Zone: Kothrud       | Temp: 36.2°C | Humidity: 94%
 -> Sent Weather | Zone: Hadapsar      | Temp: 36.7°C | Humidity: 87%
 -> Sent Weather | Zone: Shivajinagar  | Temp: 36.9°C | Humidity: 91%

--- Emitting Weather Window: 14:32:33 ---
 -> Sent Weather | Zone: Hinjewadi     | Temp: 35.6°C | Humidity: 91%
 -> Sent Weather | Zone: FC Road       | Temp: 36.6°C | Humidity: 90%
 -> Sent Weather | Zone: Kothrud       | Temp: 36.1°C | Humidity: 94%
 -> Sent Weather | Zone: Hadapsar      | Temp: 37.2°C | Humidity: 88%
 -> Sent Weather | Zone: Shivajinagar  | Temp: 36.4°C | Humidity: 90%

--- Emitting Weather Window: 14:32:53 ---
 -> Sent Weather | Zone: Hinjewadi     | Temp: 35.7°C | Humidity: 91%
 -> Sent Weather | Zone: FC Road       | Temp: 36.8°C | Humidity: 91%
 -> Sent Weather | Zone: Kothrud       | Temp: 36.1°C | Humidity: 94%
 -> Sent Weather | Zone: Hadapsar      | Temp: 37.3°C | Humidity: 88%
 -> Sent Weather | Zone: Shivajinagar  | Temp: 36.5°C | Humidity: 90%

--- Emitting Weather Window: 14:33:12 ---
 -> Sent Weather | Zone: Hinjewadi     | Temp: 35.7°C | Humidity: 91%
 -> Sent Weather | Zone: FC Road       | Temp: 36.8°C | Humidity: 91%
 -> Sent Weather | Zone: Kothrud       | Temp: 36.1°C | Humidity: 94%
 -> Sent Weather | Zone: Hadapsar      | Temp: 36.7°C | Humidity: 87%
 -> Sent Weather | Zone: Shivajinagar  | Temp: 36.5°C | Humidity: 90%

--- Emitting Weather Window: 14:33:32 ---
 -> Sent Weather | Zone: Hinjewadi     | Temp: 36.0°C | Humidity: 92%
 -> Sent Weather | Zone: FC Road       | Temp: 36.4°C | Humidity: 90%
 -> Sent Weather | Zone: Kothrud       | Temp: 36.2°C | Humidity: 94%
 -> Sent Weather | Zone: Hadapsar      | Temp: 36.7°C | Humidity: 87%
 -> Sent Weather | Zone: Shivajinagar  | Temp: 36.8°C | Humidity: 91%

--- Emitting Weather Window: 14:33:53 ---
 -> Sent Weather | Zone: Hinjewadi     | Temp: 35.5°C | Humidity: 91%
 -> Sent Weather | Zone: FC Road       | Temp: 36.7°C | Humidity: 91%
 -> Sent Weather | Zone: Kothrud       | Temp: 36.3°C | Humidity: 94%
 -> Sent Weather | Zone: Hadapsar      | Temp: 36.8°C | Humidity: 87%
 -> Sent Weather | Zone: Shivajinagar  | Temp: 36.8°C | Humidity: 91%

--- Emitting Weather Window: 14:34:14 ---
 -> Sent Weather | Zone: Hinjewadi     | Temp: 35.5°C | Humidity: 91%
 -> Sent Weather | Zone: FC Road       | Temp: 37.0°C | Humidity: 91%
 -> Sent Weather | Zone: Kothrud       | Temp: 36.1°C | Humidity: 94%
 -> Sent Weather | Zone: Hadapsar      | Temp: 36.7°C | Humidity: 87%
 -> Sent Weather | Zone: Shivajinagar  | Temp: 36.3°C | Humidity: 90%

--- Emitting Weather Window: 14:34:34 ---
 -> Sent Weather | Zone: Hinjewadi     | Temp: 35.7°C | Humidity: 91%
 -> Sent Weather | Zone: FC Road       | Temp: 36.4°C | Humidity: 90%
 -> Sent Weather | Zone: Kothrud       | Temp: 35.9°C | Humidity: 93%
 -> Sent Weather | Zone: Hadapsar      | Temp: 37.3°C | Humidity: 88%
 -> Sent Weather | Zone: Shivajinagar  | Temp: 36.3°C | Humidity: 90%

--- Emitting Weather Window: 14:35:04 ---
 -> Sent Weather | Zone: Hinjewadi     | Temp: 35.6°C | Humidity: 91%
 -> Sent Weather | Zone: FC Road       | Temp: 36.3°C | Humidity: 90%
 -> Sent Weather | Zone: Kothrud       | Temp: 36.1°C | Humidity: 94%
 -> Sent Weather | Zone: Hadapsar      | Temp: 37.0°C | Humidity: 88%
 -> Sent Weather | Zone: Shivajinagar  | Temp: 36.5°C | Humidity: 90%

--- Emitting Weather Window: 14:35:33 ---
 -> Sent Weather | Zone: Hinjewadi     | Temp: 35.8°C | Humidity: 92%
 -> Sent Weather | Zone: FC Road       | Temp: 36.4°C | Humidity: 90%
 -> Sent Weather | Zone: Kothrud       | Temp: 35.8°C | Humidity: 93%
 -> Sent Weather | Zone: Hadapsar      | Temp: 36.6°C | Humidity: 87%
 -> Sent Weather | Zone: Shivajinagar  | Temp: 36.4°C | Humidity: 90%

--- Emitting Weather Window: 14:36:09 ---
 -> Sent Weather | Zone: Hinjewadi     | Temp: 36.2°C | Humidity: 92%
 -> Sent Weather | Zone: FC Road       | Temp: 36.5°C | Humidity: 90%
 -> Sent Weather | Zone: Kothrud       | Temp: 35.9°C | Humidity: 93%
 -> Sent Weather | Zone: Hadapsar      | Temp: 37.1°C | Humidity: 88%
 -> Sent Weather | Zone: Shivajinagar  | Temp: 36.9°C | Humidity: 91%

--- Emitting Weather Window: 14:36:41 ---
 -> Sent Weather | Zone: Hinjewadi     | Temp: 36.1°C | Humidity: 92%
⚠️ API Fetch error: HTTPSConnectionPool(host='api.open-meteo.com', port=443): Read timed out. (read timeout=10)
 -> Sent Weather | Zone: FC Road       | Temp: 32.2°C | Humidity: 60%
 -> Sent Weather | Zone: Kothrud       | Temp: 36.3°C | Humidity: 94%
 -> Sent Weather | Zone: Hadapsar      | Temp: 36.9°C | Humidity: 87%
 -> Sent Weather | Zone: Shivajinagar  | Temp: 36.6°C | Humidity: 90%

--- Emitting Weather Window: 14:37:23 ---
 -> Sent Weather | Zone: Hinjewadi     | Temp: 36.0°C | Humidity: 92%
 -> Sent Weather | Zone: FC Road       | Temp: 36.5°C | Humidity: 90%
 -> Sent Weather | Zone: Kothrud       | Temp: 35.7°C | Humidity: 93%
 -> Sent Weather | Zone: Hadapsar      | Temp: 37.1°C | Humidity: 88%
 -> Sent Weather | Zone: Shivajinagar  | Temp: 36.9°C | Humidity: 91%

--- Emitting Weather Window: 14:37:53 ---
 -> Sent Weather | Zone: Hinjewadi     | Temp: 35.5°C | Humidity: 91%
 -> Sent Weather | Zone: FC Road       | Temp: 36.3°C | Humidity: 90%
 -> Sent Weather | Zone: Kothrud       | Temp: 35.8°C | Humidity: 93%
 -> Sent Weather | Zone: Hadapsar      | Temp: 37.1°C | Humidity: 88%
 -> Sent Weather | Zone: Shivajinagar  | Temp: 36.3°C | Humidity: 90%

--- Emitting Weather Window: 14:38:27 ---
 -> Sent Weather | Zone: Hinjewadi     | Temp: 35.9°C | Humidity: 92%
 -> Sent Weather | Zone: FC Road       | Temp: 36.4°C | Humidity: 90%
 -> Sent Weather | Zone: Kothrud       | Temp: 36.1°C | Humidity: 94%
 -> Sent Weather | Zone: Hadapsar      | Temp: 37.1°C | Humidity: 88%
 -> Sent Weather | Zone: Shivajinagar  | Temp: 36.4°C | Humidity: 90%

--- Emitting Weather Window: 14:38:58 ---
 -> Sent Weather | Zone: Hinjewadi     | Temp: 35.5°C | Humidity: 91%
 -> Sent Weather | Zone: FC Road       | Temp: 36.5°C | Humidity: 90%
 -> Sent Weather | Zone: Kothrud       | Temp: 36.0°C | Humidity: 94%
 -> Sent Weather | Zone: Hadapsar      | Temp: 37.1°C | Humidity: 88%
 -> Sent Weather | Zone: Shivajinagar  | Temp: 36.7°C | Humidity: 91%

--- Emitting Weather Window: 14:39:30 ---
 -> Sent Weather | Zone: Hinjewadi     | Temp: 35.7°C | Humidity: 91%
 -> Sent Weather | Zone: FC Road       | Temp: 36.3°C | Humidity: 90%
 -> Sent Weather | Zone: Kothrud       | Temp: 35.8°C | Humidity: 93%
 -> Sent Weather | Zone: Hadapsar      | Temp: 37.2°C | Humidity: 88%
 -> Sent Weather | Zone: Shivajinagar  | Temp: 36.2°C | Humidity: 90%

--- Emitting Weather Window: 14:40:00 ---
 -> Sent Weather | Zone: Hinjewadi     | Temp: 35.8°C | Humidity: 92%
 -> Sent Weather | Zone: FC Road       | Temp: 36.9°C | Humidity: 91%
 -> Sent Weather | Zone: Kothrud       | Temp: 35.8°C | Humidity: 93%
 -> Sent Weather | Zone: Hadapsar      | Temp: 37.0°C | Humidity: 88%
 -> Sent Weather | Zone: Shivajinagar  | Temp: 36.9°C | Humidity: 91%

--- Emitting Weather Window: 14:40:42 ---
 -> Sent Weather | Zone: Hinjewadi     | Temp: 35.5°C | Humidity: 91%
 -> Sent Weather | Zone: FC Road       | Temp: 36.5°C | Humidity: 90%
 -> Sent Weather | Zone: Kothrud       | Temp: 36.0°C | Humidity: 94%
 -> Sent Weather | Zone: Hadapsar      | Temp: 36.7°C | Humidity: 87%
 -> Sent Weather | Zone: Shivajinagar  | Temp: 36.3°C | Humidity: 90%

--- Emitting Weather Window: 14:41:12 ---
 -> Sent Weather | Zone: Hinjewadi     | Temp: 35.5°C | Humidity: 91%
 -> Sent Weather | Zone: FC Road       | Temp: 36.5°C | Humidity: 90%
 -> Sent Weather | Zone: Kothrud       | Temp: 36.3°C | Humidity: 94%
 -> Sent Weather | Zone: Hadapsar      | Temp: 37.1°C | Humidity: 88%
 -> Sent Weather | Zone: Shivajinagar  | Temp: 36.7°C | Humidity: 91%

--- Emitting Weather Window: 14:41:39 ---
 -> Sent Weather | Zone: Hinjewadi     | Temp: 35.6°C | Humidity: 91%
 -> Sent Weather | Zone: FC Road       | Temp: 36.7°C | Humidity: 91%
 -> Sent Weather | Zone: Kothrud       | Temp: 36.3°C | Humidity: 94%
 -> Sent Weather | Zone: Hadapsar      | Temp: 37.3°C | Humidity: 88%
 -> Sent Weather | Zone: Shivajinagar  | Temp: 36.6°C | Humidity: 91%

--- Emitting Weather Window: 14:42:07 ---
 -> Sent Weather | Zone: Hinjewadi     | Temp: 35.7°C | Humidity: 91%
 -> Sent Weather | Zone: FC Road       | Temp: 36.3°C | Humidity: 90%
 -> Sent Weather | Zone: Kothrud       | Temp: 36.1°C | Humidity: 94%
 -> Sent Weather | Zone: Hadapsar      | Temp: 37.3°C | Humidity: 88%
 -> Sent Weather | Zone: Shivajinagar  | Temp: 36.9°C | Humidity: 91%

--- Emitting Weather Window: 14:42:35 ---
 -> Sent Weather | Zone: Hinjewadi     | Temp: 35.7°C | Humidity: 91%
 -> Sent Weather | Zone: FC Road       | Temp: 36.5°C | Humidity: 90%
 -> Sent Weather | Zone: Kothrud       | Temp: 36.2°C | Humidity: 94%
 -> Sent Weather | Zone: Hadapsar      | Temp: 37.2°C | Humidity: 88%
 -> Sent Weather | Zone: Shivajinagar  | Temp: 36.9°C | Humidity: 91%

--- Emitting Weather Window: 14:43:07 ---
 -> Sent Weather | Zone: Hinjewadi     | Temp: 35.8°C | Humidity: 92%
 -> Sent Weather | Zone: FC Road       | Temp: 36.8°C | Humidity: 91%
 -> Sent Weather | Zone: Kothrud       | Temp: 35.8°C | Humidity: 93%
 -> Sent Weather | Zone: Hadapsar      | Temp: 37.1°C | Humidity: 88%
 -> Sent Weather | Zone: Shivajinagar  | Temp: 36.3°C | Humidity: 90%

--- Emitting Weather Window: 14:43:36 ---
 -> Sent Weather | Zone: Hinjewadi     | Temp: 35.7°C | Humidity: 91%
 -> Sent Weather | Zone: FC Road       | Temp: 36.8°C | Humidity: 91%
 -> Sent Weather | Zone: Kothrud       | Temp: 35.7°C | Humidity: 93%
 -> Sent Weather | Zone: Hadapsar      | Temp: 36.9°C | Humidity: 87%
 -> Sent Weather | Zone: Shivajinagar  | Temp: 36.6°C | Humidity: 91%

--- Emitting Weather Window: 14:44:12 ---
 -> Sent Weather | Zone: Hinjewadi     | Temp: 36.1°C | Humidity: 92%
 -> Sent Weather | Zone: FC Road       | Temp: 36.7°C | Humidity: 91%
 -> Sent Weather | Zone: Kothrud       | Temp: 36.1°C | Humidity: 94%
 -> Sent Weather | Zone: Hadapsar      | Temp: 37.0°C | Humidity: 87%
 -> Sent Weather | Zone: Shivajinagar  | Temp: 36.6°C | Humidity: 91%

--- Emitting Weather Window: 14:44:39 ---
 -> Sent Weather | Zone: Hinjewadi     | Temp: 35.6°C | Humidity: 91%
 -> Sent Weather | Zone: FC Road       | Temp: 36.7°C | Humidity: 91%
 -> Sent Weather | Zone: Kothrud       | Temp: 36.1°C | Humidity: 94%
 -> Sent Weather | Zone: Hadapsar      | Temp: 37.3°C | Humidity: 88%
 -> Sent Weather | Zone: Shivajinagar  | Temp: 36.3°C | Humidity: 90%

--- Emitting Weather Window: 14:45:09 ---
 -> Sent Weather | Zone: Hinjewadi     | Temp: 35.7°C | Humidity: 92%
 -> Sent Weather | Zone: FC Road       | Temp: 36.1°C | Humidity: 90%
 -> Sent Weather | Zone: Kothrud       | Temp: 35.7°C | Humidity: 93%
 -> Sent Weather | Zone: Hadapsar      | Temp: 36.9°C | Humidity: 87%
 -> Sent Weather | Zone: Shivajinagar  | Temp: 36.5°C | Humidity: 91%

--- Emitting Weather Window: 14:45:42 ---
 -> Sent Weather | Zone: Hinjewadi     | Temp: 35.5°C | Humidity: 91%
 -> Sent Weather | Zone: FC Road       | Temp: 36.0°C | Humidity: 90%
 -> Sent Weather | Zone: Kothrud       | Temp: 36.1°C | Humidity: 94%
⚠️ API Fetch error: ('Connection aborted.', ConnectionResetError(104, 'Connection reset by peer'))
 -> Sent Weather | Zone: Hadapsar      | Temp: 31.8°C | Humidity: 59%
 -> Sent Weather | Zone: Shivajinagar  | Temp: 36.2°C | Humidity: 90%

--- Emitting Weather Window: 14:46:25 ---
 -> Sent Weather | Zone: Hinjewadi     | Temp: 35.2°C | Humidity: 91%
 -> Sent Weather | Zone: FC Road       | Temp: 36.4°C | Humidity: 91%
 -> Sent Weather | Zone: Kothrud       | Temp: 35.6°C | Humidity: 93%
 -> Sent Weather | Zone: Hadapsar      | Temp: 37.3°C | Humidity: 88%
 -> Sent Weather | Zone: Shivajinagar  | Temp: 36.3°C | Humidity: 91%

--- Emitting Weather Window: 14:46:53 ---
 -> Sent Weather | Zone: Hinjewadi     | Temp: 35.6°C | Humidity: 92%
 -> Sent Weather | Zone: FC Road       | Temp: 36.6°C | Humidity: 91%
 -> Sent Weather | Zone: Kothrud       | Temp: 35.8°C | Humidity: 94%
 -> Sent Weather | Zone: Hadapsar      | Temp: 37.2°C | Humidity: 88%
 -> Sent Weather | Zone: Shivajinagar  | Temp: 36.1°C | Humidity: 90%

--- Emitting Weather Window: 14:47:20 ---
 -> Sent Weather | Zone: Hinjewadi     | Temp: 35.6°C | Humidity: 92%
 -> Sent Weather | Zone: FC Road       | Temp: 36.7°C | Humidity: 91%
 -> Sent Weather | Zone: Kothrud       | Temp: 35.5°C | Humidity: 93%
 -> Sent Weather | Zone: Hadapsar      | Temp: 36.9°C | Humidity: 87%
 -> Sent Weather | Zone: Shivajinagar  | Temp: 36.6°C | Humidity: 91%

--- Emitting Weather Window: 14:47:55 ---
 -> Sent Weather | Zone: Hinjewadi     | Temp: 35.7°C | Humidity: 92%
 -> Sent Weather | Zone: FC Road       | Temp: 36.0°C | Humidity: 90%
 -> Sent Weather | Zone: Kothrud       | Temp: 35.8°C | Humidity: 94%
 -> Sent Weather | Zone: Hadapsar      | Temp: 36.6°C | Humidity: 87%
 -> Sent Weather | Zone: Shivajinagar  | Temp: 36.6°C | Humidity: 91%

--- Emitting Weather Window: 14:48:32 ---
 -> Sent Weather | Zone: Hinjewadi     | Temp: 35.6°C | Humidity: 92%
 -> Sent Weather | Zone: FC Road       | Temp: 36.1°C | Humidity: 90%
 -> Sent Weather | Zone: Kothrud       | Temp: 35.8°C | Humidity: 94%
 -> Sent Weather | Zone: Hadapsar      | Temp: 36.8°C | Humidity: 87%
 -> Sent Weather | Zone: Shivajinagar  | Temp: 36.4°C | Humidity: 91%

--- Emitting Weather Window: 14:49:06 ---
 -> Sent Weather | Zone: Hinjewadi     | Temp: 35.2°C | Humidity: 91%
 -> Sent Weather | Zone: FC Road       | Temp: 36.3°C | Humidity: 91%
 -> Sent Weather | Zone: Kothrud       | Temp: 35.5°C | Humidity: 93%
 -> Sent Weather | Zone: Hadapsar      | Temp: 37.1°C | Humidity: 88%
 -> Sent Weather | Zone: Shivajinagar  | Temp: 36.1°C | Humidity: 90%

--- Emitting Weather Window: 14:49:33 ---
 -> Sent Weather | Zone: Hinjewadi     | Temp: 35.8°C | Humidity: 92%
 -> Sent Weather | Zone: FC Road       | Temp: 36.6°C | Humidity: 91%
 -> Sent Weather | Zone: Kothrud       | Temp: 36.2°C | Humidity: 94%
 -> Sent Weather | Zone: Hadapsar      | Temp: 37.1°C | Humidity: 88%
 -> Sent Weather | Zone: Shivajinagar  | Temp: 36.5°C | Humidity: 91%

--- Emitting Weather Window: 14:49:58 ---
 -> Sent Weather | Zone: Hinjewadi     | Temp: 35.8°C | Humidity: 92%
 -> Sent Weather | Zone: FC Road       | Temp: 36.1°C | Humidity: 90%
 -> Sent Weather | Zone: Kothrud       | Temp: 36.0°C | Humidity: 94%
 -> Sent Weather | Zone: Hadapsar      | Temp: 36.8°C | Humidity: 87%
 -> Sent Weather | Zone: Shivajinagar  | Temp: 36.6°C | Humidity: 91%

--- Emitting Weather Window: 14:50:36 ---
 -> Sent Weather | Zone: Hinjewadi     | Temp: 35.6°C | Humidity: 92%
 -> Sent Weather | Zone: FC Road       | Temp: 36.0°C | Humidity: 90%
 -> Sent Weather | Zone: Kothrud       | Temp: 36.1°C | Humidity: 94%
 -> Sent Weather | Zone: Hadapsar      | Temp: 37.2°C | Humidity: 88%
 -> Sent Weather | Zone: Shivajinagar  | Temp: 36.0°C | Humidity: 90%

--- Emitting Weather Window: 14:50:58 ---
 -> Sent Weather | Zone: Hinjewadi     | Temp: 35.5°C | Humidity: 92%
 -> Sent Weather | Zone: FC Road       | Temp: 36.1°C | Humidity: 90%
 -> Sent Weather | Zone: Kothrud       | Temp: 35.9°C | Humidity: 94%
 -> Sent Weather | Zone: Hadapsar      | Temp: 37.0°C | Humidity: 87%
 -> Sent Weather | Zone: Shivajinagar  | Temp: 36.1°C | Humidity: 90%

--- Emitting Weather Window: 14:51:19 ---
 -> Sent Weather | Zone: Hinjewadi     | Temp: 35.8°C | Humidity: 92%
 -> Sent Weather | Zone: FC Road       | Temp: 36.0°C | Humidity: 90%
 -> Sent Weather | Zone: Kothrud       | Temp: 35.9°C | Humidity: 94%
 -> Sent Weather | Zone: Hadapsar      | Temp: 37.0°C | Humidity: 88%
 -> Sent Weather | Zone: Shivajinagar  | Temp: 35.9°C | Humidity: 90%

--- Emitting Weather Window: 14:51:43 ---
 -> Sent Weather | Zone: Hinjewadi     | Temp: 35.4°C | Humidity: 91%
 -> Sent Weather | Zone: FC Road       | Temp: 36.1°C | Humidity: 90%
 -> Sent Weather | Zone: Kothrud       | Temp: 35.6°C | Humidity: 93%
 -> Sent Weather | Zone: Hadapsar      | Temp: 37.1°C | Humidity: 88%
 -> Sent Weather | Zone: Shivajinagar  | Temp: 36.0°C | Humidity: 90%

--- Emitting Weather Window: 14:52:04 ---
 -> Sent Weather | Zone: Hinjewadi     | Temp: 35.2°C | Humidity: 91%
 -> Sent Weather | Zone: FC Road       | Temp: 36.0°C | Humidity: 90%
 -> Sent Weather | Zone: Kothrud       | Temp: 35.6°C | Humidity: 93%
 -> Sent Weather | Zone: Hadapsar      | Temp: 37.2°C | Humidity: 88%
 -> Sent Weather | Zone: Shivajinagar  | Temp: 36.5°C | Humidity: 91%

--- Emitting Weather Window: 14:52:25 ---
 -> Sent Weather | Zone: Hinjewadi     | Temp: 35.5°C | Humidity: 92%
 -> Sent Weather | Zone: FC Road       | Temp: 36.4°C | Humidity: 91%
 -> Sent Weather | Zone: Kothrud       | Temp: 36.1°C | Humidity: 94%
 -> Sent Weather | Zone: Hadapsar      | Temp: 36.9°C | Humidity: 87%
 -> Sent Weather | Zone: Shivajinagar  | Temp: 36.4°C | Humidity: 91%

--- Emitting Weather Window: 14:52:45 ---
 -> Sent Weather | Zone: Hinjewadi     | Temp: 35.3°C | Humidity: 91%
 -> Sent Weather | Zone: FC Road       | Temp: 36.2°C | Humidity: 90%
 -> Sent Weather | Zone: Kothrud       | Temp: 35.6°C | Humidity: 93%
 -> Sent Weather | Zone: Hadapsar      | Temp: 37.3°C | Humidity: 88%
 -> Sent Weather | Zone: Shivajinagar  | Temp: 36.1°C | Humidity: 90%

--- Emitting Weather Window: 14:53:05 ---
 -> Sent Weather | Zone: Hinjewadi     | Temp: 35.8°C | Humidity: 92%
 -> Sent Weather | Zone: FC Road       | Temp: 36.0°C | Humidity: 90%
 -> Sent Weather | Zone: Kothrud       | Temp: 35.6°C | Humidity: 93%
 -> Sent Weather | Zone: Hadapsar      | Temp: 37.0°C | Humidity: 88%
 -> Sent Weather | Zone: Shivajinagar  | Temp: 36.1°C | Humidity: 90%

--- Emitting Weather Window: 14:53:25 ---
 -> Sent Weather | Zone: Hinjewadi     | Temp: 35.5°C | Humidity: 92%
 -> Sent Weather | Zone: FC Road       | Temp: 36.4°C | Humidity: 91%
 -> Sent Weather | Zone: Kothrud       | Temp: 36.0°C | Humidity: 94%
 -> Sent Weather | Zone: Hadapsar      | Temp: 36.9°C | Humidity: 87%
 -> Sent Weather | Zone: Shivajinagar  | Temp: 36.2°C | Humidity: 90%

--- Emitting Weather Window: 14:53:49 ---
 -> Sent Weather | Zone: Hinjewadi     | Temp: 35.3°C | Humidity: 91%
 -> Sent Weather | Zone: FC Road       | Temp: 36.3°C | Humidity: 91%
 -> Sent Weather | Zone: Kothrud       | Temp: 36.1°C | Humidity: 94%
 -> Sent Weather | Zone: Hadapsar      | Temp: 37.1°C | Humidity: 88%
 -> Sent Weather | Zone: Shivajinagar  | Temp: 35.9°C | Humidity: 90%

--- Emitting Weather Window: 14:54:11 ---
 -> Sent Weather | Zone: Hinjewadi     | Temp: 35.8°C | Humidity: 92%
 -> Sent Weather | Zone: FC Road       | Temp: 36.2°C | Humidity: 90%
 -> Sent Weather | Zone: Kothrud       | Temp: 35.9°C | Humidity: 94%
 -> Sent Weather | Zone: Hadapsar      | Temp: 36.8°C | Humidity: 87%
 -> Sent Weather | Zone: Shivajinagar  | Temp: 36.0°C | Humidity: 90%

--- Emitting Weather Window: 14:54:32 ---
 -> Sent Weather | Zone: Hinjewadi     | Temp: 35.6°C | Humidity: 92%
 -> Sent Weather | Zone: FC Road       | Temp: 36.0°C | Humidity: 90%
 -> Sent Weather | Zone: Kothrud       | Temp: 36.0°C | Humidity: 94%
 -> Sent Weather | Zone: Hadapsar      | Temp: 36.9°C | Humidity: 87%
 -> Sent Weather | Zone: Shivajinagar  | Temp: 36.0°C | Humidity: 90%

--- Emitting Weather Window: 14:54:54 ---
 -> Sent Weather | Zone: Hinjewadi     | Temp: 35.4°C | Humidity: 91%
 -> Sent Weather | Zone: FC Road       | Temp: 36.6°C | Humidity: 91%
 -> Sent Weather | Zone: Kothrud       | Temp: 35.9°C | Humidity: 94%
 -> Sent Weather | Zone: Hadapsar      | Temp: 37.0°C | Humidity: 87%
 -> Sent Weather | Zone: Shivajinagar  | Temp: 36.4°C | Humidity: 91%

--- Emitting Weather Window: 14:55:15 ---
 -> Sent Weather | Zone: Hinjewadi     | Temp: 35.2°C | Humidity: 91%
 -> Sent Weather | Zone: FC Road       | Temp: 36.0°C | Humidity: 90%
 -> Sent Weather | Zone: Kothrud       | Temp: 35.7°C | Humidity: 93%
 -> Sent Weather | Zone: Hadapsar      | Temp: 37.1°C | Humidity: 88%
 -> Sent Weather | Zone: Shivajinagar  | Temp: 36.3°C | Humidity: 91%

--- Emitting Weather Window: 14:55:35 ---
 -> Sent Weather | Zone: Hinjewadi     | Temp: 35.3°C | Humidity: 91%
 -> Sent Weather | Zone: FC Road       | Temp: 36.0°C | Humidity: 90%
 -> Sent Weather | Zone: Kothrud       | Temp: 36.0°C | Humidity: 94%
 -> Sent Weather | Zone: Hadapsar      | Temp: 37.0°C | Humidity: 88%
 -> Sent Weather | Zone: Shivajinagar  | Temp: 36.4°C | Humidity: 91%

--- Emitting Weather Window: 14:55:56 ---
 -> Sent Weather | Zone: Hinjewadi     | Temp: 35.4°C | Humidity: 91%
 -> Sent Weather | Zone: FC Road       | Temp: 36.4°C | Humidity: 91%
 -> Sent Weather | Zone: Kothrud       | Temp: 36.0°C | Humidity: 94%
 -> Sent Weather | Zone: Hadapsar      | Temp: 37.0°C | Humidity: 87%
 -> Sent Weather | Zone: Shivajinagar  | Temp: 36.4°C | Humidity: 91%

--- Emitting Weather Window: 14:56:17 ---
 -> Sent Weather | Zone: Hinjewadi     | Temp: 35.6°C | Humidity: 92%
 -> Sent Weather | Zone: FC Road       | Temp: 36.2°C | Humidity: 90%
 -> Sent Weather | Zone: Kothrud       | Temp: 35.9°C | Humidity: 94%
 -> Sent Weather | Zone: Hadapsar      | Temp: 36.8°C | Humidity: 87%
 -> Sent Weather | Zone: Shivajinagar  | Temp: 36.4°C | Humidity: 91%

--- Emitting Weather Window: 14:56:37 ---
 -> Sent Weather | Zone: Hinjewadi     | Temp: 35.3°C | Humidity: 91%
 -> Sent Weather | Zone: FC Road       | Temp: 36.0°C | Humidity: 90%
 -> Sent Weather | Zone: Kothrud       | Temp: 35.8°C | Humidity: 94%
 -> Sent Weather | Zone: Hadapsar      | Temp: 36.8°C | Humidity: 87%
 -> Sent Weather | Zone: Shivajinagar  | Temp: 36.5°C | Humidity: 91%

--- Emitting Weather Window: 14:56:58 ---
 -> Sent Weather | Zone: Hinjewadi     | Temp: 35.2°C | Humidity: 91%
 -> Sent Weather | Zone: FC Road       | Temp: 36.3°C | Humidity: 91%
 -> Sent Weather | Zone: Kothrud       | Temp: 36.0°C | Humidity: 94%
 -> Sent Weather | Zone: Hadapsar      | Temp: 36.6°C | Humidity: 87%
 -> Sent Weather | Zone: Shivajinagar  | Temp: 36.1°C | Humidity: 90%

--- Emitting Weather Window: 14:57:18 ---
 -> Sent Weather | Zone: Hinjewadi     | Temp: 35.3°C | Humidity: 91%
 -> Sent Weather | Zone: FC Road       | Temp: 36.3°C | Humidity: 90%
 -> Sent Weather | Zone: Kothrud       | Temp: 35.9°C | Humidity: 94%
 -> Sent Weather | Zone: Hadapsar      | Temp: 36.7°C | Humidity: 87%
 -> Sent Weather | Zone: Shivajinagar  | Temp: 36.2°C | Humidity: 90%

--- Emitting Weather Window: 14:57:38 ---
 -> Sent Weather | Zone: Hinjewadi     | Temp: 35.8°C | Humidity: 92%
 -> Sent Weather | Zone: FC Road       | Temp: 36.4°C | Humidity: 91%
 -> Sent Weather | Zone: Kothrud       | Temp: 35.8°C | Humidity: 94%
 -> Sent Weather | Zone: Hadapsar      | Temp: 36.9°C | Humidity: 87%
 -> Sent Weather | Zone: Shivajinagar  | Temp: 36.6°C | Humidity: 91%

--- Emitting Weather Window: 14:57:57 ---
 -> Sent Weather | Zone: Hinjewadi     | Temp: 35.3°C | Humidity: 91%
 -> Sent Weather | Zone: FC Road       | Temp: 35.9°C | Humidity: 90%
 -> Sent Weather | Zone: Kothrud       | Temp: 36.1°C | Humidity: 94%
 -> Sent Weather | Zone: Hadapsar      | Temp: 36.9°C | Humidity: 87%
 -> Sent Weather | Zone: Shivajinagar  | Temp: 36.5°C | Humidity: 91%

--- Emitting Weather Window: 14:58:17 ---
 -> Sent Weather | Zone: Hinjewadi     | Temp: 35.8°C | Humidity: 92%
 -> Sent Weather | Zone: FC Road       | Temp: 36.4°C | Humidity: 91%
 -> Sent Weather | Zone: Kothrud       | Temp: 36.0°C | Humidity: 94%
 -> Sent Weather | Zone: Hadapsar      | Temp: 37.0°C | Humidity: 87%
 -> Sent Weather | Zone: Shivajinagar  | Temp: 36.3°C | Humidity: 90%

--- Emitting Weather Window: 14:58:37 ---
 -> Sent Weather | Zone: Hinjewadi     | Temp: 35.4°C | Humidity: 91%
 -> Sent Weather | Zone: FC Road       | Temp: 36.2°C | Humidity: 90%
 -> Sent Weather | Zone: Kothrud       | Temp: 35.6°C | Humidity: 93%
 -> Sent Weather | Zone: Hadapsar      | Temp: 37.0°C | Humidity: 87%
 -> Sent Weather | Zone: Shivajinagar  | Temp: 36.3°C | Humidity: 90%

--- Emitting Weather Window: 14:58:57 ---
 -> Sent Weather | Zone: Hinjewadi     | Temp: 35.3°C | Humidity: 91%
 -> Sent Weather | Zone: FC Road       | Temp: 36.4°C | Humidity: 91%
 -> Sent Weather | Zone: Kothrud       | Temp: 35.5°C | Humidity: 93%
 -> Sent Weather | Zone: Hadapsar      | Temp: 36.9°C | Humidity: 87%
 -> Sent Weather | Zone: Shivajinagar  | Temp: 36.0°C | Humidity: 90%

--- Emitting Weather Window: 14:59:18 ---
 -> Sent Weather | Zone: Hinjewadi     | Temp: 35.8°C | Humidity: 92%
 -> Sent Weather | Zone: FC Road       | Temp: 36.0°C | Humidity: 90%
 -> Sent Weather | Zone: Kothrud       | Temp: 35.5°C | Humidity: 93%
 -> Sent Weather | Zone: Hadapsar      | Temp: 36.6°C | Humidity: 87%
 -> Sent Weather | Zone: Shivajinagar  | Temp: 36.2°C | Humidity: 90%

--- Emitting Weather Window: 14:59:37 ---
 -> Sent Weather | Zone: Hinjewadi     | Temp: 35.5°C | Humidity: 92%
 -> Sent Weather | Zone: FC Road       | Temp: 36.4°C | Humidity: 91%
 -> Sent Weather | Zone: Kothrud       | Temp: 36.1°C | Humidity: 94%
 -> Sent Weather | Zone: Hadapsar      | Temp: 37.3°C | Humidity: 88%
 -> Sent Weather | Zone: Shivajinagar  | Temp: 36.2°C | Humidity: 90%

--- Emitting Weather Window: 14:59:58 ---
 -> Sent Weather | Zone: Hinjewadi     | Temp: 35.6°C | Humidity: 92%
⚠️ API Fetch error: HTTPSConnectionPool(host='api.open-meteo.com', port=443): Read timed out. (read timeout=10)
 -> Sent Weather | Zone: FC Road       | Temp: 31.8°C | Humidity: 59%
 -> Sent Weather | Zone: Kothrud       | Temp: 35.5°C | Humidity: 94%
 -> Sent Weather | Zone: Hadapsar      | Temp: 37.0°C | Humidity: 88%
 -> Sent Weather | Zone: Shivajinagar  | Temp: 35.9°C | Humidity: 90%

--- Emitting Weather Window: 15:00:39 ---
 -> Sent Weather | Zone: Hinjewadi     | Temp: 35.0°C | Humidity: 91%
 -> Sent Weather | Zone: FC Road       | Temp: 36.1°C | Humidity: 91%
 -> Sent Weather | Zone: Kothrud       | Temp: 35.4°C | Humidity: 94%
 -> Sent Weather | Zone: Hadapsar      | Temp: 37.1°C | Humidity: 88%
 -> Sent Weather | Zone: Shivajinagar  | Temp: 36.1°C | Humidity: 91%

--- Emitting Weather Window: 15:01:00 ---
 -> Sent Weather | Zone: Hinjewadi     | Temp: 35.2°C | Humidity: 91%
 -> Sent Weather | Zone: FC Road       | Temp: 35.8°C | Humidity: 90%
 -> Sent Weather | Zone: Kothrud       | Temp: 35.3°C | Humidity: 93%
 -> Sent Weather | Zone: Hadapsar      | Temp: 37.0°C | Humidity: 88%
 -> Sent Weather | Zone: Shivajinagar  | Temp: 36.3°C | Humidity: 91%

--- Emitting Weather Window: 15:01:20 ---
 -> Sent Weather | Zone: Hinjewadi     | Temp: 35.4°C | Humidity: 92%
 -> Sent Weather | Zone: FC Road       | Temp: 36.1°C | Humidity: 91%
 -> Sent Weather | Zone: Kothrud       | Temp: 35.5°C | Humidity: 94%
 -> Sent Weather | Zone: Hadapsar      | Temp: 36.9°C | Humidity: 88%
 -> Sent Weather | Zone: Shivajinagar  | Temp: 36.2°C | Humidity: 91%

--- Emitting Weather Window: 15:01:40 ---
 -> Sent Weather | Zone: Hinjewadi     | Temp: 35.2°C | Humidity: 91%
 -> Sent Weather | Zone: FC Road       | Temp: 35.9°C | Humidity: 90%
 -> Sent Weather | Zone: Kothrud       | Temp: 35.6°C | Humidity: 94%
 -> Sent Weather | Zone: Hadapsar      | Temp: 36.6°C | Humidity: 87%
 -> Sent Weather | Zone: Shivajinagar  | Temp: 36.0°C | Humidity: 91%

--- Emitting Weather Window: 15:02:00 ---
 -> Sent Weather | Zone: Hinjewadi     | Temp: 35.3°C | Humidity: 92%
 -> Sent Weather | Zone: FC Road       | Temp: 36.3°C | Humidity: 91%
 -> Sent Weather | Zone: Kothrud       | Temp: 35.2°C | Humidity: 93%
 -> Sent Weather | Zone: Hadapsar      | Temp: 36.9°C | Humidity: 88%
 -> Sent Weather | Zone: Shivajinagar  | Temp: 36.2°C | Humidity: 91%

--- Emitting Weather Window: 15:02:20 ---
 -> Sent Weather | Zone: Hinjewadi     | Temp: 35.2°C | Humidity: 91%
 -> Sent Weather | Zone: FC Road       | Temp: 36.2°C | Humidity: 91%
 -> Sent Weather | Zone: Kothrud       | Temp: 35.2°C | Humidity: 93%
 -> Sent Weather | Zone: Hadapsar      | Temp: 37.1°C | Humidity: 88%
 -> Sent Weather | Zone: Shivajinagar  | Temp: 36.3°C | Humidity: 91%

--- Emitting Weather Window: 15:02:42 ---
 -> Sent Weather | Zone: Hinjewadi     | Temp: 35.5°C | Humidity: 92%
 -> Sent Weather | Zone: FC Road       | Temp: 35.9°C | Humidity: 90%
 -> Sent Weather | Zone: Kothrud       | Temp: 35.3°C | Humidity: 93%
 -> Sent Weather | Zone: Hadapsar      | Temp: 36.9°C | Humidity: 88%
 -> Sent Weather | Zone: Shivajinagar  | Temp: 35.7°C | Humidity: 90%

--- Emitting Weather Window: 15:03:04 ---
 -> Sent Weather | Zone: Hinjewadi     | Temp: 35.0°C | Humidity: 91%
 -> Sent Weather | Zone: FC Road       | Temp: 36.3°C | Humidity: 91%
 -> Sent Weather | Zone: Kothrud       | Temp: 35.2°C | Humidity: 93%
 -> Sent Weather | Zone: Hadapsar      | Temp: 36.6°C | Humidity: 87%
 -> Sent Weather | Zone: Shivajinagar  | Temp: 36.3°C | Humidity: 91%

--- Emitting Weather Window: 15:03:25 ---
 -> Sent Weather | Zone: Hinjewadi     | Temp: 35.6°C | Humidity: 92%
 -> Sent Weather | Zone: FC Road       | Temp: 36.4°C | Humidity: 91%
 -> Sent Weather | Zone: Kothrud       | Temp: 35.3°C | Humidity: 93%
 -> Sent Weather | Zone: Hadapsar      | Temp: 36.6°C | Humidity: 87%
 -> Sent Weather | Zone: Shivajinagar  | Temp: 35.9°C | Humidity: 90%

--- Emitting Weather Window: 15:03:46 ---
 -> Sent Weather | Zone: Hinjewadi     | Temp: 35.1°C | Humidity: 91%
 -> Sent Weather | Zone: FC Road       | Temp: 36.0°C | Humidity: 90%
 -> Sent Weather | Zone: Kothrud       | Temp: 35.3°C | Humidity: 93%
 -> Sent Weather | Zone: Hadapsar      | Temp: 36.8°C | Humidity: 87%
 -> Sent Weather | Zone: Shivajinagar  | Temp: 36.1°C | Humidity: 91%

--- Emitting Weather Window: 15:04:07 ---
 -> Sent Weather | Zone: Hinjewadi     | Temp: 35.3°C | Humidity: 92%
 -> Sent Weather | Zone: FC Road       | Temp: 35.8°C | Humidity: 90%
 -> Sent Weather | Zone: Kothrud       | Temp: 35.4°C | Humidity: 94%
 -> Sent Weather | Zone: Hadapsar      | Temp: 36.7°C | Humidity: 87%
 -> Sent Weather | Zone: Shivajinagar  | Temp: 36.1°C | Humidity: 91%

--- Emitting Weather Window: 15:04:29 ---
 -> Sent Weather | Zone: Hinjewadi     | Temp: 35.0°C | Humidity: 91%
 -> Sent Weather | Zone: FC Road       | Temp: 36.1°C | Humidity: 91%
 -> Sent Weather | Zone: Kothrud       | Temp: 35.4°C | Humidity: 94%
 -> Sent Weather | Zone: Hadapsar      | Temp: 37.1°C | Humidity: 88%
 -> Sent Weather | Zone: Shivajinagar  | Temp: 35.7°C | Humidity: 90%

--- Emitting Weather Window: 15:04:51 ---
 -> Sent Weather | Zone: Hinjewadi     | Temp: 35.1°C | Humidity: 91%
 -> Sent Weather | Zone: FC Road       | Temp: 35.7°C | Humidity: 90%
 -> Sent Weather | Zone: Kothrud       | Temp: 35.4°C | Humidity: 94%
 -> Sent Weather | Zone: Hadapsar      | Temp: 36.9°C | Humidity: 88%
 -> Sent Weather | Zone: Shivajinagar  | Temp: 35.7°C | Humidity: 90%

--- Emitting Weather Window: 15:05:11 ---
 -> Sent Weather | Zone: Hinjewadi     | Temp: 35.1°C | Humidity: 91%
 -> Sent Weather | Zone: FC Road       | Temp: 35.8°C | Humidity: 90%
 -> Sent Weather | Zone: Kothrud       | Temp: 35.2°C | Humidity: 93%
 -> Sent Weather | Zone: Hadapsar      | Temp: 36.9°C | Humidity: 88%
 -> Sent Weather | Zone: Shivajinagar  | Temp: 35.7°C | Humidity: 90%

--- Emitting Weather Window: 15:05:31 ---
 -> Sent Weather | Zone: Hinjewadi     | Temp: 35.2°C | Humidity: 91%
 -> Sent Weather | Zone: FC Road       | Temp: 36.3°C | Humidity: 91%
 -> Sent Weather | Zone: Kothrud       | Temp: 35.5°C | Humidity: 94%
 -> Sent Weather | Zone: Hadapsar      | Temp: 36.8°C | Humidity: 88%
 -> Sent Weather | Zone: Shivajinagar  | Temp: 36.3°C | Humidity: 91%

--- Emitting Weather Window: 15:05:50 ---
 -> Sent Weather | Zone: Hinjewadi     | Temp: 35.5°C | Humidity: 92%
 -> Sent Weather | Zone: FC Road       | Temp: 36.3°C | Humidity: 91%
 -> Sent Weather | Zone: Kothrud       | Temp: 35.4°C | Humidity: 93%
 -> Sent Weather | Zone: Hadapsar      | Temp: 37.0°C | Humidity: 88%
 -> Sent Weather | Zone: Shivajinagar  | Temp: 36.3°C | Humidity: 91%

--- Emitting Weather Window: 15:06:10 ---
 -> Sent Weather | Zone: Hinjewadi     | Temp: 35.4°C | Humidity: 92%
 -> Sent Weather | Zone: FC Road       | Temp: 35.8°C | Humidity: 90%
 -> Sent Weather | Zone: Kothrud       | Temp: 35.1°C | Humidity: 93%
 -> Sent Weather | Zone: Hadapsar      | Temp: 36.7°C | Humidity: 87%
 -> Sent Weather | Zone: Shivajinagar  | Temp: 35.7°C | Humidity: 90%

--- Emitting Weather Window: 15:06:30 ---
 -> Sent Weather | Zone: Hinjewadi     | Temp: 35.0°C | Humidity: 91%
 -> Sent Weather | Zone: FC Road       | Temp: 35.9°C | Humidity: 90%
 -> Sent Weather | Zone: Kothrud       | Temp: 35.7°C | Humidity: 94%
 -> Sent Weather | Zone: Hadapsar      | Temp: 36.6°C | Humidity: 87%
 -> Sent Weather | Zone: Shivajinagar  | Temp: 35.9°C | Humidity: 90%

--- Emitting Weather Window: 15:06:49 ---
 -> Sent Weather | Zone: Hinjewadi     | Temp: 35.5°C | Humidity: 92%
 -> Sent Weather | Zone: FC Road       | Temp: 36.1°C | Humidity: 91%
 -> Sent Weather | Zone: Kothrud       | Temp: 35.6°C | Humidity: 94%
 -> Sent Weather | Zone: Hadapsar      | Temp: 36.5°C | Humidity: 87%
 -> Sent Weather | Zone: Shivajinagar  | Temp: 35.7°C | Humidity: 90%

--- Emitting Weather Window: 15:07:09 ---
 -> Sent Weather | Zone: Hinjewadi     | Temp: 35.2°C | Humidity: 91%
 -> Sent Weather | Zone: FC Road       | Temp: 36.3°C | Humidity: 91%
 -> Sent Weather | Zone: Kothrud       | Temp: 35.6°C | Humidity: 94%
 -> Sent Weather | Zone: Hadapsar      | Temp: 37.0°C | Humidity: 88%
 -> Sent Weather | Zone: Shivajinagar  | Temp: 35.8°C | Humidity: 90%

--- Emitting Weather Window: 15:07:29 ---
 -> Sent Weather | Zone: Hinjewadi     | Temp: 35.1°C | Humidity: 91%
 -> Sent Weather | Zone: FC Road       | Temp: 36.0°C | Humidity: 90%
 -> Sent Weather | Zone: Kothrud       | Temp: 35.3°C | Humidity: 93%
 -> Sent Weather | Zone: Hadapsar      | Temp: 36.8°C | Humidity: 87%
 -> Sent Weather | Zone: Shivajinagar  | Temp: 36.2°C | Humidity: 91%

--- Emitting Weather Window: 15:07:48 ---
 -> Sent Weather | Zone: Hinjewadi     | Temp: 35.2°C | Humidity: 91%
 -> Sent Weather | Zone: FC Road       | Temp: 36.2°C | Humidity: 91%
 -> Sent Weather | Zone: Kothrud       | Temp: 35.2°C | Humidity: 93%
 -> Sent Weather | Zone: Hadapsar      | Temp: 36.9°C | Humidity: 88%
 -> Sent Weather | Zone: Shivajinagar  | Temp: 36.2°C | Humidity: 91%

--- Emitting Weather Window: 15:08:08 ---
 -> Sent Weather | Zone: Hinjewadi     | Temp: 35.5°C | Humidity: 92%
 -> Sent Weather | Zone: FC Road       | Temp: 35.9°C | Humidity: 90%
 -> Sent Weather | Zone: Kothrud       | Temp: 35.7°C | Humidity: 94%
 -> Sent Weather | Zone: Hadapsar      | Temp: 36.5°C | Humidity: 87%
 -> Sent Weather | Zone: Shivajinagar  | Temp: 36.1°C | Humidity: 91%

--- Emitting Weather Window: 15:08:38 ---
 -> Sent Weather | Zone: Hinjewadi     | Temp: 35.0°C | Humidity: 91%
 -> Sent Weather | Zone: FC Road       | Temp: 35.9°C | Humidity: 90%
 -> Sent Weather | Zone: Kothrud       | Temp: 35.4°C | Humidity: 93%
 -> Sent Weather | Zone: Hadapsar      | Temp: 37.1°C | Humidity: 88%
 -> Sent Weather | Zone: Shivajinagar  | Temp: 36.0°C | Humidity: 90%

--- Emitting Weather Window: 15:09:04 ---
 -> Sent Weather | Zone: Hinjewadi     | Temp: 35.3°C | Humidity: 92%
 -> Sent Weather | Zone: FC Road       | Temp: 35.7°C | Humidity: 90%
 -> Sent Weather | Zone: Kothrud       | Temp: 35.0°C | Humidity: 93%
 -> Sent Weather | Zone: Hadapsar      | Temp: 36.5°C | Humidity: 87%
 -> Sent Weather | Zone: Shivajinagar  | Temp: 35.8°C | Humidity: 90%

--- Emitting Weather Window: 15:09:24 ---
 -> Sent Weather | Zone: Hinjewadi     | Temp: 35.6°C | Humidity: 92%
 -> Sent Weather | Zone: FC Road       | Temp: 36.1°C | Humidity: 91%
 -> Sent Weather | Zone: Kothrud       | Temp: 35.3°C | Humidity: 93%
 -> Sent Weather | Zone: Hadapsar      | Temp: 36.9°C | Humidity: 88%
 -> Sent Weather | Zone: Shivajinagar  | Temp: 36.1°C | Humidity: 91%

--- Emitting Weather Window: 15:09:44 ---
 -> Sent Weather | Zone: Hinjewadi     | Temp: 35.4°C | Humidity: 92%
 -> Sent Weather | Zone: FC Road       | Temp: 36.0°C | Humidity: 91%
 -> Sent Weather | Zone: Kothrud       | Temp: 35.3°C | Humidity: 93%
 -> Sent Weather | Zone: Hadapsar      | Temp: 36.5°C | Humidity: 87%
 -> Sent Weather | Zone: Shivajinagar  | Temp: 35.7°C | Humidity: 90%

--- Emitting Weather Window: 15:10:04 ---
 -> Sent Weather | Zone: Hinjewadi     | Temp: 35.6°C | Humidity: 92%
 -> Sent Weather | Zone: FC Road       | Temp: 35.8°C | Humidity: 90%
 -> Sent Weather | Zone: Kothrud       | Temp: 35.3°C | Humidity: 93%
 -> Sent Weather | Zone: Hadapsar      | Temp: 37.1°C | Humidity: 88%
 -> Sent Weather | Zone: Shivajinagar  | Temp: 35.9°C | Humidity: 90%

--- Emitting Weather Window: 15:10:34 ---
 -> Sent Weather | Zone: Hinjewadi     | Temp: 35.2°C | Humidity: 91%
 -> Sent Weather | Zone: FC Road       | Temp: 36.1°C | Humidity: 91%
 -> Sent Weather | Zone: Kothrud       | Temp: 35.3°C | Humidity: 93%
 -> Sent Weather | Zone: Hadapsar      | Temp: 36.7°C | Humidity: 87%
 -> Sent Weather | Zone: Shivajinagar  | Temp: 36.2°C | Humidity: 91%

--- Emitting Weather Window: 15:10:57 ---
 -> Sent Weather | Zone: Hinjewadi     | Temp: 35.3°C | Humidity: 91%
 -> Sent Weather | Zone: FC Road       | Temp: 36.2°C | Humidity: 91%
 -> Sent Weather | Zone: Kothrud       | Temp: 35.2°C | Humidity: 93%
 -> Sent Weather | Zone: Hadapsar      | Temp: 37.0°C | Humidity: 88%
 -> Sent Weather | Zone: Shivajinagar  | Temp: 36.4°C | Humidity: 91%

--- Emitting Weather Window: 15:11:16 ---
 -> Sent Weather | Zone: Hinjewadi     | Temp: 35.4°C | Humidity: 92%
 -> Sent Weather | Zone: FC Road       | Temp: 36.2°C | Humidity: 91%
 -> Sent Weather | Zone: Kothrud       | Temp: 35.6°C | Humidity: 94%
 -> Sent Weather | Zone: Hadapsar      | Temp: 36.8°C | Humidity: 88%
 -> Sent Weather | Zone: Shivajinagar  | Temp: 36.3°C | Humidity: 91%

--- Emitting Weather Window: 15:11:37 ---
 -> Sent Weather | Zone: Hinjewadi     | Temp: 35.4°C | Humidity: 92%
 -> Sent Weather | Zone: FC Road       | Temp: 35.9°C | Humidity: 90%
 -> Sent Weather | Zone: Kothrud       | Temp: 35.4°C | Humidity: 93%
 -> Sent Weather | Zone: Hadapsar      | Temp: 36.8°C | Humidity: 87%
 -> Sent Weather | Zone: Shivajinagar  | Temp: 36.0°C | Humidity: 90%

--- Emitting Weather Window: 15:11:57 ---
 -> Sent Weather | Zone: Hinjewadi     | Temp: 35.5°C | Humidity: 92%
 -> Sent Weather | Zone: FC Road       | Temp: 36.0°C | Humidity: 91%
 -> Sent Weather | Zone: Kothrud       | Temp: 35.4°C | Humidity: 93%
 -> Sent Weather | Zone: Hadapsar      | Temp: 37.1°C | Humidity: 88%
 -> Sent Weather | Zone: Shivajinagar  | Temp: 36.1°C | Humidity: 91%

--- Emitting Weather Window: 15:12:16 ---
 -> Sent Weather | Zone: Hinjewadi     | Temp: 35.1°C | Humidity: 91%
 -> Sent Weather | Zone: FC Road       | Temp: 35.9°C | Humidity: 90%
 -> Sent Weather | Zone: Kothrud       | Temp: 35.2°C | Humidity: 93%
 -> Sent Weather | Zone: Hadapsar      | Temp: 37.1°C | Humidity: 88%
 -> Sent Weather | Zone: Shivajinagar  | Temp: 36.2°C | Humidity: 91%

--- Emitting Weather Window: 15:12:36 ---
 -> Sent Weather | Zone: Hinjewadi     | Temp: 35.5°C | Humidity: 92%
 -> Sent Weather | Zone: FC Road       | Temp: 35.9°C | Humidity: 90%
 -> Sent Weather | Zone: Kothrud       | Temp: 35.2°C | Humidity: 93%
 -> Sent Weather | Zone: Hadapsar      | Temp: 36.5°C | Humidity: 87%
 -> Sent Weather | Zone: Shivajinagar  | Temp: 36.2°C | Humidity: 91%

--- Emitting Weather Window: 15:12:56 ---
 -> Sent Weather | Zone: Hinjewadi     | Temp: 35.1°C | Humidity: 91%
 -> Sent Weather | Zone: FC Road       | Temp: 36.1°C | Humidity: 91%
 -> Sent Weather | Zone: Kothrud       | Temp: 35.4°C | Humidity: 93%
 -> Sent Weather | Zone: Hadapsar      | Temp: 36.9°C | Humidity: 88%
 -> Sent Weather | Zone: Shivajinagar  | Temp: 35.8°C | Humidity: 90%

--- Emitting Weather Window: 15:13:16 ---
 -> Sent Weather | Zone: Hinjewadi     | Temp: 35.1°C | Humidity: 91%
 -> Sent Weather | Zone: FC Road       | Temp: 36.3°C | Humidity: 91%
 -> Sent Weather | Zone: Kothrud       | Temp: 35.4°C | Humidity: 93%
 -> Sent Weather | Zone: Hadapsar      | Temp: 37.1°C | Humidity: 88%
 -> Sent Weather | Zone: Shivajinagar  | Temp: 35.7°C | Humidity: 90%

--- Emitting Weather Window: 15:13:36 ---
 -> Sent Weather | Zone: Hinjewadi     | Temp: 35.3°C | Humidity: 91%
 -> Sent Weather | Zone: FC Road       | Temp: 35.6°C | Humidity: 90%
 -> Sent Weather | Zone: Kothrud       | Temp: 35.5°C | Humidity: 94%
 -> Sent Weather | Zone: Hadapsar      | Temp: 36.8°C | Humidity: 87%
 -> Sent Weather | Zone: Shivajinagar  | Temp: 35.7°C | Humidity: 90%

--- Emitting Weather Window: 15:13:55 ---
 -> Sent Weather | Zone: Hinjewadi     | Temp: 35.1°C | Humidity: 91%
 -> Sent Weather | Zone: FC Road       | Temp: 35.7°C | Humidity: 90%
 -> Sent Weather | Zone: Kothrud       | Temp: 35.6°C | Humidity: 94%
 -> Sent Weather | Zone: Hadapsar      | Temp: 36.5°C | Humidity: 87%
 -> Sent Weather | Zone: Shivajinagar  | Temp: 35.9°C | Humidity: 90%

--- Emitting Weather Window: 15:14:15 ---
 -> Sent Weather | Zone: Hinjewadi     | Temp: 35.6°C | Humidity: 92%
 -> Sent Weather | Zone: FC Road       | Temp: 36.3°C | Humidity: 91%
 -> Sent Weather | Zone: Kothrud       | Temp: 35.3°C | Humidity: 93%
 -> Sent Weather | Zone: Hadapsar      | Temp: 36.7°C | Humidity: 87%
 -> Sent Weather | Zone: Shivajinagar  | Temp: 36.3°C | Humidity: 91%

--- Emitting Weather Window: 15:14:34 ---
 -> Sent Weather | Zone: Hinjewadi     | Temp: 35.0°C | Humidity: 91%
 -> Sent Weather | Zone: FC Road       | Temp: 36.0°C | Humidity: 91%
 -> Sent Weather | Zone: Kothrud       | Temp: 35.5°C | Humidity: 94%
 -> Sent Weather | Zone: Hadapsar      | Temp: 36.6°C | Humidity: 87%
 -> Sent Weather | Zone: Shivajinagar  | Temp: 35.7°C | Humidity: 90%

--- Emitting Weather Window: 15:14:55 ---
 -> Sent Weather | Zone: Hinjewadi     | Temp: 35.0°C | Humidity: 91%
 -> Sent Weather | Zone: FC Road       | Temp: 36.2°C | Humidity: 91%
 -> Sent Weather | Zone: Kothrud       | Temp: 35.1°C | Humidity: 93%
 -> Sent Weather | Zone: Hadapsar      | Temp: 36.5°C | Humidity: 87%
 -> Sent Weather | Zone: Shivajinagar  | Temp: 35.5°C | Humidity: 90%

--- Emitting Weather Window: 15:15:16 ---
 -> Sent Weather | Zone: Hinjewadi     | Temp: 35.3°C | Humidity: 92%
 -> Sent Weather | Zone: FC Road       | Temp: 35.5°C | Humidity: 90%
 -> Sent Weather | Zone: Kothrud       | Temp: 35.2°C | Humidity: 94%
 -> Sent Weather | Zone: Hadapsar      | Temp: 36.6°C | Humidity: 88%
 -> Sent Weather | Zone: Shivajinagar  | Temp: 35.7°C | Humidity: 91%

--- Emitting Weather Window: 15:15:36 ---
 -> Sent Weather | Zone: Hinjewadi     | Temp: 35.3°C | Humidity: 92%
 -> Sent Weather | Zone: FC Road       | Temp: 35.4°C | Humidity: 90%
 -> Sent Weather | Zone: Kothrud       | Temp: 34.8°C | Humidity: 93%
 -> Sent Weather | Zone: Hadapsar      | Temp: 36.6°C | Humidity: 88%
 -> Sent Weather | Zone: Shivajinagar  | Temp: 35.6°C | Humidity: 90%

--- Emitting Weather Window: 15:15:57 ---
 -> Sent Weather | Zone: Hinjewadi     | Temp: 34.8°C | Humidity: 91%
 -> Sent Weather | Zone: FC Road       | Temp: 35.7°C | Humidity: 91%
 -> Sent Weather | Zone: Kothrud       | Temp: 35.2°C | Humidity: 94%
 -> Sent Weather | Zone: Hadapsar      | Temp: 36.4°C | Humidity: 87%
 -> Sent Weather | Zone: Shivajinagar  | Temp: 36.0°C | Humidity: 91%

--- Emitting Weather Window: 15:16:17 ---
 -> Sent Weather | Zone: Hinjewadi     | Temp: 35.1°C | Humidity: 92%
 -> Sent Weather | Zone: FC Road       | Temp: 35.4°C | Humidity: 90%
 -> Sent Weather | Zone: Kothrud       | Temp: 35.0°C | Humidity: 93%
 -> Sent Weather | Zone: Hadapsar      | Temp: 36.4°C | Humidity: 87%
 -> Sent Weather | Zone: Shivajinagar  | Temp: 35.4°C | Humidity: 90%

--- Emitting Weather Window: 15:16:37 ---
 -> Sent Weather | Zone: Hinjewadi     | Temp: 35.0°C | Humidity: 91%
 -> Sent Weather | Zone: FC Road       | Temp: 35.8°C | Humidity: 91%
 -> Sent Weather | Zone: Kothrud       | Temp: 34.7°C | Humidity: 93%
 -> Sent Weather | Zone: Hadapsar      | Temp: 36.2°C | Humidity: 87%
 -> Sent Weather | Zone: Shivajinagar  | Temp: 36.0°C | Humidity: 91%

--- Emitting Weather Window: 15:16:57 ---
 -> Sent Weather | Zone: Hinjewadi     | Temp: 35.1°C | Humidity: 92%
 -> Sent Weather | Zone: FC Road       | Temp: 35.9°C | Humidity: 91%
 -> Sent Weather | Zone: Kothrud       | Temp: 35.3°C | Humidity: 94%
 -> Sent Weather | Zone: Hadapsar      | Temp: 36.2°C | Humidity: 87%
 -> Sent Weather | Zone: Shivajinagar  | Temp: 36.0°C | Humidity: 91%

--- Emitting Weather Window: 15:17:19 ---
 -> Sent Weather | Zone: Hinjewadi     | Temp: 34.7°C | Humidity: 91%
 -> Sent Weather | Zone: FC Road       | Temp: 35.9°C | Humidity: 91%
 -> Sent Weather | Zone: Kothrud       | Temp: 34.8°C | Humidity: 93%
 -> Sent Weather | Zone: Hadapsar      | Temp: 36.4°C | Humidity: 87%
 -> Sent Weather | Zone: Shivajinagar  | Temp: 35.4°C | Humidity: 90%

--- Emitting Weather Window: 15:17:39 ---
 -> Sent Weather | Zone: Hinjewadi     | Temp: 34.8°C | Humidity: 91%
 -> Sent Weather | Zone: FC Road       | Temp: 35.9°C | Humidity: 91%
 -> Sent Weather | Zone: Kothrud       | Temp: 34.9°C | Humidity: 93%
 -> Sent Weather | Zone: Hadapsar      | Temp: 36.7°C | Humidity: 88%
 -> Sent Weather | Zone: Shivajinagar  | Temp: 35.4°C | Humidity: 90%

--- Emitting Weather Window: 15:17:59 ---
 -> Sent Weather | Zone: Hinjewadi     | Temp: 35.0°C | Humidity: 92%
 -> Sent Weather | Zone: FC Road       | Temp: 35.7°C | Humidity: 90%
 -> Sent Weather | Zone: Kothrud       | Temp: 35.2°C | Humidity: 94%
 -> Sent Weather | Zone: Hadapsar      | Temp: 36.6°C | Humidity: 88%
 -> Sent Weather | Zone: Shivajinagar  | Temp: 35.9°C | Humidity: 91%

--- Emitting Weather Window: 15:18:18 ---
 -> Sent Weather | Zone: Hinjewadi     | Temp: 34.8°C | Humidity: 91%
 -> Sent Weather | Zone: FC Road       | Temp: 35.6°C | Humidity: 90%
 -> Sent Weather | Zone: Kothrud       | Temp: 35.1°C | Humidity: 94%
 -> Sent Weather | Zone: Hadapsar      | Temp: 36.8°C | Humidity: 88%
 -> Sent Weather | Zone: Shivajinagar  | Temp: 35.7°C | Humidity: 90%

--- Emitting Weather Window: 15:18:39 ---
 -> Sent Weather | Zone: Hinjewadi     | Temp: 35.1°C | Humidity: 92%
 -> Sent Weather | Zone: FC Road       | Temp: 35.6°C | Humidity: 90%
 -> Sent Weather | Zone: Kothrud       | Temp: 35.2°C | Humidity: 94%
⚠️ API Fetch error: HTTPSConnectionPool(host='api.open-meteo.com', port=443): Read timed out. (read timeout=10)
 -> Sent Weather | Zone: Hadapsar      | Temp: 32.0°C | Humidity: 59%
 -> Sent Weather | Zone: Shivajinagar  | Temp: 35.6°C | Humidity: 90%

--- Emitting Weather Window: 15:19:09 ---
 -> Sent Weather | Zone: Hinjewadi     | Temp: 35.2°C | Humidity: 92%
 -> Sent Weather | Zone: FC Road       | Temp: 35.3°C | Humidity: 90%
 -> Sent Weather | Zone: Kothrud       | Temp: 35.0°C | Humidity: 94%
 -> Sent Weather | Zone: Hadapsar      | Temp: 36.2°C | Humidity: 87%
 -> Sent Weather | Zone: Shivajinagar  | Temp: 35.9°C | Humidity: 91%

--- Emitting Weather Window: 15:19:29 ---
 -> Sent Weather | Zone: Hinjewadi     | Temp: 35.1°C | Humidity: 92%
 -> Sent Weather | Zone: FC Road       | Temp: 35.8°C | Humidity: 91%
 -> Sent Weather | Zone: Kothrud       | Temp: 35.3°C | Humidity: 94%
 -> Sent Weather | Zone: Hadapsar      | Temp: 36.4°C | Humidity: 87%
 -> Sent Weather | Zone: Shivajinagar  | Temp: 35.6°C | Humidity: 90%

--- Emitting Weather Window: 15:19:49 ---
 -> Sent Weather | Zone: Hinjewadi     | Temp: 35.3°C | Humidity: 92%
 -> Sent Weather | Zone: FC Road       | Temp: 35.8°C | Humidity: 91%
 -> Sent Weather | Zone: Kothrud       | Temp: 34.9°C | Humidity: 93%
 -> Sent Weather | Zone: Hadapsar      | Temp: 36.7°C | Humidity: 88%
 -> Sent Weather | Zone: Shivajinagar  | Temp: 35.9°C | Humidity: 91%

--- Emitting Weather Window: 15:20:09 ---
 -> Sent Weather | Zone: Hinjewadi     | Temp: 35.3°C | Humidity: 92%
 -> Sent Weather | Zone: FC Road       | Temp: 35.7°C | Humidity: 90%
 -> Sent Weather | Zone: Kothrud       | Temp: 34.7°C | Humidity: 93%
 -> Sent Weather | Zone: Hadapsar      | Temp: 36.3°C | Humidity: 87%
 -> Sent Weather | Zone: Shivajinagar  | Temp: 35.4°C | Humidity: 90%

--- Emitting Weather Window: 15:20:36 ---
 -> Sent Weather | Zone: Hinjewadi     | Temp: 34.7°C | Humidity: 91%
 -> Sent Weather | Zone: FC Road       | Temp: 35.5°C | Humidity: 90%
 -> Sent Weather | Zone: Kothrud       | Temp: 34.8°C | Humidity: 93%
 -> Sent Weather | Zone: Hadapsar      | Temp: 36.5°C | Humidity: 88%
 -> Sent Weather | Zone: Shivajinagar  | Temp: 35.6°C | Humidity: 90%

--- Emitting Weather Window: 15:20:55 ---
 -> Sent Weather | Zone: Hinjewadi     | Temp: 35.2°C | Humidity: 92%
 -> Sent Weather | Zone: FC Road       | Temp: 35.7°C | Humidity: 91%
 -> Sent Weather | Zone: Kothrud       | Temp: 35.2°C | Humidity: 94%
 -> Sent Weather | Zone: Hadapsar      | Temp: 36.5°C | Humidity: 87%
 -> Sent Weather | Zone: Shivajinagar  | Temp: 35.9°C | Humidity: 91%

--- Emitting Weather Window: 15:21:15 ---
 -> Sent Weather | Zone: Hinjewadi     | Temp: 34.7°C | Humidity: 91%
 -> Sent Weather | Zone: FC Road       | Temp: 35.8°C | Humidity: 91%
 -> Sent Weather | Zone: Kothrud       | Temp: 35.2°C | Humidity: 94%
 -> Sent Weather | Zone: Hadapsar      | Temp: 36.6°C | Humidity: 88%
 -> Sent Weather | Zone: Shivajinagar  | Temp: 35.5°C | Humidity: 90%

--- Emitting Weather Window: 15:21:35 ---
 -> Sent Weather | Zone: Hinjewadi     | Temp: 34.9°C | Humidity: 91%
 -> Sent Weather | Zone: FC Road       | Temp: 35.4°C | Humidity: 90%
 -> Sent Weather | Zone: Kothrud       | Temp: 34.7°C | Humidity: 93%
 -> Sent Weather | Zone: Hadapsar      | Temp: 36.7°C | Humidity: 88%
 -> Sent Weather | Zone: Shivajinagar  | Temp: 35.5°C | Humidity: 90%

--- Emitting Weather Window: 15:21:57 ---
 -> Sent Weather | Zone: Hinjewadi     | Temp: 34.9°C | Humidity: 91%
 -> Sent Weather | Zone: FC Road       | Temp: 36.0°C | Humidity: 91%
 -> Sent Weather | Zone: Kothrud       | Temp: 35.0°C | Humidity: 93%
 -> Sent Weather | Zone: Hadapsar      | Temp: 36.6°C | Humidity: 88%
 -> Sent Weather | Zone: Shivajinagar  | Temp: 35.8°C | Humidity: 91%

--- Emitting Weather Window: 15:22:16 ---
 -> Sent Weather | Zone: Hinjewadi     | Temp: 35.3°C | Humidity: 92%
 -> Sent Weather | Zone: FC Road       | Temp: 35.6°C | Humidity: 90%
 -> Sent Weather | Zone: Kothrud       | Temp: 35.3°C | Humidity: 94%
 -> Sent Weather | Zone: Hadapsar      | Temp: 36.8°C | Humidity: 88%
 -> Sent Weather | Zone: Shivajinagar  | Temp: 35.6°C | Humidity: 90%

--- Emitting Weather Window: 15:22:36 ---
 -> Sent Weather | Zone: Hinjewadi     | Temp: 35.2°C | Humidity: 92%
 -> Sent Weather | Zone: FC Road       | Temp: 36.0°C | Humidity: 91%
 -> Sent Weather | Zone: Kothrud       | Temp: 34.7°C | Humidity: 93%
 -> Sent Weather | Zone: Hadapsar      | Temp: 36.5°C | Humidity: 88%
 -> Sent Weather | Zone: Shivajinagar  | Temp: 35.7°C | Humidity: 91%

--- Emitting Weather Window: 15:22:56 ---
 -> Sent Weather | Zone: Hinjewadi     | Temp: 35.2°C | Humidity: 92%
 -> Sent Weather | Zone: FC Road       | Temp: 35.9°C | Humidity: 91%
 -> Sent Weather | Zone: Kothrud       | Temp: 35.0°C | Humidity: 94%
 -> Sent Weather | Zone: Hadapsar      | Temp: 36.5°C | Humidity: 88%
 -> Sent Weather | Zone: Shivajinagar  | Temp: 35.4°C | Humidity: 90%

--- Emitting Weather Window: 15:23:16 ---
⚠️ API Fetch error: HTTPSConnectionPool(host='api.open-meteo.com', port=443): Read timed out. (read timeout=10)
 -> Sent Weather | Zone: Hinjewadi     | Temp: 31.8°C | Humidity: 59%
 -> Sent Weather | Zone: FC Road       | Temp: 35.7°C | Humidity: 90%
 -> Sent Weather | Zone: Kothrud       | Temp: 35.0°C | Humidity: 94%
 -> Sent Weather | Zone: Hadapsar      | Temp: 36.3°C | Humidity: 87%
 -> Sent Weather | Zone: Shivajinagar  | Temp: 35.8°C | Humidity: 91%

--- Emitting Weather Window: 15:23:45 ---
 -> Sent Weather | Zone: Hinjewadi     | Temp: 34.8°C | Humidity: 91%
 -> Sent Weather | Zone: FC Road       | Temp: 35.4°C | Humidity: 90%
 -> Sent Weather | Zone: Kothrud       | Temp: 35.3°C | Humidity: 94%
 -> Sent Weather | Zone: Hadapsar      | Temp: 36.6°C | Humidity: 88%
 -> Sent Weather | Zone: Shivajinagar  | Temp: 35.9°C | Humidity: 91%

--- Emitting Weather Window: 15:24:05 ---
 -> Sent Weather | Zone: Hinjewadi     | Temp: 35.3°C | Humidity: 92%
 -> Sent Weather | Zone: FC Road       | Temp: 35.5°C | Humidity: 90%
 -> Sent Weather | Zone: Kothrud       | Temp: 35.3°C | Humidity: 94%
 -> Sent Weather | Zone: Hadapsar      | Temp: 36.3°C | Humidity: 87%
 -> Sent Weather | Zone: Shivajinagar  | Temp: 35.6°C | Humidity: 90%

--- Emitting Weather Window: 15:24:24 ---
 -> Sent Weather | Zone: Hinjewadi     | Temp: 34.9°C | Humidity: 91%
 -> Sent Weather | Zone: FC Road       | Temp: 36.0°C | Humidity: 91%
 -> Sent Weather | Zone: Kothrud       | Temp: 35.3°C | Humidity: 94%
 -> Sent Weather | Zone: Hadapsar      | Temp: 36.9°C | Humidity: 88%
 -> Sent Weather | Zone: Shivajinagar  | Temp: 35.8°C | Humidity: 91%

--- Emitting Weather Window: 15:24:48 ---
 -> Sent Weather | Zone: Hinjewadi     | Temp: 35.1°C | Humidity: 92%
 -> Sent Weather | Zone: FC Road       | Temp: 35.9°C | Humidity: 91%
 -> Sent Weather | Zone: Kothrud       | Temp: 35.0°C | Humidity: 93%
 -> Sent Weather | Zone: Hadapsar      | Temp: 36.7°C | Humidity: 88%
 -> Sent Weather | Zone: Shivajinagar  | Temp: 35.9°C | Humidity: 91%

--- Emitting Weather Window: 15:25:08 ---
 -> Sent Weather | Zone: Hinjewadi     | Temp: 35.0°C | Humidity: 91%
 -> Sent Weather | Zone: FC Road       | Temp: 35.9°C | Humidity: 91%
 -> Sent Weather | Zone: Kothrud       | Temp: 35.0°C | Humidity: 93%
 -> Sent Weather | Zone: Hadapsar      | Temp: 36.3°C | Humidity: 87%
 -> Sent Weather | Zone: Shivajinagar  | Temp: 35.4°C | Humidity: 90%

--- Emitting Weather Window: 15:25:28 ---
 -> Sent Weather | Zone: Hinjewadi     | Temp: 35.3°C | Humidity: 92%
 -> Sent Weather | Zone: FC Road       | Temp: 35.8°C | Humidity: 91%
 -> Sent Weather | Zone: Kothrud       | Temp: 34.9°C | Humidity: 93%
 -> Sent Weather | Zone: Hadapsar      | Temp: 36.1°C | Humidity: 87%
 -> Sent Weather | Zone: Shivajinagar  | Temp: 36.0°C | Humidity: 91%

--- Emitting Weather Window: 15:25:47 ---
 -> Sent Weather | Zone: Hinjewadi     | Temp: 34.7°C | Humidity: 91%
 -> Sent Weather | Zone: FC Road       | Temp: 35.4°C | Humidity: 90%
 -> Sent Weather | Zone: Kothrud       | Temp: 35.2°C | Humidity: 94%
 -> Sent Weather | Zone: Hadapsar      | Temp: 36.4°C | Humidity: 87%
 -> Sent Weather | Zone: Shivajinagar  | Temp: 36.0°C | Humidity: 91%

--- Emitting Weather Window: 15:26:07 ---
 -> Sent Weather | Zone: Hinjewadi     | Temp: 35.1°C | Humidity: 92%
 -> Sent Weather | Zone: FC Road       | Temp: 35.5°C | Humidity: 90%
 -> Sent Weather | Zone: Kothrud       | Temp: 34.8°C | Humidity: 93%
 -> Sent Weather | Zone: Hadapsar      | Temp: 36.4°C | Humidity: 87%
 -> Sent Weather | Zone: Shivajinagar  | Temp: 35.5°C | Humidity: 90%

--- Emitting Weather Window: 15:26:26 ---
 -> Sent Weather | Zone: Hinjewadi     | Temp: 34.7°C | Humidity: 91%
 -> Sent Weather | Zone: FC Road       | Temp: 36.0°C | Humidity: 91%
 -> Sent Weather | Zone: Kothrud       | Temp: 34.7°C | Humidity: 93%
 -> Sent Weather | Zone: Hadapsar      | Temp: 36.6°C | Humidity: 88%
 -> Sent Weather | Zone: Shivajinagar  | Temp: 35.5°C | Humidity: 90%

--- Emitting Weather Window: 15:26:46 ---
 -> Sent Weather | Zone: Hinjewadi     | Temp: 35.2°C | Humidity: 92%
 -> Sent Weather | Zone: FC Road       | Temp: 35.7°C | Humidity: 91%
 -> Sent Weather | Zone: Kothrud       | Temp: 34.8°C | Humidity: 93%
 -> Sent Weather | Zone: Hadapsar      | Temp: 36.6°C | Humidity: 88%
 -> Sent Weather | Zone: Shivajinagar  | Temp: 35.5°C | Humidity: 90%

--- Emitting Weather Window: 15:27:05 ---
 -> Sent Weather | Zone: Hinjewadi     | Temp: 35.2°C | Humidity: 92%
 -> Sent Weather | Zone: FC Road       | Temp: 35.5°C | Humidity: 90%
 -> Sent Weather | Zone: Kothrud       | Temp: 35.1°C | Humidity: 94%
 -> Sent Weather | Zone: Hadapsar      | Temp: 36.2°C | Humidity: 87%
 -> Sent Weather | Zone: Shivajinagar  | Temp: 35.9°C | Humidity: 91%

--- Emitting Weather Window: 15:27:24 ---
 -> Sent Weather | Zone: Hinjewadi     | Temp: 35.2°C | Humidity: 92%
 -> Sent Weather | Zone: FC Road       | Temp: 35.5°C | Humidity: 90%
 -> Sent Weather | Zone: Kothrud       | Temp: 35.0°C | Humidity: 94%
 -> Sent Weather | Zone: Hadapsar      | Temp: 36.2°C | Humidity: 87%
 -> Sent Weather | Zone: Shivajinagar  | Temp: 36.0°C | Humidity: 91%

--- Emitting Weather Window: 15:27:45 ---
 -> Sent Weather | Zone: Hinjewadi     | Temp: 35.3°C | Humidity: 92%
 -> Sent Weather | Zone: FC Road       | Temp: 35.8°C | Humidity: 91%
 -> Sent Weather | Zone: Kothrud       | Temp: 34.9°C | Humidity: 93%
 -> Sent Weather | Zone: Hadapsar      | Temp: 36.2°C | Humidity: 87%
 -> Sent Weather | Zone: Shivajinagar  | Temp: 35.4°C | Humidity: 90%

--- Emitting Weather Window: 15:28:05 ---
 -> Sent Weather | Zone: Hinjewadi     | Temp: 35.0°C | Humidity: 92%
 -> Sent Weather | Zone: FC Road       | Temp: 35.7°C | Humidity: 90%
 -> Sent Weather | Zone: Kothrud       | Temp: 35.0°C | Humidity: 94%
 -> Sent Weather | Zone: Hadapsar      | Temp: 36.8°C | Humidity: 88%
 -> Sent Weather | Zone: Shivajinagar  | Temp: 35.8°C | Humidity: 91%

--- Emitting Weather Window: 15:28:24 ---
 -> Sent Weather | Zone: Hinjewadi     | Temp: 34.9°C | Humidity: 91%
 -> Sent Weather | Zone: FC Road       | Temp: 35.4°C | Humidity: 90%
 -> Sent Weather | Zone: Kothrud       | Temp: 34.9°C | Humidity: 93%
 -> Sent Weather | Zone: Hadapsar      | Temp: 36.3°C | Humidity: 87%
 -> Sent Weather | Zone: Shivajinagar  | Temp: 36.0°C | Humidity: 91%

--- Emitting Weather Window: 15:28:44 ---
 -> Sent Weather | Zone: Hinjewadi     | Temp: 35.0°C | Humidity: 91%
 -> Sent Weather | Zone: FC Road       | Temp: 35.4°C | Humidity: 90%
 -> Sent Weather | Zone: Kothrud       | Temp: 35.2°C | Humidity: 94%
 -> Sent Weather | Zone: Hadapsar      | Temp: 36.6°C | Humidity: 88%
 -> Sent Weather | Zone: Shivajinagar  | Temp: 35.4°C | Humidity: 90%

--- Emitting Weather Window: 15:29:04 ---
 -> Sent Weather | Zone: Hinjewadi     | Temp: 35.0°C | Humidity: 91%
 -> Sent Weather | Zone: FC Road       | Temp: 35.6°C | Humidity: 90%
 -> Sent Weather | Zone: Kothrud       | Temp: 34.9°C | Humidity: 93%
 -> Sent Weather | Zone: Hadapsar      | Temp: 36.6°C | Humidity: 88%
 -> Sent Weather | Zone: Shivajinagar  | Temp: 36.0°C | Humidity: 91%

--- Emitting Weather Window: 15:29:25 ---
 -> Sent Weather | Zone: Hinjewadi     | Temp: 34.9°C | Humidity: 91%
 -> Sent Weather | Zone: FC Road       | Temp: 35.9°C | Humidity: 91%
 -> Sent Weather | Zone: Kothrud       | Temp: 34.9°C | Humidity: 93%
 -> Sent Weather | Zone: Hadapsar      | Temp: 36.6°C | Humidity: 88%
 -> Sent Weather | Zone: Shivajinagar  | Temp: 36.0°C | Humidity: 91%

--- Emitting Weather Window: 15:29:45 ---
 -> Sent Weather | Zone: Hinjewadi     | Temp: 34.7°C | Humidity: 91%
 -> Sent Weather | Zone: FC Road       | Temp: 35.5°C | Humidity: 90%
 -> Sent Weather | Zone: Kothrud       | Temp: 34.7°C | Humidity: 93%
 -> Sent Weather | Zone: Hadapsar      | Temp: 36.6°C | Humidity: 88%
 -> Sent Weather | Zone: Shivajinagar  | Temp: 35.7°C | Humidity: 91%

--- Emitting Weather Window: 15:30:05 ---
⚠️ API Fetch error: HTTPSConnectionPool(host='api.open-meteo.com', port=443): Read timed out. (read timeout=10)
 -> Sent Weather | Zone: Hinjewadi     | Temp: 32.2°C | Humidity: 60%
 -> Sent Weather | Zone: FC Road       | Temp: 35.4°C | Humidity: 91%
 -> Sent Weather | Zone: Kothrud       | Temp: 34.4°C | Humidity: 93%
 -> Sent Weather | Zone: Hadapsar      | Temp: 35.9°C | Humidity: 87%
 -> Sent Weather | Zone: Shivajinagar  | Temp: 34.9°C | Humidity: 90%

--- Emitting Weather Window: 15:30:51 ---
 -> Sent Weather | Zone: Hinjewadi     | Temp: 34.6°C | Humidity: 91%
 -> Sent Weather | Zone: FC Road       | Temp: 35.5°C | Humidity: 91%
 -> Sent Weather | Zone: Kothrud       | Temp: 34.8°C | Humidity: 94%
 -> Sent Weather | Zone: Hadapsar      | Temp: 36.6°C | Humidity: 88%
 -> Sent Weather | Zone: Shivajinagar  | Temp: 35.1°C | Humidity: 90%

--- Emitting Weather Window: 15:31:17 ---
 -> Sent Weather | Zone: Hinjewadi     | Temp: 34.9°C | Humidity: 92%
 -> Sent Weather | Zone: FC Road       | Temp: 34.9°C | Humidity: 90%
 -> Sent Weather | Zone: Kothrud       | Temp: 34.8°C | Humidity: 94%
 -> Sent Weather | Zone: Hadapsar      | Temp: 36.5°C | Humidity: 88%
 -> Sent Weather | Zone: Shivajinagar  | Temp: 34.9°C | Humidity: 90%

--- Emitting Weather Window: 15:31:39 ---
 -> Sent Weather | Zone: Hinjewadi     | Temp: 35.0°C | Humidity: 92%
 -> Sent Weather | Zone: FC Road       | Temp: 34.9°C | Humidity: 90%
 -> Sent Weather | Zone: Kothrud       | Temp: 34.4°C | Humidity: 93%
 -> Sent Weather | Zone: Hadapsar      | Temp: 36.3°C | Humidity: 88%
 -> Sent Weather | Zone: Shivajinagar  | Temp: 35.5°C | Humidity: 91%

--- Emitting Weather Window: 15:31:59 ---
 -> Sent Weather | Zone: Hinjewadi     | Temp: 34.6°C | Humidity: 91%
 -> Sent Weather | Zone: FC Road       | Temp: 35.0°C | Humidity: 90%
 -> Sent Weather | Zone: Kothrud       | Temp: 34.5°C | Humidity: 93%
 -> Sent Weather | Zone: Hadapsar      | Temp: 36.3°C | Humidity: 88%
 -> Sent Weather | Zone: Shivajinagar  | Temp: 34.9°C | Humidity: 90%

--- Emitting Weather Window: 15:32:18 ---
 -> Sent Weather | Zone: Hinjewadi     | Temp: 34.9°C | Humidity: 92%
 -> Sent Weather | Zone: FC Road       | Temp: 35.1°C | Humidity: 90%
 -> Sent Weather | Zone: Kothrud       | Temp: 34.9°C | Humidity: 94%
 -> Sent Weather | Zone: Hadapsar      | Temp: 36.0°C | Humidity: 87%
 -> Sent Weather | Zone: Shivajinagar  | Temp: 35.4°C | Humidity: 91%

--- Emitting Weather Window: 15:32:38 ---
 -> Sent Weather | Zone: Hinjewadi     | Temp: 34.5°C | Humidity: 91%
 -> Sent Weather | Zone: FC Road       | Temp: 35.3°C | Humidity: 91%
 -> Sent Weather | Zone: Kothrud       | Temp: 34.4°C | Humidity: 93%
 -> Sent Weather | Zone: Hadapsar      | Temp: 36.5°C | Humidity: 88%
 -> Sent Weather | Zone: Shivajinagar  | Temp: 35.3°C | Humidity: 91%

--- Emitting Weather Window: 15:32:57 ---
 -> Sent Weather | Zone: Hinjewadi     | Temp: 34.6°C | Humidity: 91%
 -> Sent Weather | Zone: FC Road       | Temp: 35.3°C | Humidity: 91%
 -> Sent Weather | Zone: Kothrud       | Temp: 34.9°C | Humidity: 94%
 -> Sent Weather | Zone: Hadapsar      | Temp: 36.4°C | Humidity: 88%
 -> Sent Weather | Zone: Shivajinagar  | Temp: 35.0°C | Humidity: 90%

--- Emitting Weather Window: 15:33:17 ---
 -> Sent Weather | Zone: Hinjewadi     | Temp: 35.1°C | Humidity: 92%
 -> Sent Weather | Zone: FC Road       | Temp: 35.3°C | Humidity: 91%
 -> Sent Weather | Zone: Kothrud       | Temp: 34.7°C | Humidity: 94%
 -> Sent Weather | Zone: Hadapsar      | Temp: 36.4°C | Humidity: 88%
 -> Sent Weather | Zone: Shivajinagar  | Temp: 35.0°C | Humidity: 90%

--- Emitting Weather Window: 15:33:37 ---
 -> Sent Weather | Zone: Hinjewadi     | Temp: 34.8°C | Humidity: 92%
 -> Sent Weather | Zone: FC Road       | Temp: 35.1°C | Humidity: 90%
 -> Sent Weather | Zone: Kothrud       | Temp: 34.8°C | Humidity: 94%
 -> Sent Weather | Zone: Hadapsar      | Temp: 36.2°C | Humidity: 88%
 -> Sent Weather | Zone: Shivajinagar  | Temp: 35.5°C | Humidity: 91%

--- Emitting Weather Window: 15:33:56 ---
 -> Sent Weather | Zone: Hinjewadi     | Temp: 34.9°C | Humidity: 92%
 -> Sent Weather | Zone: FC Road       | Temp: 34.9°C | Humidity: 90%
 -> Sent Weather | Zone: Kothrud       | Temp: 34.9°C | Humidity: 94%
 -> Sent Weather | Zone: Hadapsar      | Temp: 36.4°C | Humidity: 88%
 -> Sent Weather | Zone: Shivajinagar  | Temp: 35.1°C | Humidity: 90%

--- Emitting Weather Window: 15:34:16 ---
 -> Sent Weather | Zone: Hinjewadi     | Temp: 34.6°C | Humidity: 91%
 -> Sent Weather | Zone: FC Road       | Temp: 35.4°C | Humidity: 91%
 -> Sent Weather | Zone: Kothrud       | Temp: 34.6°C | Humidity: 94%
 -> Sent Weather | Zone: Hadapsar      | Temp: 36.2°C | Humidity: 88%
 -> Sent Weather | Zone: Shivajinagar  | Temp: 35.5°C | Humidity: 91%

--- Emitting Weather Window: 15:34:35 ---
 -> Sent Weather | Zone: Hinjewadi     | Temp: 34.9°C | Humidity: 92%
 -> Sent Weather | Zone: FC Road       | Temp: 35.2°C | Humidity: 91%
 -> Sent Weather | Zone: Kothrud       | Temp: 34.6°C | Humidity: 93%
 -> Sent Weather | Zone: Hadapsar      | Temp: 36.0°C | Humidity: 87%
 -> Sent Weather | Zone: Shivajinagar  | Temp: 35.2°C | Humidity: 90%

--- Emitting Weather Window: 15:34:54 ---
 -> Sent Weather | Zone: Hinjewadi     | Temp: 34.5°C | Humidity: 91%
 -> Sent Weather | Zone: FC Road       | Temp: 35.1°C | Humidity: 90%
 -> Sent Weather | Zone: Kothrud       | Temp: 34.7°C | Humidity: 94%
 -> Sent Weather | Zone: Hadapsar      | Temp: 36.0°C | Humidity: 87%
 -> Sent Weather | Zone: Shivajinagar  | Temp: 35.2°C | Humidity: 90%

--- Emitting Weather Window: 15:35:15 ---
 -> Sent Weather | Zone: Hinjewadi     | Temp: 34.7°C | Humidity: 91%
 -> Sent Weather | Zone: FC Road       | Temp: 35.1°C | Humidity: 90%
 -> Sent Weather | Zone: Kothrud       | Temp: 34.5°C | Humidity: 93%
 -> Sent Weather | Zone: Hadapsar      | Temp: 36.4°C | Humidity: 88%
 -> Sent Weather | Zone: Shivajinagar  | Temp: 35.4°C | Humidity: 91%

--- Emitting Weather Window: 15:35:34 ---
 -> Sent Weather | Zone: Hinjewadi     | Temp: 35.1°C | Humidity: 92%
 -> Sent Weather | Zone: FC Road       | Temp: 35.5°C | Humidity: 91%
 -> Sent Weather | Zone: Kothrud       | Temp: 34.9°C | Humidity: 94%
 -> Sent Weather | Zone: Hadapsar      | Temp: 35.9°C | Humidity: 87%
 -> Sent Weather | Zone: Shivajinagar  | Temp: 35.2°C | Humidity: 90%

--- Emitting Weather Window: 15:35:54 ---
 -> Sent Weather | Zone: Hinjewadi     | Temp: 35.1°C | Humidity: 92%
 -> Sent Weather | Zone: FC Road       | Temp: 35.2°C | Humidity: 91%
 -> Sent Weather | Zone: Kothrud       | Temp: 34.6°C | Humidity: 93%
 -> Sent Weather | Zone: Hadapsar      | Temp: 36.2°C | Humidity: 87%
 -> Sent Weather | Zone: Shivajinagar  | Temp: 35.3°C | Humidity: 91%

--- Emitting Weather Window: 15:36:14 ---
 -> Sent Weather | Zone: Hinjewadi     | Temp: 34.6°C | Humidity: 91%
 -> Sent Weather | Zone: FC Road       | Temp: 35.4°C | Humidity: 91%
 -> Sent Weather | Zone: Kothrud       | Temp: 34.8°C | Humidity: 94%
 -> Sent Weather | Zone: Hadapsar      | Temp: 36.1°C | Humidity: 87%
 -> Sent Weather | Zone: Shivajinagar  | Temp: 34.9°C | Humidity: 90%

--- Emitting Weather Window: 15:36:34 ---
 -> Sent Weather | Zone: Hinjewadi     | Temp: 34.7°C | Humidity: 91%
 -> Sent Weather | Zone: FC Road       | Temp: 35.3°C | Humidity: 91%
 -> Sent Weather | Zone: Kothrud       | Temp: 34.9°C | Humidity: 94%
 -> Sent Weather | Zone: Hadapsar      | Temp: 36.4°C | Humidity: 88%
 -> Sent Weather | Zone: Shivajinagar  | Temp: 35.3°C | Humidity: 91%

--- Emitting Weather Window: 15:36:54 ---
 -> Sent Weather | Zone: Hinjewadi     | Temp: 34.7°C | Humidity: 91%
 -> Sent Weather | Zone: FC Road       | Temp: 35.4°C | Humidity: 91%
 -> Sent Weather | Zone: Kothrud       | Temp: 34.4°C | Humidity: 93%
 -> Sent Weather | Zone: Hadapsar      | Temp: 36.3°C | Humidity: 88%
 -> Sent Weather | Zone: Shivajinagar  | Temp: 35.5°C | Humidity: 91%

--- Emitting Weather Window: 15:37:14 ---
 -> Sent Weather | Zone: Hinjewadi     | Temp: 35.0°C | Humidity: 92%
 -> Sent Weather | Zone: FC Road       | Temp: 35.0°C | Humidity: 90%
 -> Sent Weather | Zone: Kothrud       | Temp: 34.3°C | Humidity: 93%
 -> Sent Weather | Zone: Hadapsar      | Temp: 36.3°C | Humidity: 88%
 -> Sent Weather | Zone: Shivajinagar  | Temp: 34.9°C | Humidity: 90%

--- Emitting Weather Window: 15:37:34 ---
 -> Sent Weather | Zone: Hinjewadi     | Temp: 34.9°C | Humidity: 92%
 -> Sent Weather | Zone: FC Road       | Temp: 35.2°C | Humidity: 90%
 -> Sent Weather | Zone: Kothrud       | Temp: 34.9°C | Humidity: 94%
 -> Sent Weather | Zone: Hadapsar      | Temp: 36.2°C | Humidity: 88%
 -> Sent Weather | Zone: Shivajinagar  | Temp: 35.5°C | Humidity: 91%

--- Emitting Weather Window: 15:37:53 ---
 -> Sent Weather | Zone: Hinjewadi     | Temp: 35.1°C | Humidity: 92%
 -> Sent Weather | Zone: FC Road       | Temp: 34.9°C | Humidity: 90%
 -> Sent Weather | Zone: Kothrud       | Temp: 34.5°C | Humidity: 93%
 -> Sent Weather | Zone: Hadapsar      | Temp: 36.1°C | Humidity: 87%
 -> Sent Weather | Zone: Shivajinagar  | Temp: 34.9°C | Humidity: 90%

--- Emitting Weather Window: 15:38:13 ---
 -> Sent Weather | Zone: Hinjewadi     | Temp: 34.8°C | Humidity: 92%
 -> Sent Weather | Zone: FC Road       | Temp: 35.1°C | Humidity: 90%
 -> Sent Weather | Zone: Kothrud       | Temp: 34.8°C | Humidity: 94%
 -> Sent Weather | Zone: Hadapsar      | Temp: 35.9°C | Humidity: 87%
 -> Sent Weather | Zone: Shivajinagar  | Temp: 35.4°C | Humidity: 91%

--- Emitting Weather Window: 15:38:33 ---
 -> Sent Weather | Zone: Hinjewadi     | Temp: 34.9°C | Humidity: 92%
 -> Sent Weather | Zone: FC Road       | Temp: 34.9°C | Humidity: 90%
 -> Sent Weather | Zone: Kothrud       | Temp: 34.8°C | Humidity: 94%
 -> Sent Weather | Zone: Hadapsar      | Temp: 36.5°C | Humidity: 88%
 -> Sent Weather | Zone: Shivajinagar  | Temp: 35.4°C | Humidity: 91%

--- Emitting Weather Window: 15:38:53 ---
 -> Sent Weather | Zone: Hinjewadi     | Temp: 34.9°C | Humidity: 92%
 -> Sent Weather | Zone: FC Road       | Temp: 35.1°C | Humidity: 90%
 -> Sent Weather | Zone: Kothrud       | Temp: 34.3°C | Humidity: 93%
 -> Sent Weather | Zone: Hadapsar      | Temp: 36.3°C | Humidity: 88%
 -> Sent Weather | Zone: Shivajinagar  | Temp: 35.2°C | Humidity: 91%

--- Emitting Weather Window: 15:39:13 ---
 -> Sent Weather | Zone: Hinjewadi     | Temp: 35.1°C | Humidity: 92%
 -> Sent Weather | Zone: FC Road       | Temp: 35.5°C | Humidity: 91%
⚠️ API Fetch error: HTTPSConnectionPool(host='api.open-meteo.com', port=443): Read timed out. (read timeout=10)
 -> Sent Weather | Zone: Kothrud       | Temp: 32.1°C | Humidity: 60%
 -> Sent Weather | Zone: Hadapsar      | Temp: 36.3°C | Humidity: 88%
 -> Sent Weather | Zone: Shivajinagar  | Temp: 35.3°C | Humidity: 91%

--- Emitting Weather Window: 15:39:42 ---
 -> Sent Weather | Zone: Hinjewadi     | Temp: 34.7°C | Humidity: 91%
 -> Sent Weather | Zone: FC Road       | Temp: 35.5°C | Humidity: 91%
 -> Sent Weather | Zone: Kothrud       | Temp: 34.5°C | Humidity: 93%
 -> Sent Weather | Zone: Hadapsar      | Temp: 35.9°C | Humidity: 87%
 -> Sent Weather | Zone: Shivajinagar  | Temp: 35.3°C | Humidity: 91%

--- Emitting Weather Window: 15:40:02 ---
 -> Sent Weather | Zone: Hinjewadi     | Temp: 35.0°C | Humidity: 92%
 -> Sent Weather | Zone: FC Road       | Temp: 35.3°C | Humidity: 91%
 -> Sent Weather | Zone: Kothrud       | Temp: 34.4°C | Humidity: 93%
 -> Sent Weather | Zone: Hadapsar      | Temp: 36.5°C | Humidity: 88%
 -> Sent Weather | Zone: Shivajinagar  | Temp: 35.4°C | Humidity: 91%

--- Emitting Weather Window: 15:40:36 ---
 -> Sent Weather | Zone: Hinjewadi     | Temp: 34.7°C | Humidity: 91%
 -> Sent Weather | Zone: FC Road       | Temp: 35.1°C | Humidity: 90%
 -> Sent Weather | Zone: Kothrud       | Temp: 34.7°C | Humidity: 94%
 -> Sent Weather | Zone: Hadapsar      | Temp: 36.0°C | Humidity: 87%
 -> Sent Weather | Zone: Shivajinagar  | Temp: 35.3°C | Humidity: 91%

--- Emitting Weather Window: 15:40:55 ---
 -> Sent Weather | Zone: Hinjewadi     | Temp: 35.1°C | Humidity: 92%
 -> Sent Weather | Zone: FC Road       | Temp: 35.2°C | Humidity: 90%
 -> Sent Weather | Zone: Kothrud       | Temp: 34.8°C | Humidity: 94%
 -> Sent Weather | Zone: Hadapsar      | Temp: 36.0°C | Humidity: 87%
 -> Sent Weather | Zone: Shivajinagar  | Temp: 35.1°C | Humidity: 90%

--- Emitting Weather Window: 15:41:15 ---
 -> Sent Weather | Zone: Hinjewadi     | Temp: 34.7°C | Humidity: 91%
 -> Sent Weather | Zone: FC Road       | Temp: 35.0°C | Humidity: 90%
 -> Sent Weather | Zone: Kothrud       | Temp: 34.4°C | Humidity: 93%
 -> Sent Weather | Zone: Hadapsar      | Temp: 36.4°C | Humidity: 88%
 -> Sent Weather | Zone: Shivajinagar  | Temp: 35.3°C | Humidity: 91%

--- Emitting Weather Window: 15:41:34 ---
 -> Sent Weather | Zone: Hinjewadi     | Temp: 34.6°C | Humidity: 91%
 -> Sent Weather | Zone: FC Road       | Temp: 35.0°C | Humidity: 90%
 -> Sent Weather | Zone: Kothrud       | Temp: 34.3°C | Humidity: 93%
 -> Sent Weather | Zone: Hadapsar      | Temp: 36.3°C | Humidity: 88%
 -> Sent Weather | Zone: Shivajinagar  | Temp: 35.5°C | Humidity: 91%

--- Emitting Weather Window: 15:41:54 ---
 -> Sent Weather | Zone: Hinjewadi     | Temp: 34.7°C | Humidity: 91%
 -> Sent Weather | Zone: FC Road       | Temp: 35.2°C | Humidity: 91%
 -> Sent Weather | Zone: Kothrud       | Temp: 34.5°C | Humidity: 93%
 -> Sent Weather | Zone: Hadapsar      | Temp: 36.0°C | Humidity: 87%
 -> Sent Weather | Zone: Shivajinagar  | Temp: 35.3°C | Humidity: 91%

--- Emitting Weather Window: 15:42:14 ---
 -> Sent Weather | Zone: Hinjewadi     | Temp: 35.1°C | Humidity: 92%
 -> Sent Weather | Zone: FC Road       | Temp: 34.9°C | Humidity: 90%
 -> Sent Weather | Zone: Kothrud       | Temp: 34.5°C | Humidity: 93%
 -> Sent Weather | Zone: Hadapsar      | Temp: 36.3°C | Humidity: 88%
 -> Sent Weather | Zone: Shivajinagar  | Temp: 35.1°C | Humidity: 90%

--- Emitting Weather Window: 15:42:34 ---
⚠️ API Fetch error: HTTPSConnectionPool(host='api.open-meteo.com', port=443): Read timed out. (read timeout=10)
 -> Sent Weather | Zone: Hinjewadi     | Temp: 31.9°C | Humidity: 59%
 -> Sent Weather | Zone: FC Road       | Temp: 34.9°C | Humidity: 90%
 -> Sent Weather | Zone: Kothrud       | Temp: 34.5°C | Humidity: 93%
 -> Sent Weather | Zone: Hadapsar      | Temp: 36.5°C | Humidity: 88%
 -> Sent Weather | Zone: Shivajinagar  | Temp: 35.4°C | Humidity: 91%

--- Emitting Weather Window: 15:43:03 ---
 -> Sent Weather | Zone: Hinjewadi     | Temp: 34.7°C | Humidity: 91%
 -> Sent Weather | Zone: FC Road       | Temp: 35.1°C | Humidity: 90%
 -> Sent Weather | Zone: Kothrud       | Temp: 34.5°C | Humidity: 93%
 -> Sent Weather | Zone: Hadapsar      | Temp: 36.3°C | Humidity: 88%
 -> Sent Weather | Zone: Shivajinagar  | Temp: 35.2°C | Humidity: 90%

--- Emitting Weather Window: 15:43:23 ---
 -> Sent Weather | Zone: Hinjewadi     | Temp: 35.1°C | Humidity: 92%
 -> Sent Weather | Zone: FC Road       | Temp: 34.9°C | Humidity: 90%
 -> Sent Weather | Zone: Kothrud       | Temp: 34.3°C | Humidity: 93%
 -> Sent Weather | Zone: Hadapsar      | Temp: 35.9°C | Humidity: 87%
 -> Sent Weather | Zone: Shivajinagar  | Temp: 35.4°C | Humidity: 91%

--- Emitting Weather Window: 15:43:43 ---
 -> Sent Weather | Zone: Hinjewadi     | Temp: 35.0°C | Humidity: 92%
 -> Sent Weather | Zone: FC Road       | Temp: 35.3°C | Humidity: 91%
 -> Sent Weather | Zone: Kothrud       | Temp: 34.6°C | Humidity: 94%
 -> Sent Weather | Zone: Hadapsar      | Temp: 35.9°C | Humidity: 87%
⚠️ API Fetch error: HTTPSConnectionPool(host='api.open-meteo.com', port=443): Read timed out. (read timeout=10)
 -> Sent Weather | Zone: Shivajinagar  | Temp: 32.3°C | Humidity: 60%

--- Emitting Weather Window: 15:44:12 ---
 -> Sent Weather | Zone: Hinjewadi     | Temp: 35.1°C | Humidity: 92%
 -> Sent Weather | Zone: FC Road       | Temp: 35.4°C | Humidity: 91%
 -> Sent Weather | Zone: Kothrud       | Temp: 34.6°C | Humidity: 94%
 -> Sent Weather | Zone: Hadapsar      | Temp: 36.1°C | Humidity: 87%
 -> Sent Weather | Zone: Shivajinagar  | Temp: 35.0°C | Humidity: 90%

--- Emitting Weather Window: 15:44:32 ---
 -> Sent Weather | Zone: Hinjewadi     | Temp: 34.7°C | Humidity: 91%
 -> Sent Weather | Zone: FC Road       | Temp: 34.9°C | Humidity: 90%
 -> Sent Weather | Zone: Kothrud       | Temp: 34.4°C | Humidity: 93%
 -> Sent Weather | Zone: Hadapsar      | Temp: 36.4°C | Humidity: 88%
 -> Sent Weather | Zone: Shivajinagar  | Temp: 34.9°C | Humidity: 90%

--- Emitting Weather Window: 15:44:51 ---
 -> Sent Weather | Zone: Hinjewadi     | Temp: 34.9°C | Humidity: 92%
 -> Sent Weather | Zone: FC Road       | Temp: 35.1°C | Humidity: 90%
 -> Sent Weather | Zone: Kothrud       | Temp: 34.5°C | Humidity: 93%
 -> Sent Weather | Zone: Hadapsar      | Temp: 35.9°C | Humidity: 87%
 -> Sent Weather | Zone: Shivajinagar  | Temp: 35.3°C | Humidity: 91%

--- Emitting Weather Window: 15:45:10 ---
 -> Sent Weather | Zone: Hinjewadi     | Temp: 34.6°C | Humidity: 92%
 -> Sent Weather | Zone: FC Road       | Temp: 35.1°C | Humidity: 91%
 -> Sent Weather | Zone: Kothrud       | Temp: 34.5°C | Humidity: 94%
 -> Sent Weather | Zone: Hadapsar      | Temp: 35.7°C | Humidity: 87%
 -> Sent Weather | Zone: Shivajinagar  | Temp: 34.5°C | Humidity: 90%

--- Emitting Weather Window: 15:45:30 ---
 -> Sent Weather | Zone: Hinjewadi     | Temp: 34.4°C | Humidity: 91%
 -> Sent Weather | Zone: FC Road       | Temp: 34.8°C | Humidity: 91%
 -> Sent Weather | Zone: Kothrud       | Temp: 34.4°C | Humidity: 94%
 -> Sent Weather | Zone: Hadapsar      | Temp: 36.1°C | Humidity: 88%
 -> Sent Weather | Zone: Shivajinagar  | Temp: 34.9°C | Humidity: 91%

--- Emitting Weather Window: 15:45:50 ---
 -> Sent Weather | Zone: Hinjewadi     | Temp: 34.5°C | Humidity: 92%
 -> Sent Weather | Zone: FC Road       | Temp: 34.6°C | Humidity: 90%
 -> Sent Weather | Zone: Kothrud       | Temp: 34.5°C | Humidity: 94%
 -> Sent Weather | Zone: Hadapsar      | Temp: 35.4°C | Humidity: 87%
 -> Sent Weather | Zone: Shivajinagar  | Temp: 34.9°C | Humidity: 91%

--- Emitting Weather Window: 15:46:10 ---
 -> Sent Weather | Zone: Hinjewadi     | Temp: 34.3°C | Humidity: 91%
 -> Sent Weather | Zone: FC Road       | Temp: 35.1°C | Humidity: 91%
 -> Sent Weather | Zone: Kothrud       | Temp: 34.1°C | Humidity: 93%
 -> Sent Weather | Zone: Hadapsar      | Temp: 35.9°C | Humidity: 88%
 -> Sent Weather | Zone: Shivajinagar  | Temp: 34.7°C | Humidity: 90%

--- Emitting Weather Window: 15:46:29 ---
 -> Sent Weather | Zone: Hinjewadi     | Temp: 34.3°C | Humidity: 91%
 -> Sent Weather | Zone: FC Road       | Temp: 34.7°C | Humidity: 90%
 -> Sent Weather | Zone: Kothrud       | Temp: 33.9°C | Humidity: 93%
 -> Sent Weather | Zone: Hadapsar      | Temp: 35.6°C | Humidity: 87%
 -> Sent Weather | Zone: Shivajinagar  | Temp: 34.6°C | Humidity: 90%

--- Emitting Weather Window: 15:46:48 ---
 -> Sent Weather | Zone: Hinjewadi     | Temp: 34.6°C | Humidity: 92%
 -> Sent Weather | Zone: FC Road       | Temp: 34.7°C | Humidity: 90%
 -> Sent Weather | Zone: Kothrud       | Temp: 34.1°C | Humidity: 93%
 -> Sent Weather | Zone: Hadapsar      | Temp: 35.6°C | Humidity: 87%
 -> Sent Weather | Zone: Shivajinagar  | Temp: 35.0°C | Humidity: 91%

--- Emitting Weather Window: 15:47:07 ---
 -> Sent Weather | Zone: Hinjewadi     | Temp: 34.3°C | Humidity: 91%
 -> Sent Weather | Zone: FC Road       | Temp: 35.1°C | Humidity: 91%
 -> Sent Weather | Zone: Kothrud       | Temp: 34.4°C | Humidity: 94%
 -> Sent Weather | Zone: Hadapsar      | Temp: 36.1°C | Humidity: 88%
 -> Sent Weather | Zone: Shivajinagar  | Temp: 34.9°C | Humidity: 91%

--- Emitting Weather Window: 15:47:27 ---
 -> Sent Weather | Zone: Hinjewadi     | Temp: 34.4°C | Humidity: 91%
 -> Sent Weather | Zone: FC Road       | Temp: 34.6°C | Humidity: 90%
 -> Sent Weather | Zone: Kothrud       | Temp: 33.9°C | Humidity: 93%
 -> Sent Weather | Zone: Hadapsar      | Temp: 35.5°C | Humidity: 87%
 -> Sent Weather | Zone: Shivajinagar  | Temp: 34.9°C | Humidity: 91%

--- Emitting Weather Window: 15:47:46 ---
 -> Sent Weather | Zone: Hinjewadi     | Temp: 34.6°C | Humidity: 92%
 -> Sent Weather | Zone: FC Road       | Temp: 35.1°C | Humidity: 91%
 -> Sent Weather | Zone: Kothrud       | Temp: 34.5°C | Humidity: 94%
 -> Sent Weather | Zone: Hadapsar      | Temp: 35.9°C | Humidity: 88%
 -> Sent Weather | Zone: Shivajinagar  | Temp: 35.0°C | Humidity: 91%

--- Emitting Weather Window: 15:48:06 ---
 -> Sent Weather | Zone: Hinjewadi     | Temp: 34.3°C | Humidity: 91%
 -> Sent Weather | Zone: FC Road       | Temp: 34.5°C | Humidity: 90%
 -> Sent Weather | Zone: Kothrud       | Temp: 34.4°C | Humidity: 94%
 -> Sent Weather | Zone: Hadapsar      | Temp: 35.9°C | Humidity: 88%
 -> Sent Weather | Zone: Shivajinagar  | Temp: 34.8°C | Humidity: 91%

--- Emitting Weather Window: 15:48:25 ---
 -> Sent Weather | Zone: Hinjewadi     | Temp: 34.6°C | Humidity: 92%
 -> Sent Weather | Zone: FC Road       | Temp: 34.7°C | Humidity: 90%
 -> Sent Weather | Zone: Kothrud       | Temp: 33.9°C | Humidity: 93%
 -> Sent Weather | Zone: Hadapsar      | Temp: 35.5°C | Humidity: 87%
 -> Sent Weather | Zone: Shivajinagar  | Temp: 34.6°C | Humidity: 90%

--- Emitting Weather Window: 15:48:45 ---
 -> Sent Weather | Zone: Hinjewadi     | Temp: 34.7°C | Humidity: 92%
 -> Sent Weather | Zone: FC Road       | Temp: 34.8°C | Humidity: 91%
 -> Sent Weather | Zone: Kothrud       | Temp: 34.2°C | Humidity: 93%
 -> Sent Weather | Zone: Hadapsar      | Temp: 35.8°C | Humidity: 87%
 -> Sent Weather | Zone: Shivajinagar  | Temp: 34.8°C | Humidity: 90%

--- Emitting Weather Window: 15:49:04 ---
 -> Sent Weather | Zone: Hinjewadi     | Temp: 34.5°C | Humidity: 92%
 -> Sent Weather | Zone: FC Road       | Temp: 34.7°C | Humidity: 90%
 -> Sent Weather | Zone: Kothrud       | Temp: 34.0°C | Humidity: 93%
 -> Sent Weather | Zone: Hadapsar      | Temp: 35.9°C | Humidity: 88%
 -> Sent Weather | Zone: Shivajinagar  | Temp: 35.1°C | Humidity: 91%

--- Emitting Weather Window: 15:49:24 ---
 -> Sent Weather | Zone: Hinjewadi     | Temp: 34.8°C | Humidity: 92%
 -> Sent Weather | Zone: FC Road       | Temp: 34.7°C | Humidity: 90%
 -> Sent Weather | Zone: Kothrud       | Temp: 34.3°C | Humidity: 94%
 -> Sent Weather | Zone: Hadapsar      | Temp: 35.7°C | Humidity: 87%
 -> Sent Weather | Zone: Shivajinagar  | Temp: 34.5°C | Humidity: 90%

--- Emitting Weather Window: 15:49:44 ---
 -> Sent Weather | Zone: Hinjewadi     | Temp: 34.5°C | Humidity: 91%
 -> Sent Weather | Zone: FC Road       | Temp: 34.9°C | Humidity: 91%
 -> Sent Weather | Zone: Kothrud       | Temp: 34.5°C | Humidity: 94%
 -> Sent Weather | Zone: Hadapsar      | Temp: 36.0°C | Humidity: 88%
 -> Sent Weather | Zone: Shivajinagar  | Temp: 35.0°C | Humidity: 91%

--- Emitting Weather Window: 15:50:04 ---
 -> Sent Weather | Zone: Hinjewadi     | Temp: 34.2°C | Humidity: 91%
 -> Sent Weather | Zone: FC Road       | Temp: 34.8°C | Humidity: 90%
 -> Sent Weather | Zone: Kothrud       | Temp: 34.2°C | Humidity: 94%
 -> Sent Weather | Zone: Hadapsar      | Temp: 35.9°C | Humidity: 88%
 -> Sent Weather | Zone: Shivajinagar  | Temp: 34.5°C | Humidity: 90%

--- Emitting Weather Window: 15:50:35 ---
 -> Sent Weather | Zone: Hinjewadi     | Temp: 34.4°C | Humidity: 91%
 -> Sent Weather | Zone: FC Road       | Temp: 35.0°C | Humidity: 91%
 -> Sent Weather | Zone: Kothrud       | Temp: 34.1°C | Humidity: 93%
 -> Sent Weather | Zone: Hadapsar      | Temp: 35.7°C | Humidity: 87%
 -> Sent Weather | Zone: Shivajinagar  | Temp: 34.9°C | Humidity: 91%

--- Emitting Weather Window: 15:50:55 ---
 -> Sent Weather | Zone: Hinjewadi     | Temp: 34.4°C | Humidity: 91%
 -> Sent Weather | Zone: FC Road       | Temp: 35.1°C | Humidity: 91%
 -> Sent Weather | Zone: Kothrud       | Temp: 33.9°C | Humidity: 93%
 -> Sent Weather | Zone: Hadapsar      | Temp: 35.8°C | Humidity: 87%
 -> Sent Weather | Zone: Shivajinagar  | Temp: 34.7°C | Humidity: 90%

--- Emitting Weather Window: 15:51:15 ---
 -> Sent Weather | Zone: Hinjewadi     | Temp: 34.4°C | Humidity: 91%
 -> Sent Weather | Zone: FC Road       | Temp: 34.6°C | Humidity: 90%
⚠️ API Fetch error: HTTPSConnectionPool(host='api.open-meteo.com', port=443): Read timed out. (read timeout=10)
 -> Sent Weather | Zone: Kothrud       | Temp: 32.0°C | Humidity: 60%
 -> Sent Weather | Zone: Hadapsar      | Temp: 35.7°C | Humidity: 87%
 -> Sent Weather | Zone: Shivajinagar  | Temp: 34.6°C | Humidity: 90%

--- Emitting Weather Window: 15:51:44 ---
 -> Sent Weather | Zone: Hinjewadi     | Temp: 34.8°C | Humidity: 92%
 -> Sent Weather | Zone: FC Road       | Temp: 35.0°C | Humidity: 91%
 -> Sent Weather | Zone: Kothrud       | Temp: 33.9°C | Humidity: 93%
 -> Sent Weather | Zone: Hadapsar      | Temp: 35.5°C | Humidity: 87%
 -> Sent Weather | Zone: Shivajinagar  | Temp: 34.5°C | Humidity: 90%

--- Emitting Weather Window: 15:52:03 ---
 -> Sent Weather | Zone: Hinjewadi     | Temp: 34.8°C | Humidity: 92%
 -> Sent Weather | Zone: FC Road       | Temp: 35.0°C | Humidity: 91%
 -> Sent Weather | Zone: Kothrud       | Temp: 34.2°C | Humidity: 94%
 -> Sent Weather | Zone: Hadapsar      | Temp: 35.6°C | Humidity: 87%
 -> Sent Weather | Zone: Shivajinagar  | Temp: 34.8°C | Humidity: 91%

--- Emitting Weather Window: 15:52:23 ---
 -> Sent Weather | Zone: Hinjewadi     | Temp: 34.7°C | Humidity: 92%
 -> Sent Weather | Zone: FC Road       | Temp: 34.6°C | Humidity: 90%
 -> Sent Weather | Zone: Kothrud       | Temp: 34.2°C | Humidity: 94%
 -> Sent Weather | Zone: Hadapsar      | Temp: 36.1°C | Humidity: 88%
 -> Sent Weather | Zone: Shivajinagar  | Temp: 34.5°C | Humidity: 90%

--- Emitting Weather Window: 15:52:43 ---
 -> Sent Weather | Zone: Hinjewadi     | Temp: 34.5°C | Humidity: 92%
 -> Sent Weather | Zone: FC Road       | Temp: 35.1°C | Humidity: 91%
 -> Sent Weather | Zone: Kothrud       | Temp: 34.2°C | Humidity: 94%
 -> Sent Weather | Zone: Hadapsar      | Temp: 35.5°C | Humidity: 87%
 -> Sent Weather | Zone: Shivajinagar  | Temp: 34.6°C | Humidity: 90%

--- Emitting Weather Window: 15:53:03 ---
 -> Sent Weather | Zone: Hinjewadi     | Temp: 34.7°C | Humidity: 92%
 -> Sent Weather | Zone: FC Road       | Temp: 34.6°C | Humidity: 90%
 -> Sent Weather | Zone: Kothrud       | Temp: 34.4°C | Humidity: 94%
 -> Sent Weather | Zone: Hadapsar      | Temp: 35.7°C | Humidity: 87%
 -> Sent Weather | Zone: Shivajinagar  | Temp: 34.9°C | Humidity: 91%

--- Emitting Weather Window: 15:53:22 ---
 -> Sent Weather | Zone: Hinjewadi     | Temp: 34.6°C | Humidity: 92%
 -> Sent Weather | Zone: FC Road       | Temp: 34.6°C | Humidity: 90%
 -> Sent Weather | Zone: Kothrud       | Temp: 34.1°C | Humidity: 93%
 -> Sent Weather | Zone: Hadapsar      | Temp: 35.8°C | Humidity: 87%
 -> Sent Weather | Zone: Shivajinagar  | Temp: 35.0°C | Humidity: 91%

--- Emitting Weather Window: 15:53:42 ---
 -> Sent Weather | Zone: Hinjewadi     | Temp: 34.7°C | Humidity: 92%
 -> Sent Weather | Zone: FC Road       | Temp: 34.7°C | Humidity: 90%
 -> Sent Weather | Zone: Kothrud       | Temp: 34.1°C | Humidity: 93%
 -> Sent Weather | Zone: Hadapsar      | Temp: 36.0°C | Humidity: 88%
 -> Sent Weather | Zone: Shivajinagar  | Temp: 34.9°C | Humidity: 91%

--- Emitting Weather Window: 15:54:01 ---
 -> Sent Weather | Zone: Hinjewadi     | Temp: 34.4°C | Humidity: 91%
 -> Sent Weather | Zone: FC Road       | Temp: 34.8°C | Humidity: 91%
 -> Sent Weather | Zone: Kothrud       | Temp: 34.0°C | Humidity: 93%
 -> Sent Weather | Zone: Hadapsar      | Temp: 35.5°C | Humidity: 87%
 -> Sent Weather | Zone: Shivajinagar  | Temp: 35.0°C | Humidity: 91%

--- Emitting Weather Window: 15:54:21 ---
 -> Sent Weather | Zone: Hinjewadi     | Temp: 34.4°C | Humidity: 91%
 -> Sent Weather | Zone: FC Road       | Temp: 35.1°C | Humidity: 91%
 -> Sent Weather | Zone: Kothrud       | Temp: 34.5°C | Humidity: 94%
 -> Sent Weather | Zone: Hadapsar      | Temp: 35.8°C | Humidity: 87%
 -> Sent Weather | Zone: Shivajinagar  | Temp: 34.7°C | Humidity: 90%

--- Emitting Weather Window: 15:54:40 ---
 -> Sent Weather | Zone: Hinjewadi     | Temp: 34.5°C | Humidity: 91%
 -> Sent Weather | Zone: FC Road       | Temp: 34.9°C | Humidity: 91%
 -> Sent Weather | Zone: Kothrud       | Temp: 34.0°C | Humidity: 93%
 -> Sent Weather | Zone: Hadapsar      | Temp: 35.7°C | Humidity: 87%
 -> Sent Weather | Zone: Shivajinagar  | Temp: 34.6°C | Humidity: 90%

--- Emitting Weather Window: 15:54:59 ---
 -> Sent Weather | Zone: Hinjewadi     | Temp: 34.8°C | Humidity: 92%
 -> Sent Weather | Zone: FC Road       | Temp: 34.7°C | Humidity: 90%
 -> Sent Weather | Zone: Kothrud       | Temp: 33.9°C | Humidity: 93%
 -> Sent Weather | Zone: Hadapsar      | Temp: 35.9°C | Humidity: 88%
 -> Sent Weather | Zone: Shivajinagar  | Temp: 34.7°C | Humidity: 90%

--- Emitting Weather Window: 15:55:19 ---
 -> Sent Weather | Zone: Hinjewadi     | Temp: 34.8°C | Humidity: 92%
 -> Sent Weather | Zone: FC Road       | Temp: 34.6°C | Humidity: 90%
 -> Sent Weather | Zone: Kothrud       | Temp: 34.0°C | Humidity: 93%
 -> Sent Weather | Zone: Hadapsar      | Temp: 36.0°C | Humidity: 88%
 -> Sent Weather | Zone: Shivajinagar  | Temp: 34.6°C | Humidity: 90%

--- Emitting Weather Window: 15:55:38 ---
 -> Sent Weather | Zone: Hinjewadi     | Temp: 34.2°C | Humidity: 91%
 -> Sent Weather | Zone: FC Road       | Temp: 34.8°C | Humidity: 91%
 -> Sent Weather | Zone: Kothrud       | Temp: 34.1°C | Humidity: 93%
 -> Sent Weather | Zone: Hadapsar      | Temp: 35.9°C | Humidity: 88%
 -> Sent Weather | Zone: Shivajinagar  | Temp: 35.0°C | Humidity: 91%

--- Emitting Weather Window: 15:55:57 ---
 -> Sent Weather | Zone: Hinjewadi     | Temp: 34.7°C | Humidity: 92%
 -> Sent Weather | Zone: FC Road       | Temp: 34.8°C | Humidity: 90%
 -> Sent Weather | Zone: Kothrud       | Temp: 34.0°C | Humidity: 93%
 -> Sent Weather | Zone: Hadapsar      | Temp: 35.5°C | Humidity: 87%
 -> Sent Weather | Zone: Shivajinagar  | Temp: 34.6°C | Humidity: 90%

--- Emitting Weather Window: 15:56:17 ---
 -> Sent Weather | Zone: Hinjewadi     | Temp: 34.8°C | Humidity: 92%
 -> Sent Weather | Zone: FC Road       | Temp: 34.5°C | Humidity: 90%
 -> Sent Weather | Zone: Kothrud       | Temp: 34.5°C | Humidity: 94%
 -> Sent Weather | Zone: Hadapsar      | Temp: 35.5°C | Humidity: 87%
 -> Sent Weather | Zone: Shivajinagar  | Temp: 34.8°C | Humidity: 91%

--- Emitting Weather Window: 15:56:36 ---
 -> Sent Weather | Zone: Hinjewadi     | Temp: 34.6°C | Humidity: 92%
 -> Sent Weather | Zone: FC Road       | Temp: 34.9°C | Humidity: 91%
 -> Sent Weather | Zone: Kothrud       | Temp: 33.9°C | Humidity: 93%
 -> Sent Weather | Zone: Hadapsar      | Temp: 35.9°C | Humidity: 88%
 -> Sent Weather | Zone: Shivajinagar  | Temp: 35.1°C | Humidity: 91%

--- Emitting Weather Window: 15:56:56 ---
 -> Sent Weather | Zone: Hinjewadi     | Temp: 34.4°C | Humidity: 91%
 -> Sent Weather | Zone: FC Road       | Temp: 34.7°C | Humidity: 90%
 -> Sent Weather | Zone: Kothrud       | Temp: 34.3°C | Humidity: 94%
 -> Sent Weather | Zone: Hadapsar      | Temp: 35.8°C | Humidity: 88%
 -> Sent Weather | Zone: Shivajinagar  | Temp: 34.6°C | Humidity: 90%

--- Emitting Weather Window: 15:57:15 ---
 -> Sent Weather | Zone: Hinjewadi     | Temp: 34.7°C | Humidity: 92%
 -> Sent Weather | Zone: FC Road       | Temp: 34.7°C | Humidity: 90%
 -> Sent Weather | Zone: Kothrud       | Temp: 34.2°C | Humidity: 94%
 -> Sent Weather | Zone: Hadapsar      | Temp: 35.5°C | Humidity: 87%
 -> Sent Weather | Zone: Shivajinagar  | Temp: 34.9°C | Humidity: 91%

--- Emitting Weather Window: 15:57:35 ---
 -> Sent Weather | Zone: Hinjewadi     | Temp: 34.5°C | Humidity: 91%
 -> Sent Weather | Zone: FC Road       | Temp: 35.0°C | Humidity: 91%
 -> Sent Weather | Zone: Kothrud       | Temp: 34.0°C | Humidity: 93%
 -> Sent Weather | Zone: Hadapsar      | Temp: 35.5°C | Humidity: 87%
 -> Sent Weather | Zone: Shivajinagar  | Temp: 34.7°C | Humidity: 90%

--- Emitting Weather Window: 15:57:54 ---
 -> Sent Weather | Zone: Hinjewadi     | Temp: 34.7°C | Humidity: 92%
⚠️ API Fetch error: HTTPSConnectionPool(host='api.open-meteo.com', port=443): Read timed out. (read timeout=10)
 -> Sent Weather | Zone: FC Road       | Temp: 31.8°C | Humidity: 59%
 -> Sent Weather | Zone: Kothrud       | Temp: 34.4°C | Humidity: 94%
 -> Sent Weather | Zone: Hadapsar      | Temp: 35.7°C | Humidity: 87%
 -> Sent Weather | Zone: Shivajinagar  | Temp: 35.1°C | Humidity: 91%

--- Emitting Weather Window: 15:58:24 ---
 -> Sent Weather | Zone: Hinjewadi     | Temp: 34.2°C | Humidity: 91%
 -> Sent Weather | Zone: FC Road       | Temp: 34.6°C | Humidity: 90%
 -> Sent Weather | Zone: Kothrud       | Temp: 34.4°C | Humidity: 94%
 -> Sent Weather | Zone: Hadapsar      | Temp: 35.6°C | Humidity: 87%
 -> Sent Weather | Zone: Shivajinagar  | Temp: 35.0°C | Humidity: 91%

--- Emitting Weather Window: 15:58:43 ---
 -> Sent Weather | Zone: Hinjewadi     | Temp: 34.5°C | Humidity: 92%
 -> Sent Weather | Zone: FC Road       | Temp: 35.0°C | Humidity: 91%
 -> Sent Weather | Zone: Kothrud       | Temp: 34.2°C | Humidity: 94%
 -> Sent Weather | Zone: Hadapsar      | Temp: 35.9°C | Humidity: 88%
⚠️ API Fetch error: HTTPSConnectionPool(host='api.open-meteo.com', port=443): Read timed out. (read timeout=10)
 -> Sent Weather | Zone: Shivajinagar  | Temp: 31.8°C | Humidity: 59%

--- Emitting Weather Window: 15:59:12 ---
 -> Sent Weather | Zone: Hinjewadi     | Temp: 34.3°C | Humidity: 91%
 -> Sent Weather | Zone: FC Road       | Temp: 34.5°C | Humidity: 90%
 -> Sent Weather | Zone: Kothrud       | Temp: 33.9°C | Humidity: 93%
 -> Sent Weather | Zone: Hadapsar      | Temp: 36.1°C | Humidity: 88%
 -> Sent Weather | Zone: Shivajinagar  | Temp: 34.7°C | Humidity: 90%

--- Emitting Weather Window: 15:59:32 ---
 -> Sent Weather | Zone: Hinjewadi     | Temp: 34.6°C | Humidity: 92%
 -> Sent Weather | Zone: FC Road       | Temp: 35.1°C | Humidity: 91%
 -> Sent Weather | Zone: Kothrud       | Temp: 34.0°C | Humidity: 93%
 -> Sent Weather | Zone: Hadapsar      | Temp: 36.1°C | Humidity: 88%
 -> Sent Weather | Zone: Shivajinagar  | Temp: 34.8°C | Humidity: 91%

--- Emitting Weather Window: 15:59:51 ---
 -> Sent Weather | Zone: Hinjewadi     | Temp: 34.2°C | Humidity: 91%
 -> Sent Weather | Zone: FC Road       | Temp: 34.7°C | Humidity: 90%
 -> Sent Weather | Zone: Kothrud       | Temp: 34.5°C | Humidity: 94%
 -> Sent Weather | Zone: Hadapsar      | Temp: 35.8°C | Humidity: 88%
 -> Sent Weather | Zone: Shivajinagar  | Temp: 34.5°C | Humidity: 90%

--- Emitting Weather Window: 16:00:11 ---
 -> Sent Weather | Zone: Hinjewadi     | Temp: 34.1°C | Humidity: 92%
 -> Sent Weather | Zone: FC Road       | Temp: 34.2°C | Humidity: 90%
 -> Sent Weather | Zone: Kothrud       | Temp: 33.8°C | Humidity: 94%
 -> Sent Weather | Zone: Hadapsar      | Temp: 34.9°C | Humidity: 87%
 -> Sent Weather | Zone: Shivajinagar  | Temp: 34.4°C | Humidity: 91%

--- Emitting Weather Window: 16:00:44 ---
 -> Sent Weather | Zone: Hinjewadi     | Temp: 33.8°C | Humidity: 91%
 -> Sent Weather | Zone: FC Road       | Temp: 34.0°C | Humidity: 90%
 -> Sent Weather | Zone: Kothrud       | Temp: 33.8°C | Humidity: 94%
 -> Sent Weather | Zone: Hadapsar      | Temp: 35.2°C | Humidity: 88%
 -> Sent Weather | Zone: Shivajinagar  | Temp: 34.4°C | Humidity: 91%

--- Emitting Weather Window: 16:01:04 ---
 -> Sent Weather | Zone: Hinjewadi     | Temp: 33.9°C | Humidity: 91%
 -> Sent Weather | Zone: FC Road       | Temp: 34.1°C | Humidity: 90%
 -> Sent Weather | Zone: Kothrud       | Temp: 33.8°C | Humidity: 94%
 -> Sent Weather | Zone: Hadapsar      | Temp: 35.2°C | Humidity: 88%
 -> Sent Weather | Zone: Shivajinagar  | Temp: 34.2°C | Humidity: 90%

--- Emitting Weather Window: 16:01:23 ---
 -> Sent Weather | Zone: Hinjewadi     | Temp: 33.8°C | Humidity: 91%
 -> Sent Weather | Zone: FC Road       | Temp: 34.3°C | Humidity: 91%
 -> Sent Weather | Zone: Kothrud       | Temp: 33.5°C | Humidity: 93%
 -> Sent Weather | Zone: Hadapsar      | Temp: 35.1°C | Humidity: 87%
 -> Sent Weather | Zone: Shivajinagar  | Temp: 34.6°C | Humidity: 91%

--- Emitting Weather Window: 16:01:42 ---
 -> Sent Weather | Zone: Hinjewadi     | Temp: 34.4°C | Humidity: 92%
 -> Sent Weather | Zone: FC Road       | Temp: 34.1°C | Humidity: 90%
 -> Sent Weather | Zone: Kothrud       | Temp: 33.6°C | Humidity: 93%
 -> Sent Weather | Zone: Hadapsar      | Temp: 35.5°C | Humidity: 88%
 -> Sent Weather | Zone: Shivajinagar  | Temp: 34.5°C | Humidity: 91%

--- Emitting Weather Window: 16:02:02 ---
 -> Sent Weather | Zone: Hinjewadi     | Temp: 34.0°C | Humidity: 91%
 -> Sent Weather | Zone: FC Road       | Temp: 34.1°C | Humidity: 90%
 -> Sent Weather | Zone: Kothrud       | Temp: 33.7°C | Humidity: 93%
 -> Sent Weather | Zone: Hadapsar      | Temp: 35.2°C | Humidity: 88%
 -> Sent Weather | Zone: Shivajinagar  | Temp: 34.2°C | Humidity: 90%

--- Emitting Weather Window: 16:02:22 ---
⚠️ API Fetch error: HTTPSConnectionPool(host='api.open-meteo.com', port=443): Max retries exceeded with url: /v1/forecast?latitude=18.5912&longitude=73.7389&current_weather=True&hourly=relativehumidity_2m%2Cprecipitation%2Csurface_pressure (Caused by ConnectTimeoutError(<urllib3.connection.HTTPSConnection object at 0x7374bf7bdfa0>, 'Connection to api.open-meteo.com timed out. (connect timeout=10)'))
 -> Sent Weather | Zone: Hinjewadi     | Temp: 31.9°C | Humidity: 59%
⚠️ API Fetch error: HTTPSConnectionPool(host='api.open-meteo.com', port=443): Max retries exceeded with url: /v1/forecast?latitude=18.5236&longitude=73.8478&current_weather=True&hourly=relativehumidity_2m%2Cprecipitation%2Csurface_pressure (Caused by ConnectTimeoutError(<urllib3.connection.HTTPSConnection object at 0x7374bf7bfe30>, 'Connection to api.open-meteo.com timed out. (connect timeout=10)'))
 -> Sent Weather | Zone: FC Road       | Temp: 32.1°C | Humidity: 60%
 -> Sent Weather | Zone: Kothrud       | Temp: 32.0°C | Humidity: 93%
 -> Sent Weather | Zone: Hadapsar      | Temp: 33.7°C | Humidity: 87%
 -> Sent Weather | Zone: Shivajinagar  | Temp: 33.0°C | Humidity: 90%

--- Emitting Weather Window: 17:13:30 ---
 -> Sent Weather | Zone: Hinjewadi     | Temp: 32.7°C | Humidity: 91%
 -> Sent Weather | Zone: FC Road       | Temp: 32.8°C | Humidity: 90%
 -> Sent Weather | Zone: Kothrud       | Temp: 32.0°C | Humidity: 93%
 -> Sent Weather | Zone: Hadapsar      | Temp: 33.5°C | Humidity: 87%
 -> Sent Weather | Zone: Shivajinagar  | Temp: 33.3°C | Humidity: 91%

--- Emitting Weather Window: 17:13:49 ---
 -> Sent Weather | Zone: Hinjewadi     | Temp: 33.0°C | Humidity: 92%
 -> Sent Weather | Zone: FC Road       | Temp: 32.8°C | Humidity: 90%
 -> Sent Weather | Zone: Kothrud       | Temp: 32.1°C | Humidity: 93%
 -> Sent Weather | Zone: Hadapsar      | Temp: 33.8°C | Humidity: 88%
 -> Sent Weather | Zone: Shivajinagar  | Temp: 33.2°C | Humidity: 91%

--- Emitting Weather Window: 17:14:08 ---
 -> Sent Weather | Zone: Hinjewadi     | Temp: 32.7°C | Humidity: 91%
⚠️ API Fetch error: HTTPSConnectionPool(host='api.open-meteo.com', port=443): Read timed out. (read timeout=10)
 -> Sent Weather | Zone: FC Road       | Temp: 32.3°C | Humidity: 60%
 -> Sent Weather | Zone: Kothrud       | Temp: 32.5°C | Humidity: 94%
 -> Sent Weather | Zone: Hadapsar      | Temp: 33.7°C | Humidity: 87%
 -> Sent Weather | Zone: Shivajinagar  | Temp: 33.1°C | Humidity: 91%

--- Emitting Weather Window: 17:14:38 ---
 -> Sent Weather | Zone: Hinjewadi     | Temp: 32.8°C | Humidity: 92%
 -> Sent Weather | Zone: FC Road       | Temp: 33.0°C | Humidity: 91%
 -> Sent Weather | Zone: Kothrud       | Temp: 32.0°C | Humidity: 93%
 -> Sent Weather | Zone: Hadapsar      | Temp: 33.6°C | Humidity: 87%
 -> Sent Weather | Zone: Shivajinagar  | Temp: 32.9°C | Humidity: 90%

--- Emitting Weather Window: 17:14:57 ---
 -> Sent Weather | Zone: Hinjewadi     | Temp: 33.0°C | Humidity: 92%
 -> Sent Weather | Zone: FC Road       | Temp: 33.1°C | Humidity: 91%
 -> Sent Weather | Zone: Kothrud       | Temp: 32.2°C | Humidity: 93%
 -> Sent Weather | Zone: Hadapsar      | Temp: 33.5°C | Humidity: 88%
 -> Sent Weather | Zone: Shivajinagar  | Temp: 32.5°C | Humidity: 90%

--- Emitting Weather Window: 17:15:17 ---
 -> Sent Weather | Zone: Hinjewadi     | Temp: 32.8°C | Humidity: 92%
 -> Sent Weather | Zone: FC Road       | Temp: 32.9°C | Humidity: 91%
 -> Sent Weather | Zone: Kothrud       | Temp: 32.0°C | Humidity: 93%
 -> Sent Weather | Zone: Hadapsar      | Temp: 33.3°C | Humidity: 87%
 -> Sent Weather | Zone: Shivajinagar  | Temp: 33.0°C | Humidity: 91%

--- Emitting Weather Window: 17:15:36 ---
 -> Sent Weather | Zone: Hinjewadi     | Temp: 32.3°C | Humidity: 91%
 -> Sent Weather | Zone: FC Road       | Temp: 32.6°C | Humidity: 90%
 -> Sent Weather | Zone: Kothrud       | Temp: 31.9°C | Humidity: 93%
 -> Sent Weather | Zone: Hadapsar      | Temp: 33.2°C | Humidity: 87%
 -> Sent Weather | Zone: Shivajinagar  | Temp: 33.1°C | Humidity: 91%

--- Emitting Weather Window: 17:15:54 ---
 -> Sent Weather | Zone: Hinjewadi     | Temp: 32.4°C | Humidity: 91%
 -> Sent Weather | Zone: FC Road       | Temp: 32.9°C | Humidity: 91%
 -> Sent Weather | Zone: Kothrud       | Temp: 31.9°C | Humidity: 93%
 -> Sent Weather | Zone: Hadapsar      | Temp: 33.3°C | Humidity: 87%
 -> Sent Weather | Zone: Shivajinagar  | Temp: 33.0°C | Humidity: 91%

--- Emitting Weather Window: 17:16:14 ---
 -> Sent Weather | Zone: Hinjewadi     | Temp: 32.4°C | Humidity: 91%
 -> Sent Weather | Zone: FC Road       | Temp: 32.9°C | Humidity: 91%
 -> Sent Weather | Zone: Kothrud       | Temp: 31.9°C | Humidity: 93%
 -> Sent Weather | Zone: Hadapsar      | Temp: 33.4°C | Humidity: 88%
 -> Sent Weather | Zone: Shivajinagar  | Temp: 32.9°C | Humidity: 91%

--- Emitting Weather Window: 17:16:36 ---
 -> Sent Weather | Zone: Hinjewadi     | Temp: 32.4°C | Humidity: 91%
 -> Sent Weather | Zone: FC Road       | Temp: 32.5°C | Humidity: 90%
 -> Sent Weather | Zone: Kothrud       | Temp: 32.1°C | Humidity: 94%
 -> Sent Weather | Zone: Hadapsar      | Temp: 33.4°C | Humidity: 87%
 -> Sent Weather | Zone: Shivajinagar  | Temp: 32.5°C | Humidity: 90%

--- Emitting Weather Window: 17:16:56 ---
 -> Sent Weather | Zone: Hinjewadi     | Temp: 32.8°C | Humidity: 92%
 -> Sent Weather | Zone: FC Road       | Temp: 32.6°C | Humidity: 90%
 -> Sent Weather | Zone: Kothrud       | Temp: 32.1°C | Humidity: 94%
 -> Sent Weather | Zone: Hadapsar      | Temp: 33.4°C | Humidity: 87%
 -> Sent Weather | Zone: Shivajinagar  | Temp: 32.5°C | Humidity: 90%

--- Emitting Weather Window: 17:17:15 ---
 -> Sent Weather | Zone: Hinjewadi     | Temp: 32.4°C | Humidity: 91%
 -> Sent Weather | Zone: FC Road       | Temp: 32.6°C | Humidity: 90%
 -> Sent Weather | Zone: Kothrud       | Temp: 31.8°C | Humidity: 93%
 -> Sent Weather | Zone: Hadapsar      | Temp: 33.6°C | Humidity: 88%
 -> Sent Weather | Zone: Shivajinagar  | Temp: 33.1°C | Humidity: 91%

--- Emitting Weather Window: 17:17:35 ---
 -> Sent Weather | Zone: Hinjewadi     | Temp: 32.3°C | Humidity: 91%
 -> Sent Weather | Zone: FC Road       | Temp: 33.0°C | Humidity: 91%
 -> Sent Weather | Zone: Kothrud       | Temp: 32.0°C | Humidity: 93%
 -> Sent Weather | Zone: Hadapsar      | Temp: 33.6°C | Humidity: 88%
 -> Sent Weather | Zone: Shivajinagar  | Temp: 32.7°C | Humidity: 90%

--- Emitting Weather Window: 17:18:07 ---
 -> Sent Weather | Zone: Hinjewadi     | Temp: 32.4°C | Humidity: 91%
 -> Sent Weather | Zone: FC Road       | Temp: 32.5°C | Humidity: 90%
 -> Sent Weather | Zone: Kothrud       | Temp: 32.3°C | Humidity: 94%
 -> Sent Weather | Zone: Hadapsar      | Temp: 33.7°C | Humidity: 88%
 -> Sent Weather | Zone: Shivajinagar  | Temp: 32.5°C | Humidity: 90%

--- Emitting Weather Window: 17:18:28 ---
 -> Sent Weather | Zone: Hinjewadi     | Temp: 32.3°C | Humidity: 91%
 -> Sent Weather | Zone: FC Road       | Temp: 32.9°C | Humidity: 91%
 -> Sent Weather | Zone: Kothrud       | Temp: 32.3°C | Humidity: 94%
 -> Sent Weather | Zone: Hadapsar      | Temp: 33.7°C | Humidity: 88%
 -> Sent Weather | Zone: Shivajinagar  | Temp: 32.8°C | Humidity: 91%

--- Emitting Weather Window: 17:18:47 ---
 -> Sent Weather | Zone: Hinjewadi     | Temp: 32.5°C | Humidity: 92%
 -> Sent Weather | Zone: FC Road       | Temp: 32.5°C | Humidity: 90%
 -> Sent Weather | Zone: Kothrud       | Temp: 32.4°C | Humidity: 94%
 -> Sent Weather | Zone: Hadapsar      | Temp: 33.5°C | Humidity: 88%
 -> Sent Weather | Zone: Shivajinagar  | Temp: 32.6°C | Humidity: 90%

--- Emitting Weather Window: 17:19:06 ---
 -> Sent Weather | Zone: Hinjewadi     | Temp: 32.4°C | Humidity: 91%
 -> Sent Weather | Zone: FC Road       | Temp: 32.7°C | Humidity: 90%
 -> Sent Weather | Zone: Kothrud       | Temp: 31.9°C | Humidity: 93%
 -> Sent Weather | Zone: Hadapsar      | Temp: 33.1°C | Humidity: 87%
 -> Sent Weather | Zone: Shivajinagar  | Temp: 32.5°C | Humidity: 90%

--- Emitting Weather Window: 17:19:26 ---
 -> Sent Weather | Zone: Hinjewadi     | Temp: 32.6°C | Humidity: 92%
 -> Sent Weather | Zone: FC Road       | Temp: 32.9°C | Humidity: 91%
 -> Sent Weather | Zone: Kothrud       | Temp: 31.9°C | Humidity: 93%
 -> Sent Weather | Zone: Hadapsar      | Temp: 33.1°C | Humidity: 87%
 -> Sent Weather | Zone: Shivajinagar  | Temp: 32.9°C | Humidity: 91%

--- Emitting Weather Window: 17:19:45 ---
 -> Sent Weather | Zone: Hinjewadi     | Temp: 32.4°C | Humidity: 91%
 -> Sent Weather | Zone: FC Road       | Temp: 33.1°C | Humidity: 91%
 -> Sent Weather | Zone: Kothrud       | Temp: 32.3°C | Humidity: 94%
 -> Sent Weather | Zone: Hadapsar      | Temp: 33.3°C | Humidity: 87%
 -> Sent Weather | Zone: Shivajinagar  | Temp: 33.1°C | Humidity: 91%

--- Emitting Weather Window: 17:20:04 ---
 -> Sent Weather | Zone: Hinjewadi     | Temp: 32.3°C | Humidity: 91%
 -> Sent Weather | Zone: FC Road       | Temp: 32.5°C | Humidity: 90%
 -> Sent Weather | Zone: Kothrud       | Temp: 32.4°C | Humidity: 94%
 -> Sent Weather | Zone: Hadapsar      | Temp: 33.6°C | Humidity: 88%
 -> Sent Weather | Zone: Shivajinagar  | Temp: 32.9°C | Humidity: 91%

--- Emitting Weather Window: 17:20:34 ---
 -> Sent Weather | Zone: Hinjewadi     | Temp: 32.6°C | Humidity: 92%
 -> Sent Weather | Zone: FC Road       | Temp: 32.8°C | Humidity: 90%
 -> Sent Weather | Zone: Kothrud       | Temp: 32.1°C | Humidity: 94%
 -> Sent Weather | Zone: Hadapsar      | Temp: 33.6°C | Humidity: 88%
 -> Sent Weather | Zone: Shivajinagar  | Temp: 32.9°C | Humidity: 91%

--- Emitting Weather Window: 17:20:53 ---
 -> Sent Weather | Zone: Hinjewadi     | Temp: 32.6°C | Humidity: 92%
 -> Sent Weather | Zone: FC Road       | Temp: 32.8°C | Humidity: 90%
 -> Sent Weather | Zone: Kothrud       | Temp: 32.4°C | Humidity: 94%
 -> Sent Weather | Zone: Hadapsar      | Temp: 33.5°C | Humidity: 88%
 -> Sent Weather | Zone: Shivajinagar  | Temp: 32.5°C | Humidity: 90%

--- Emitting Weather Window: 17:21:12 ---
 -> Sent Weather | Zone: Hinjewadi     | Temp: 32.7°C | Humidity: 92%
 -> Sent Weather | Zone: FC Road       | Temp: 32.5°C | Humidity: 90%
 -> Sent Weather | Zone: Kothrud       | Temp: 32.2°C | Humidity: 94%
 -> Sent Weather | Zone: Hadapsar      | Temp: 33.3°C | Humidity: 87%
 -> Sent Weather | Zone: Shivajinagar  | Temp: 32.8°C | Humidity: 91%

--- Emitting Weather Window: 17:21:31 ---
 -> Sent Weather | Zone: Hinjewadi     | Temp: 32.8°C | Humidity: 92%
 -> Sent Weather | Zone: FC Road       | Temp: 33.0°C | Humidity: 91%
 -> Sent Weather | Zone: Kothrud       | Temp: 32.3°C | Humidity: 94%
 -> Sent Weather | Zone: Hadapsar      | Temp: 33.5°C | Humidity: 88%
 -> Sent Weather | Zone: Shivajinagar  | Temp: 32.8°C | Humidity: 90%

--- Emitting Weather Window: 17:21:50 ---
 -> Sent Weather | Zone: Hinjewadi     | Temp: 32.3°C | Humidity: 91%
 -> Sent Weather | Zone: FC Road       | Temp: 32.5°C | Humidity: 90%
 -> Sent Weather | Zone: Kothrud       | Temp: 32.4°C | Humidity: 94%
 -> Sent Weather | Zone: Hadapsar      | Temp: 33.2°C | Humidity: 87%
 -> Sent Weather | Zone: Shivajinagar  | Temp: 33.0°C | Humidity: 91%

--- Emitting Weather Window: 17:22:09 ---
 -> Sent Weather | Zone: Hinjewadi     | Temp: 32.3°C | Humidity: 91%
 -> Sent Weather | Zone: FC Road       | Temp: 33.1°C | Humidity: 91%
 -> Sent Weather | Zone: Kothrud       | Temp: 32.3°C | Humidity: 94%
 -> Sent Weather | Zone: Hadapsar      | Temp: 33.2°C | Humidity: 87%
 -> Sent Weather | Zone: Shivajinagar  | Temp: 33.0°C | Humidity: 91%

--- Emitting Weather Window: 17:22:28 ---
 -> Sent Weather | Zone: Hinjewadi     | Temp: 32.3°C | Humidity: 91%
 -> Sent Weather | Zone: FC Road       | Temp: 33.0°C | Humidity: 91%
 -> Sent Weather | Zone: Kothrud       | Temp: 32.4°C | Humidity: 94%
 -> Sent Weather | Zone: Hadapsar      | Temp: 33.3°C | Humidity: 87%
 -> Sent Weather | Zone: Shivajinagar  | Temp: 32.9°C | Humidity: 91%

--- Emitting Weather Window: 17:22:48 ---
 -> Sent Weather | Zone: Hinjewadi     | Temp: 32.5°C | Humidity: 92%
 -> Sent Weather | Zone: FC Road       | Temp: 33.0°C | Humidity: 91%
 -> Sent Weather | Zone: Kothrud       | Temp: 32.2°C | Humidity: 94%
 -> Sent Weather | Zone: Hadapsar      | Temp: 33.6°C | Humidity: 88%
 -> Sent Weather | Zone: Shivajinagar  | Temp: 33.0°C | Humidity: 91%

--- Emitting Weather Window: 17:23:08 ---
 -> Sent Weather | Zone: Hinjewadi     | Temp: 32.7°C | Humidity: 92%
 -> Sent Weather | Zone: FC Road       | Temp: 33.0°C | Humidity: 91%
 -> Sent Weather | Zone: Kothrud       | Temp: 32.2°C | Humidity: 94%
 -> Sent Weather | Zone: Hadapsar      | Temp: 33.3°C | Humidity: 87%
 -> Sent Weather | Zone: Shivajinagar  | Temp: 32.9°C | Humidity: 91%

--- Emitting Weather Window: 17:23:27 ---
 -> Sent Weather | Zone: Hinjewadi     | Temp: 32.5°C | Humidity: 91%
 -> Sent Weather | Zone: FC Road       | Temp: 33.1°C | Humidity: 91%
 -> Sent Weather | Zone: Kothrud       | Temp: 31.8°C | Humidity: 93%
 -> Sent Weather | Zone: Hadapsar      | Temp: 33.4°C | Humidity: 88%
 -> Sent Weather | Zone: Shivajinagar  | Temp: 32.8°C | Humidity: 90%

--- Emitting Weather Window: 17:23:46 ---
 -> Sent Weather | Zone: Hinjewadi     | Temp: 32.7°C | Humidity: 92%
 -> Sent Weather | Zone: FC Road       | Temp: 32.8°C | Humidity: 91%
 -> Sent Weather | Zone: Kothrud       | Temp: 32.1°C | Humidity: 94%
 -> Sent Weather | Zone: Hadapsar      | Temp: 33.2°C | Humidity: 87%
 -> Sent Weather | Zone: Shivajinagar  | Temp: 33.0°C | Humidity: 91%

--- Emitting Weather Window: 17:24:06 ---
 -> Sent Weather | Zone: Hinjewadi     | Temp: 32.6°C | Humidity: 92%
 -> Sent Weather | Zone: FC Road       | Temp: 32.7°C | Humidity: 90%
 -> Sent Weather | Zone: Kothrud       | Temp: 32.0°C | Humidity: 93%
 -> Sent Weather | Zone: Hadapsar      | Temp: 33.5°C | Humidity: 88%
 -> Sent Weather | Zone: Shivajinagar  | Temp: 32.9°C | Humidity: 91%

--- Emitting Weather Window: 17:24:26 ---
 -> Sent Weather | Zone: Hinjewadi     | Temp: 32.5°C | Humidity: 92%
 -> Sent Weather | Zone: FC Road       | Temp: 32.6°C | Humidity: 90%
⚠️ API Fetch error: HTTPSConnectionPool(host='api.open-meteo.com', port=443): Read timed out. (read timeout=10)
 -> Sent Weather | Zone: Kothrud       | Temp: 32.0°C | Humidity: 59%
 -> Sent Weather | Zone: Hadapsar      | Temp: 33.2°C | Humidity: 87%
 -> Sent Weather | Zone: Shivajinagar  | Temp: 32.7°C | Humidity: 90%

--- Emitting Weather Window: 17:24:54 ---
 -> Sent Weather | Zone: Hinjewadi     | Temp: 32.7°C | Humidity: 92%
 -> Sent Weather | Zone: FC Road       | Temp: 32.8°C | Humidity: 91%
 -> Sent Weather | Zone: Kothrud       | Temp: 31.8°C | Humidity: 93%
 -> Sent Weather | Zone: Hadapsar      | Temp: 33.6°C | Humidity: 88%
 -> Sent Weather | Zone: Shivajinagar  | Temp: 32.6°C | Humidity: 90%

--- Emitting Weather Window: 17:25:13 ---
 -> Sent Weather | Zone: Hinjewadi     | Temp: 32.5°C | Humidity: 91%
 -> Sent Weather | Zone: FC Road       | Temp: 32.6°C | Humidity: 90%
 -> Sent Weather | Zone: Kothrud       | Temp: 31.9°C | Humidity: 93%
 -> Sent Weather | Zone: Hadapsar      | Temp: 33.1°C | Humidity: 87%
 -> Sent Weather | Zone: Shivajinagar  | Temp: 32.7°C | Humidity: 90%

--- Emitting Weather Window: 17:25:33 ---
 -> Sent Weather | Zone: Hinjewadi     | Temp: 32.2°C | Humidity: 91%
 -> Sent Weather | Zone: FC Road       | Temp: 32.9°C | Humidity: 91%
 -> Sent Weather | Zone: Kothrud       | Temp: 32.4°C | Humidity: 94%
 -> Sent Weather | Zone: Hadapsar      | Temp: 33.7°C | Humidity: 88%
 -> Sent Weather | Zone: Shivajinagar  | Temp: 33.0°C | Humidity: 91%

--- Emitting Weather Window: 17:25:52 ---
 -> Sent Weather | Zone: Hinjewadi     | Temp: 32.3°C | Humidity: 91%
⚠️ API Fetch error: HTTPSConnectionPool(host='api.open-meteo.com', port=443): Read timed out. (read timeout=10)
 -> Sent Weather | Zone: FC Road       | Temp: 32.1°C | Humidity: 60%
 -> Sent Weather | Zone: Kothrud       | Temp: 31.9°C | Humidity: 93%
 -> Sent Weather | Zone: Hadapsar      | Temp: 33.4°C | Humidity: 87%
 -> Sent Weather | Zone: Shivajinagar  | Temp: 32.9°C | Humidity: 91%

--- Emitting Weather Window: 17:26:21 ---
 -> Sent Weather | Zone: Hinjewadi     | Temp: 32.3°C | Humidity: 91%
 -> Sent Weather | Zone: FC Road       | Temp: 33.0°C | Humidity: 91%
 -> Sent Weather | Zone: Kothrud       | Temp: 31.9°C | Humidity: 93%
 -> Sent Weather | Zone: Hadapsar      | Temp: 33.4°C | Humidity: 87%
 -> Sent Weather | Zone: Shivajinagar  | Temp: 33.0°C | Humidity: 91%

--- Emitting Weather Window: 17:26:39 ---
 -> Sent Weather | Zone: Hinjewadi     | Temp: 32.3°C | Humidity: 91%
 -> Sent Weather | Zone: FC Road       | Temp: 32.8°C | Humidity: 90%
 -> Sent Weather | Zone: Kothrud       | Temp: 32.4°C | Humidity: 94%
 -> Sent Weather | Zone: Hadapsar      | Temp: 33.6°C | Humidity: 88%
 -> Sent Weather | Zone: Shivajinagar  | Temp: 33.1°C | Humidity: 91%

--- Emitting Weather Window: 17:26:58 ---
 -> Sent Weather | Zone: Hinjewadi     | Temp: 32.4°C | Humidity: 91%
 -> Sent Weather | Zone: FC Road       | Temp: 33.1°C | Humidity: 91%
 -> Sent Weather | Zone: Kothrud       | Temp: 31.9°C | Humidity: 93%
 -> Sent Weather | Zone: Hadapsar      | Temp: 33.2°C | Humidity: 87%
 -> Sent Weather | Zone: Shivajinagar  | Temp: 32.9°C | Humidity: 91%

--- Emitting Weather Window: 17:27:18 ---
 -> Sent Weather | Zone: Hinjewadi     | Temp: 32.3°C | Humidity: 91%
 -> Sent Weather | Zone: FC Road       | Temp: 33.0°C | Humidity: 91%
 -> Sent Weather | Zone: Kothrud       | Temp: 31.9°C | Humidity: 93%
 -> Sent Weather | Zone: Hadapsar      | Temp: 33.4°C | Humidity: 87%
 -> Sent Weather | Zone: Shivajinagar  | Temp: 32.8°C | Humidity: 91%

--- Emitting Weather Window: 17:27:37 ---
 -> Sent Weather | Zone: Hinjewadi     | Temp: 32.8°C | Humidity: 92%
 -> Sent Weather | Zone: FC Road       | Temp: 33.1°C | Humidity: 91%
 -> Sent Weather | Zone: Kothrud       | Temp: 32.3°C | Humidity: 94%
 -> Sent Weather | Zone: Hadapsar      | Temp: 33.3°C | Humidity: 87%
 -> Sent Weather | Zone: Shivajinagar  | Temp: 32.6°C | Humidity: 90%

--- Emitting Weather Window: 17:27:55 ---
 -> Sent Weather | Zone: Hinjewadi     | Temp: 32.5°C | Humidity: 91%
 -> Sent Weather | Zone: FC Road       | Temp: 33.1°C | Humidity: 91%
 -> Sent Weather | Zone: Kothrud       | Temp: 31.9°C | Humidity: 93%
 -> Sent Weather | Zone: Hadapsar      | Temp: 33.4°C | Humidity: 88%
 -> Sent Weather | Zone: Shivajinagar  | Temp: 32.7°C | Humidity: 90%

--- Emitting Weather Window: 17:28:15 ---
 -> Sent Weather | Zone: Hinjewadi     | Temp: 32.7°C | Humidity: 92%
 -> Sent Weather | Zone: FC Road       | Temp: 33.1°C | Humidity: 91%
 -> Sent Weather | Zone: Kothrud       | Temp: 32.2°C | Humidity: 94%
 -> Sent Weather | Zone: Hadapsar      | Temp: 33.5°C | Humidity: 88%
 -> Sent Weather | Zone: Shivajinagar  | Temp: 33.0°C | Humidity: 91%

--- Emitting Weather Window: 17:28:34 ---
⚠️ API Fetch error: HTTPSConnectionPool(host='api.open-meteo.com', port=443): Read timed out. (read timeout=10)
 -> Sent Weather | Zone: Hinjewadi     | Temp: 31.8°C | Humidity: 59%
 -> Sent Weather | Zone: FC Road       | Temp: 33.1°C | Humidity: 91%
 -> Sent Weather | Zone: Kothrud       | Temp: 31.9°C | Humidity: 93%
 -> Sent Weather | Zone: Hadapsar      | Temp: 33.3°C | Humidity: 87%
 -> Sent Weather | Zone: Shivajinagar  | Temp: 32.5°C | Humidity: 90%

--- Emitting Weather Window: 17:29:02 ---
 -> Sent Weather | Zone: Hinjewadi     | Temp: 32.6°C | Humidity: 92%
 -> Sent Weather | Zone: FC Road       | Temp: 32.5°C | Humidity: 90%
 -> Sent Weather | Zone: Kothrud       | Temp: 32.0°C | Humidity: 93%
 -> Sent Weather | Zone: Hadapsar      | Temp: 33.7°C | Humidity: 88%
 -> Sent Weather | Zone: Shivajinagar  | Temp: 32.8°C | Humidity: 90%

--- Emitting Weather Window: 17:29:22 ---
 -> Sent Weather | Zone: Hinjewadi     | Temp: 32.6°C | Humidity: 92%
 -> Sent Weather | Zone: FC Road       | Temp: 32.7°C | Humidity: 90%
 -> Sent Weather | Zone: Kothrud       | Temp: 32.3°C | Humidity: 94%
 -> Sent Weather | Zone: Hadapsar      | Temp: 33.1°C | Humidity: 87%
 -> Sent Weather | Zone: Shivajinagar  | Temp: 33.0°C | Humidity: 91%

--- Emitting Weather Window: 17:29:41 ---
 -> Sent Weather | Zone: Hinjewadi     | Temp: 32.6°C | Humidity: 92%
 -> Sent Weather | Zone: FC Road       | Temp: 33.0°C | Humidity: 91%
 -> Sent Weather | Zone: Kothrud       | Temp: 32.2°C | Humidity: 94%
 -> Sent Weather | Zone: Hadapsar      | Temp: 33.7°C | Humidity: 88%
 -> Sent Weather | Zone: Shivajinagar  | Temp: 32.7°C | Humidity: 90%

--- Emitting Weather Window: 17:30:00 ---
⚠️ API Fetch error: HTTPSConnectionPool(host='api.open-meteo.com', port=443): Read timed out. (read timeout=10)
 -> Sent Weather | Zone: Hinjewadi     | Temp: 32.1°C | Humidity: 60%
 -> Sent Weather | Zone: FC Road       | Temp: 32.5°C | Humidity: 90%
 -> Sent Weather | Zone: Kothrud       | Temp: 31.9°C | Humidity: 94%
 -> Sent Weather | Zone: Hadapsar      | Temp: 32.9°C | Humidity: 87%
 -> Sent Weather | Zone: Shivajinagar  | Temp: 32.5°C | Humidity: 91%

--- Emitting Weather Window: 17:30:48 ---
 -> Sent Weather | Zone: Hinjewadi     | Temp: 32.0°C | Humidity: 91%
 -> Sent Weather | Zone: FC Road       | Temp: 32.5°C | Humidity: 90%
 -> Sent Weather | Zone: Kothrud       | Temp: 32.1°C | Humidity: 94%
 -> Sent Weather | Zone: Hadapsar      | Temp: 33.4°C | Humidity: 88%
 -> Sent Weather | Zone: Shivajinagar  | Temp: 32.5°C | Humidity: 91%

--- Emitting Weather Window: 17:31:14 ---
 -> Sent Weather | Zone: Hinjewadi     | Temp: 32.4°C | Humidity: 92%
 -> Sent Weather | Zone: FC Road       | Temp: 32.6°C | Humidity: 91%
 -> Sent Weather | Zone: Kothrud       | Temp: 31.7°C | Humidity: 93%
 -> Sent Weather | Zone: Hadapsar      | Temp: 33.4°C | Humidity: 88%
 -> Sent Weather | Zone: Shivajinagar  | Temp: 32.6°C | Humidity: 91%

--- Emitting Weather Window: 17:31:37 ---
 -> Sent Weather | Zone: Hinjewadi     | Temp: 32.1°C | Humidity: 91%
 -> Sent Weather | Zone: FC Road       | Temp: 32.7°C | Humidity: 91%
 -> Sent Weather | Zone: Kothrud       | Temp: 31.5°C | Humidity: 93%
 -> Sent Weather | Zone: Hadapsar      | Temp: 33.1°C | Humidity: 87%
 -> Sent Weather | Zone: Shivajinagar  | Temp: 32.2°C | Humidity: 90%

--- Emitting Weather Window: 17:31:59 ---
 -> Sent Weather | Zone: Hinjewadi     | Temp: 32.1°C | Humidity: 91%
 -> Sent Weather | Zone: FC Road       | Temp: 32.4°C | Humidity: 90%
 -> Sent Weather | Zone: Kothrud       | Temp: 32.1°C | Humidity: 94%
 -> Sent Weather | Zone: Hadapsar      | Temp: 33.2°C | Humidity: 88%
 -> Sent Weather | Zone: Shivajinagar  | Temp: 32.5°C | Humidity: 91%

--- Emitting Weather Window: 17:32:22 ---
 -> Sent Weather | Zone: Hinjewadi     | Temp: 31.9°C | Humidity: 91%
 -> Sent Weather | Zone: FC Road       | Temp: 32.7°C | Humidity: 91%
 -> Sent Weather | Zone: Kothrud       | Temp: 31.7°C | Humidity: 93%
 -> Sent Weather | Zone: Hadapsar      | Temp: 33.5°C | Humidity: 88%
 -> Sent Weather | Zone: Shivajinagar  | Temp: 32.4°C | Humidity: 90%

--- Emitting Weather Window: 17:32:43 ---
 -> Sent Weather | Zone: Hinjewadi     | Temp: 32.3°C | Humidity: 92%
 -> Sent Weather | Zone: FC Road       | Temp: 32.4°C | Humidity: 90%
 -> Sent Weather | Zone: Kothrud       | Temp: 32.0°C | Humidity: 94%
 -> Sent Weather | Zone: Hadapsar      | Temp: 33.1°C | Humidity: 87%
 -> Sent Weather | Zone: Shivajinagar  | Temp: 32.2°C | Humidity: 90%

--- Emitting Weather Window: 17:33:04 ---
 -> Sent Weather | Zone: Hinjewadi     | Temp: 32.1°C | Humidity: 91%
 -> Sent Weather | Zone: FC Road       | Temp: 32.7°C | Humidity: 91%
 -> Sent Weather | Zone: Kothrud       | Temp: 31.8°C | Humidity: 93%
 -> Sent Weather | Zone: Hadapsar      | Temp: 33.1°C | Humidity: 87%
 -> Sent Weather | Zone: Shivajinagar  | Temp: 32.5°C | Humidity: 91%

--- Emitting Weather Window: 17:33:24 ---
 -> Sent Weather | Zone: Hinjewadi     | Temp: 31.9°C | Humidity: 91%
 -> Sent Weather | Zone: FC Road       | Temp: 32.7°C | Humidity: 91%
 -> Sent Weather | Zone: Kothrud       | Temp: 31.6°C | Humidity: 93%
 -> Sent Weather | Zone: Hadapsar      | Temp: 33.5°C | Humidity: 88%
 -> Sent Weather | Zone: Shivajinagar  | Temp: 32.5°C | Humidity: 91%

--- Emitting Weather Window: 17:33:43 ---
 -> Sent Weather | Zone: Hinjewadi     | Temp: 32.2°C | Humidity: 92%
 -> Sent Weather | Zone: FC Road       | Temp: 32.3°C | Humidity: 90%
 -> Sent Weather | Zone: Kothrud       | Temp: 31.7°C | Humidity: 93%
 -> Sent Weather | Zone: Hadapsar      | Temp: 33.3°C | Humidity: 88%
 -> Sent Weather | Zone: Shivajinagar  | Temp: 32.5°C | Humidity: 91%

--- Emitting Weather Window: 17:34:02 ---
 -> Sent Weather | Zone: Hinjewadi     | Temp: 31.9°C | Humidity: 91%
 -> Sent Weather | Zone: FC Road       | Temp: 32.3°C | Humidity: 90%
 -> Sent Weather | Zone: Kothrud       | Temp: 31.7°C | Humidity: 93%
 -> Sent Weather | Zone: Hadapsar      | Temp: 33.1°C | Humidity: 87%
 -> Sent Weather | Zone: Shivajinagar  | Temp: 32.7°C | Humidity: 91%

--- Emitting Weather Window: 17:34:21 ---
 -> Sent Weather | Zone: Hinjewadi     | Temp: 32.5°C | Humidity: 92%
 -> Sent Weather | Zone: FC Road       | Temp: 32.3°C | Humidity: 90%
 -> Sent Weather | Zone: Kothrud       | Temp: 31.8°C | Humidity: 94%
 -> Sent Weather | Zone: Hadapsar      | Temp: 33.2°C | Humidity: 87%
 -> Sent Weather | Zone: Shivajinagar  | Temp: 32.8°C | Humidity: 91%

--- Emitting Weather Window: 17:34:41 ---
 -> Sent Weather | Zone: Hinjewadi     | Temp: 32.1°C | Humidity: 91%
 -> Sent Weather | Zone: FC Road       | Temp: 32.3°C | Humidity: 90%
 -> Sent Weather | Zone: Kothrud       | Temp: 32.0°C | Humidity: 94%
 -> Sent Weather | Zone: Hadapsar      | Temp: 33.4°C | Humidity: 88%
 -> Sent Weather | Zone: Shivajinagar  | Temp: 32.2°C | Humidity: 90%

--- Emitting Weather Window: 17:35:00 ---
 -> Sent Weather | Zone: Hinjewadi     | Temp: 32.2°C | Humidity: 91%
 -> Sent Weather | Zone: FC Road       | Temp: 32.2°C | Humidity: 90%
 -> Sent Weather | Zone: Kothrud       | Temp: 31.9°C | Humidity: 94%
 -> Sent Weather | Zone: Hadapsar      | Temp: 33.5°C | Humidity: 88%
 -> Sent Weather | Zone: Shivajinagar  | Temp: 32.6°C | Humidity: 91%

--- Emitting Weather Window: 17:35:19 ---
 -> Sent Weather | Zone: Hinjewadi     | Temp: 32.0°C | Humidity: 91%
 -> Sent Weather | Zone: FC Road       | Temp: 32.3°C | Humidity: 90%
 -> Sent Weather | Zone: Kothrud       | Temp: 31.5°C | Humidity: 93%
 -> Sent Weather | Zone: Hadapsar      | Temp: 33.2°C | Humidity: 88%
 -> Sent Weather | Zone: Shivajinagar  | Temp: 32.5°C | Humidity: 91%

--- Emitting Weather Window: 17:35:39 ---
 -> Sent Weather | Zone: Hinjewadi     | Temp: 32.0°C | Humidity: 91%
 -> Sent Weather | Zone: FC Road       | Temp: 32.5°C | Humidity: 90%
 -> Sent Weather | Zone: Kothrud       | Temp: 32.1°C | Humidity: 94%
 -> Sent Weather | Zone: Hadapsar      | Temp: 32.9°C | Humidity: 87%
 -> Sent Weather | Zone: Shivajinagar  | Temp: 32.2°C | Humidity: 90%

--- Emitting Weather Window: 17:35:59 ---
 -> Sent Weather | Zone: Hinjewadi     | Temp: 32.2°C | Humidity: 92%
 -> Sent Weather | Zone: FC Road       | Temp: 32.2°C | Humidity: 90%
 -> Sent Weather | Zone: Kothrud       | Temp: 32.0°C | Humidity: 94%
 -> Sent Weather | Zone: Hadapsar      | Temp: 33.1°C | Humidity: 87%
 -> Sent Weather | Zone: Shivajinagar  | Temp: 32.4°C | Humidity: 90%

--- Emitting Weather Window: 17:36:18 ---
 -> Sent Weather | Zone: Hinjewadi     | Temp: 32.1°C | Humidity: 91%
 -> Sent Weather | Zone: FC Road       | Temp: 32.4°C | Humidity: 90%
 -> Sent Weather | Zone: Kothrud       | Temp: 31.7°C | Humidity: 93%
 -> Sent Weather | Zone: Hadapsar      | Temp: 33.3°C | Humidity: 88%
 -> Sent Weather | Zone: Shivajinagar  | Temp: 32.2°C | Humidity: 90%

--- Emitting Weather Window: 17:36:37 ---
 -> Sent Weather | Zone: Hinjewadi     | Temp: 32.2°C | Humidity: 92%
 -> Sent Weather | Zone: FC Road       | Temp: 32.2°C | Humidity: 90%
 -> Sent Weather | Zone: Kothrud       | Temp: 32.0°C | Humidity: 94%
 -> Sent Weather | Zone: Hadapsar      | Temp: 33.0°C | Humidity: 87%
 -> Sent Weather | Zone: Shivajinagar  | Temp: 32.4°C | Humidity: 90%

--- Emitting Weather Window: 17:36:56 ---
 -> Sent Weather | Zone: Hinjewadi     | Temp: 32.1°C | Humidity: 91%
 -> Sent Weather | Zone: FC Road       | Temp: 32.6°C | Humidity: 91%
 -> Sent Weather | Zone: Kothrud       | Temp: 32.1°C | Humidity: 94%
 -> Sent Weather | Zone: Hadapsar      | Temp: 33.2°C | Humidity: 87%
 -> Sent Weather | Zone: Shivajinagar  | Temp: 32.5°C | Humidity: 90%

--- Emitting Weather Window: 17:37:16 ---
 -> Sent Weather | Zone: Hinjewadi     | Temp: 32.1°C | Humidity: 91%
 -> Sent Weather | Zone: FC Road       | Temp: 32.5°C | Humidity: 91%
 -> Sent Weather | Zone: Kothrud       | Temp: 31.7°C | Humidity: 93%
 -> Sent Weather | Zone: Hadapsar      | Temp: 33.4°C | Humidity: 88%
 -> Sent Weather | Zone: Shivajinagar  | Temp: 32.3°C | Humidity: 90%

--- Emitting Weather Window: 17:37:35 ---
 -> Sent Weather | Zone: Hinjewadi     | Temp: 32.1°C | Humidity: 91%
 -> Sent Weather | Zone: FC Road       | Temp: 32.2°C | Humidity: 90%
 -> Sent Weather | Zone: Kothrud       | Temp: 31.9°C | Humidity: 94%
 -> Sent Weather | Zone: Hadapsar      | Temp: 33.3°C | Humidity: 88%
 -> Sent Weather | Zone: Shivajinagar  | Temp: 32.2°C | Humidity: 90%

--- Emitting Weather Window: 17:37:54 ---
 -> Sent Weather | Zone: Hinjewadi     | Temp: 32.5°C | Humidity: 92%
 -> Sent Weather | Zone: FC Road       | Temp: 32.6°C | Humidity: 91%
 -> Sent Weather | Zone: Kothrud       | Temp: 31.7°C | Humidity: 93%
⚠️ API Fetch error: HTTPSConnectionPool(host='api.open-meteo.com', port=443): Read timed out. (read timeout=10)
 -> Sent Weather | Zone: Hadapsar      | Temp: 32.3°C | Humidity: 60%
 -> Sent Weather | Zone: Shivajinagar  | Temp: 32.7°C | Humidity: 91%

--- Emitting Weather Window: 17:38:23 ---
 -> Sent Weather | Zone: Hinjewadi     | Temp: 32.1°C | Humidity: 91%
 -> Sent Weather | Zone: FC Road       | Temp: 32.7°C | Humidity: 91%
 -> Sent Weather | Zone: Kothrud       | Temp: 31.8°C | Humidity: 93%
 -> Sent Weather | Zone: Hadapsar      | Temp: 33.1°C | Humidity: 87%
 -> Sent Weather | Zone: Shivajinagar  | Temp: 32.7°C | Humidity: 91%

--- Emitting Weather Window: 17:38:43 ---
 -> Sent Weather | Zone: Hinjewadi     | Temp: 32.2°C | Humidity: 92%
 -> Sent Weather | Zone: FC Road       | Temp: 32.4°C | Humidity: 90%
 -> Sent Weather | Zone: Kothrud       | Temp: 31.6°C | Humidity: 93%
 -> Sent Weather | Zone: Hadapsar      | Temp: 33.0°C | Humidity: 87%
 -> Sent Weather | Zone: Shivajinagar  | Temp: 32.4°C | Humidity: 90%

--- Emitting Weather Window: 17:39:02 ---
 -> Sent Weather | Zone: Hinjewadi     | Temp: 32.3°C | Humidity: 92%
 -> Sent Weather | Zone: FC Road       | Temp: 32.5°C | Humidity: 91%
 -> Sent Weather | Zone: Kothrud       | Temp: 31.7°C | Humidity: 93%
 -> Sent Weather | Zone: Hadapsar      | Temp: 33.2°C | Humidity: 88%
 -> Sent Weather | Zone: Shivajinagar  | Temp: 32.2°C | Humidity: 90%

--- Emitting Weather Window: 17:39:21 ---
 -> Sent Weather | Zone: Hinjewadi     | Temp: 32.3°C | Humidity: 92%
 -> Sent Weather | Zone: FC Road       | Temp: 32.4°C | Humidity: 90%
 -> Sent Weather | Zone: Kothrud       | Temp: 31.9°C | Humidity: 94%
 -> Sent Weather | Zone: Hadapsar      | Temp: 33.2°C | Humidity: 88%
 -> Sent Weather | Zone: Shivajinagar  | Temp: 32.4°C | Humidity: 90%

--- Emitting Weather Window: 17:39:40 ---
 -> Sent Weather | Zone: Hinjewadi     | Temp: 32.5°C | Humidity: 92%
 -> Sent Weather | Zone: FC Road       | Temp: 32.7°C | Humidity: 91%
 -> Sent Weather | Zone: Kothrud       | Temp: 31.8°C | Humidity: 94%
 -> Sent Weather | Zone: Hadapsar      | Temp: 33.2°C | Humidity: 87%
 -> Sent Weather | Zone: Shivajinagar  | Temp: 32.5°C | Humidity: 90%

--- Emitting Weather Window: 17:39:59 ---
 -> Sent Weather | Zone: Hinjewadi     | Temp: 32.1°C | Humidity: 91%
 -> Sent Weather | Zone: FC Road       | Temp: 32.5°C | Humidity: 90%
 -> Sent Weather | Zone: Kothrud       | Temp: 32.1°C | Humidity: 94%
 -> Sent Weather | Zone: Hadapsar      | Temp: 33.1°C | Humidity: 87%
 -> Sent Weather | Zone: Shivajinagar  | Temp: 32.8°C | Humidity: 91%

--- Emitting Weather Window: 17:40:34 ---
 -> Sent Weather | Zone: Hinjewadi     | Temp: 32.1°C | Humidity: 91%
 -> Sent Weather | Zone: FC Road       | Temp: 32.7°C | Humidity: 91%
 -> Sent Weather | Zone: Kothrud       | Temp: 31.6°C | Humidity: 93%
 -> Sent Weather | Zone: Hadapsar      | Temp: 33.2°C | Humidity: 87%
 -> Sent Weather | Zone: Shivajinagar  | Temp: 32.8°C | Humidity: 91%

--- Emitting Weather Window: 17:40:53 ---
 -> Sent Weather | Zone: Hinjewadi     | Temp: 32.0°C | Humidity: 91%
 -> Sent Weather | Zone: FC Road       | Temp: 32.8°C | Humidity: 91%
 -> Sent Weather | Zone: Kothrud       | Temp: 31.6°C | Humidity: 93%
 -> Sent Weather | Zone: Hadapsar      | Temp: 33.1°C | Humidity: 87%
 -> Sent Weather | Zone: Shivajinagar  | Temp: 32.7°C | Humidity: 91%

--- Emitting Weather Window: 17:41:12 ---
 -> Sent Weather | Zone: Hinjewadi     | Temp: 32.3°C | Humidity: 92%
 -> Sent Weather | Zone: FC Road       | Temp: 32.5°C | Humidity: 91%
 -> Sent Weather | Zone: Kothrud       | Temp: 31.6°C | Humidity: 93%
 -> Sent Weather | Zone: Hadapsar      | Temp: 33.3°C | Humidity: 88%
 -> Sent Weather | Zone: Shivajinagar  | Temp: 32.8°C | Humidity: 91%

--- Emitting Weather Window: 17:41:31 ---
 -> Sent Weather | Zone: Hinjewadi     | Temp: 32.3°C | Humidity: 92%
 -> Sent Weather | Zone: FC Road       | Temp: 32.2°C | Humidity: 90%
 -> Sent Weather | Zone: Kothrud       | Temp: 31.7°C | Humidity: 93%
 -> Sent Weather | Zone: Hadapsar      | Temp: 33.4°C | Humidity: 88%
 -> Sent Weather | Zone: Shivajinagar  | Temp: 32.6°C | Humidity: 91%

--- Emitting Weather Window: 17:41:51 ---
 -> Sent Weather | Zone: Hinjewadi     | Temp: 32.5°C | Humidity: 92%
 -> Sent Weather | Zone: FC Road       | Temp: 32.4°C | Humidity: 90%
 -> Sent Weather | Zone: Kothrud       | Temp: 31.9°C | Humidity: 94%
 -> Sent Weather | Zone: Hadapsar      | Temp: 33.5°C | Humidity: 88%
 -> Sent Weather | Zone: Shivajinagar  | Temp: 32.8°C | Humidity: 91%

--- Emitting Weather Window: 17:42:10 ---
 -> Sent Weather | Zone: Hinjewadi     | Temp: 32.2°C | Humidity: 91%
 -> Sent Weather | Zone: FC Road       | Temp: 32.8°C | Humidity: 91%
 -> Sent Weather | Zone: Kothrud       | Temp: 31.5°C | Humidity: 93%
 -> Sent Weather | Zone: Hadapsar      | Temp: 33.0°C | Humidity: 87%
 -> Sent Weather | Zone: Shivajinagar  | Temp: 32.6°C | Humidity: 91%

--- Emitting Weather Window: 17:42:29 ---
 -> Sent Weather | Zone: Hinjewadi     | Temp: 32.5°C | Humidity: 92%
 -> Sent Weather | Zone: FC Road       | Temp: 32.6°C | Humidity: 91%
 -> Sent Weather | Zone: Kothrud       | Temp: 31.6°C | Humidity: 93%
 -> Sent Weather | Zone: Hadapsar      | Temp: 33.0°C | Humidity: 87%
 -> Sent Weather | Zone: Shivajinagar  | Temp: 32.5°C | Humidity: 90%

--- Emitting Weather Window: 17:42:48 ---
 -> Sent Weather | Zone: Hinjewadi     | Temp: 32.1°C | Humidity: 91%
 -> Sent Weather | Zone: FC Road       | Temp: 32.3°C | Humidity: 90%
 -> Sent Weather | Zone: Kothrud       | Temp: 31.9°C | Humidity: 94%
 -> Sent Weather | Zone: Hadapsar      | Temp: 33.0°C | Humidity: 87%
 -> Sent Weather | Zone: Shivajinagar  | Temp: 32.3°C | Humidity: 90%

--- Emitting Weather Window: 17:43:07 ---
 -> Sent Weather | Zone: Hinjewadi     | Temp: 32.2°C | Humidity: 92%
 -> Sent Weather | Zone: FC Road       | Temp: 32.8°C | Humidity: 91%
 -> Sent Weather | Zone: Kothrud       | Temp: 31.9°C | Humidity: 94%
 -> Sent Weather | Zone: Hadapsar      | Temp: 33.4°C | Humidity: 88%
 -> Sent Weather | Zone: Shivajinagar  | Temp: 32.7°C | Humidity: 91%

--- Emitting Weather Window: 17:43:27 ---
 -> Sent Weather | Zone: Hinjewadi     | Temp: 32.4°C | Humidity: 92%
 -> Sent Weather | Zone: FC Road       | Temp: 32.3°C | Humidity: 90%
 -> Sent Weather | Zone: Kothrud       | Temp: 31.7°C | Humidity: 93%
 -> Sent Weather | Zone: Hadapsar      | Temp: 33.4°C | Humidity: 88%
 -> Sent Weather | Zone: Shivajinagar  | Temp: 32.2°C | Humidity: 90%

--- Emitting Weather Window: 17:43:47 ---
 -> Sent Weather | Zone: Hinjewadi     | Temp: 32.5°C | Humidity: 92%
 -> Sent Weather | Zone: FC Road       | Temp: 32.8°C | Humidity: 91%
 -> Sent Weather | Zone: Kothrud       | Temp: 31.7°C | Humidity: 93%
 -> Sent Weather | Zone: Hadapsar      | Temp: 33.1°C | Humidity: 87%
 -> Sent Weather | Zone: Shivajinagar  | Temp: 32.5°C | Humidity: 91%

--- Emitting Weather Window: 17:44:13 ---
⚠️ API Fetch error: HTTPSConnectionPool(host='api.open-meteo.com', port=443): Max retries exceeded with url: /v1/forecast?latitude=18.5912&longitude=73.7389&current_weather=True&hourly=relativehumidity_2m%2Cprecipitation%2Csurface_pressure (Caused by ConnectTimeoutError(<urllib3.connection.HTTPSConnection object at 0x7374bf7beb70>, 'Connection to api.open-meteo.com timed out. (connect timeout=10)'))
 -> Sent Weather | Zone: Hinjewadi     | Temp: 32.0°C | Humidity: 60%
⚠️ API Fetch error: HTTPSConnectionPool(host='api.open-meteo.com', port=443): Max retries exceeded with url: /v1/forecast?latitude=18.5236&longitude=73.8478&current_weather=True&hourly=relativehumidity_2m%2Cprecipitation%2Csurface_pressure (Caused by ConnectTimeoutError(<urllib3.connection.HTTPSConnection object at 0x7374bf7beed0>, 'Connection to api.open-meteo.com timed out. (connect timeout=10)'))
 -> Sent Weather | Zone: FC Road       | Temp: 32.0°C | Humidity: 60%
 -> Sent Weather | Zone: Kothrud       | Temp: 31.8°C | Humidity: 93%
 -> Sent Weather | Zone: Hadapsar      | Temp: 32.9°C | Humidity: 87%
 -> Sent Weather | Zone: Shivajinagar  | Temp: 32.2°C | Humidity: 90%

--- Emitting Weather Window: 17:45:12 ---
 -> Sent Weather | Zone: Hinjewadi     | Temp: 32.1°C | Humidity: 92%
 -> Sent Weather | Zone: FC Road       | Temp: 32.3°C | Humidity: 91%
 -> Sent Weather | Zone: Kothrud       | Temp: 31.3°C | Humidity: 93%
 -> Sent Weather | Zone: Hadapsar      | Temp: 33.0°C | Humidity: 88%
 -> Sent Weather | Zone: Shivajinagar  | Temp: 32.4°C | Humidity: 91%

--- Emitting Weather Window: 17:45:31 ---
 -> Sent Weather | Zone: Hinjewadi     | Temp: 32.2°C | Humidity: 92%
 -> Sent Weather | Zone: FC Road       | Temp: 32.2°C | Humidity: 90%
 -> Sent Weather | Zone: Kothrud       | Temp: 31.6°C | Humidity: 94%
 -> Sent Weather | Zone: Hadapsar      | Temp: 32.8°C | Humidity: 87%
 -> Sent Weather | Zone: Shivajinagar  | Temp: 32.3°C | Humidity: 91%

--- Emitting Weather Window: 17:45:51 ---
 -> Sent Weather | Zone: Hinjewadi     | Temp: 31.9°C | Humidity: 92%
 -> Sent Weather | Zone: FC Road       | Temp: 32.3°C | Humidity: 91%
 -> Sent Weather | Zone: Kothrud       | Temp: 31.8°C | Humidity: 94%
 -> Sent Weather | Zone: Hadapsar      | Temp: 32.9°C | Humidity: 88%
 -> Sent Weather | Zone: Shivajinagar  | Temp: 32.1°C | Humidity: 90%

--- Emitting Weather Window: 17:46:11 ---
 -> Sent Weather | Zone: Hinjewadi     | Temp: 32.0°C | Humidity: 92%
 -> Sent Weather | Zone: FC Road       | Temp: 32.0°C | Humidity: 90%
 -> Sent Weather | Zone: Kothrud       | Temp: 31.7°C | Humidity: 94%
 -> Sent Weather | Zone: Hadapsar      | Temp: 33.1°C | Humidity: 88%
 -> Sent Weather | Zone: Shivajinagar  | Temp: 32.2°C | Humidity: 90%

--- Emitting Weather Window: 17:46:31 ---
 -> Sent Weather | Zone: Hinjewadi     | Temp: 32.2°C | Humidity: 92%
 -> Sent Weather | Zone: FC Road       | Temp: 32.0°C | Humidity: 90%
 -> Sent Weather | Zone: Kothrud       | Temp: 31.3°C | Humidity: 93%
 -> Sent Weather | Zone: Hadapsar      | Temp: 32.8°C | Humidity: 88%
 -> Sent Weather | Zone: Shivajinagar  | Temp: 32.2°C | Humidity: 90%

--- Emitting Weather Window: 17:46:50 ---
 -> Sent Weather | Zone: Hinjewadi     | Temp: 31.7°C | Humidity: 91%
 -> Sent Weather | Zone: FC Road       | Temp: 32.5°C | Humidity: 91%
 -> Sent Weather | Zone: Kothrud       | Temp: 31.7°C | Humidity: 94%
 -> Sent Weather | Zone: Hadapsar      | Temp: 32.7°C | Humidity: 87%
 -> Sent Weather | Zone: Shivajinagar  | Temp: 32.1°C | Humidity: 90%

--- Emitting Weather Window: 17:47:09 ---
 -> Sent Weather | Zone: Hinjewadi     | Temp: 31.7°C | Humidity: 91%
 -> Sent Weather | Zone: FC Road       | Temp: 32.2°C | Humidity: 91%
 -> Sent Weather | Zone: Kothrud       | Temp: 31.6°C | Humidity: 94%
 -> Sent Weather | Zone: Hadapsar      | Temp: 32.6°C | Humidity: 87%
 -> Sent Weather | Zone: Shivajinagar  | Temp: 32.3°C | Humidity: 91%

--- Emitting Weather Window: 17:47:30 ---
 -> Sent Weather | Zone: Hinjewadi     | Temp: 32.1°C | Humidity: 92%
 -> Sent Weather | Zone: FC Road       | Temp: 32.2°C | Humidity: 91%
 -> Sent Weather | Zone: Kothrud       | Temp: 31.4°C | Humidity: 93%
 -> Sent Weather | Zone: Hadapsar      | Temp: 33.1°C | Humidity: 88%
 -> Sent Weather | Zone: Shivajinagar  | Temp: 31.9°C | Humidity: 90%

--- Emitting Weather Window: 17:47:49 ---
 -> Sent Weather | Zone: Hinjewadi     | Temp: 31.9°C | Humidity: 92%
 -> Sent Weather | Zone: FC Road       | Temp: 32.3°C | Humidity: 91%
 -> Sent Weather | Zone: Kothrud       | Temp: 31.3°C | Humidity: 93%
 -> Sent Weather | Zone: Hadapsar      | Temp: 33.0°C | Humidity: 88%
 -> Sent Weather | Zone: Shivajinagar  | Temp: 32.2°C | Humidity: 91%

--- Emitting Weather Window: 17:48:10 ---
 -> Sent Weather | Zone: Hinjewadi     | Temp: 31.9°C | Humidity: 91%
 -> Sent Weather | Zone: FC Road       | Temp: 32.1°C | Humidity: 90%
 -> Sent Weather | Zone: Kothrud       | Temp: 31.4°C | Humidity: 93%
 -> Sent Weather | Zone: Hadapsar      | Temp: 32.7°C | Humidity: 87%
 -> Sent Weather | Zone: Shivajinagar  | Temp: 32.4°C | Humidity: 91%

--- Emitting Weather Window: 17:48:29 ---
 -> Sent Weather | Zone: Hinjewadi     | Temp: 31.8°C | Humidity: 91%
 -> Sent Weather | Zone: FC Road       | Temp: 32.2°C | Humidity: 90%
 -> Sent Weather | Zone: Kothrud       | Temp: 31.3°C | Humidity: 93%
 -> Sent Weather | Zone: Hadapsar      | Temp: 33.0°C | Humidity: 88%
 -> Sent Weather | Zone: Shivajinagar  | Temp: 32.3°C | Humidity: 91%

--- Emitting Weather Window: 17:48:48 ---
 -> Sent Weather | Zone: Hinjewadi     | Temp: 31.7°C | Humidity: 91%
 -> Sent Weather | Zone: FC Road       | Temp: 32.5°C | Humidity: 91%
 -> Sent Weather | Zone: Kothrud       | Temp: 31.7°C | Humidity: 94%
 -> Sent Weather | Zone: Hadapsar      | Temp: 33.1°C | Humidity: 88%
 -> Sent Weather | Zone: Shivajinagar  | Temp: 32.2°C | Humidity: 91%

--- Emitting Weather Window: 17:49:07 ---
 -> Sent Weather | Zone: Hinjewadi     | Temp: 31.7°C | Humidity: 91%
 -> Sent Weather | Zone: FC Road       | Temp: 32.3°C | Humidity: 91%
 -> Sent Weather | Zone: Kothrud       | Temp: 31.5°C | Humidity: 93%
 -> Sent Weather | Zone: Hadapsar      | Temp: 33.1°C | Humidity: 88%
 -> Sent Weather | Zone: Shivajinagar  | Temp: 31.9°C | Humidity: 90%

--- Emitting Weather Window: 17:49:26 ---
 -> Sent Weather | Zone: Hinjewadi     | Temp: 32.1°C | Humidity: 92%
 -> Sent Weather | Zone: FC Road       | Temp: 32.4°C | Humidity: 91%
 -> Sent Weather | Zone: Kothrud       | Temp: 31.5°C | Humidity: 93%
 -> Sent Weather | Zone: Hadapsar      | Temp: 32.7°C | Humidity: 87%
 -> Sent Weather | Zone: Shivajinagar  | Temp: 32.2°C | Humidity: 91%

--- Emitting Weather Window: 17:49:45 ---
 -> Sent Weather | Zone: Hinjewadi     | Temp: 31.9°C | Humidity: 92%
 -> Sent Weather | Zone: FC Road       | Temp: 32.4°C | Humidity: 91%
 -> Sent Weather | Zone: Kothrud       | Temp: 31.7°C | Humidity: 94%
 -> Sent Weather | Zone: Hadapsar      | Temp: 33.1°C | Humidity: 88%
 -> Sent Weather | Zone: Shivajinagar  | Temp: 32.3°C | Humidity: 91%

--- Emitting Weather Window: 17:50:05 ---
 -> Sent Weather | Zone: Hinjewadi     | Temp: 32.0°C | Humidity: 92%
 -> Sent Weather | Zone: FC Road       | Temp: 32.4°C | Humidity: 91%
 -> Sent Weather | Zone: Kothrud       | Temp: 31.5°C | Humidity: 93%
 -> Sent Weather | Zone: Hadapsar      | Temp: 32.7°C | Humidity: 87%
 -> Sent Weather | Zone: Shivajinagar  | Temp: 32.5°C | Humidity: 91%

--- Emitting Weather Window: 17:50:42 ---
⚠️ API Fetch error: HTTPSConnectionPool(host='api.open-meteo.com', port=443): Read timed out. (read timeout=10)
 -> Sent Weather | Zone: Hinjewadi     | Temp: 31.9°C | Humidity: 59%
⚠️ API Fetch error: HTTPSConnectionPool(host='api.open-meteo.com', port=443): Read timed out. (read timeout=10)
 -> Sent Weather | Zone: FC Road       | Temp: 31.7°C | Humidity: 59%
⚠️ API Fetch error: HTTPSConnectionPool(host='api.open-meteo.com', port=443): Read timed out. (read timeout=10)
 -> Sent Weather | Zone: Kothrud       | Temp: 32.2°C | Humidity: 60%
⚠️ API Fetch error: HTTPSConnectionPool(host='api.open-meteo.com', port=443): Max retries exceeded with url: /v1/forecast?latitude=18.5089&longitude=73.926&current_weather=True&hourly=relativehumidity_2m%2Cprecipitation%2Csurface_pressure (Caused by ConnectTimeoutError(<urllib3.connection.HTTPSConnection object at 0x7374bf7bde20>, 'Connection to api.open-meteo.com timed out. (connect timeout=10)'))
 -> Sent Weather | Zone: Hadapsar      | Temp: 31.8°C | Humidity: 59%
⚠️ API Fetch error: HTTPSConnectionPool(host='api.open-meteo.com', port=443): Read timed out. (read timeout=10)
 -> Sent Weather | Zone: Shivajinagar  | Temp: 31.7°C | Humidity: 59%

--- Emitting Weather Window: 17:52:24 ---
⚠️ API Fetch error: HTTPSConnectionPool(host='api.open-meteo.com', port=443): Max retries exceeded with url: /v1/forecast?latitude=18.5912&longitude=73.7389&current_weather=True&hourly=relativehumidity_2m%2Cprecipitation%2Csurface_pressure (Caused by NameResolutionError("<urllib3.connection.HTTPSConnection object at 0x7374bf7be840>: Failed to resolve 'api.open-meteo.com' ([Errno -2] Name or service not known)"))
 -> Sent Weather | Zone: Hinjewadi     | Temp: 32.1°C | Humidity: 60%
⚠️ API Fetch error: HTTPSConnectionPool(host='api.open-meteo.com', port=443): Max retries exceeded with url: /v1/forecast?latitude=18.5236&longitude=73.8478&current_weather=True&hourly=relativehumidity_2m%2Cprecipitation%2Csurface_pressure (Caused by ConnectTimeoutError(<urllib3.connection.HTTPSConnection object at 0x7374bf7bf3b0>, 'Connection to api.open-meteo.com timed out. (connect timeout=10)'))
 -> Sent Weather | Zone: FC Road       | Temp: 32.0°C | Humidity: 60%
⚠️ API Fetch error: HTTPSConnectionPool(host='api.open-meteo.com', port=443): Max retries exceeded with url: /v1/forecast?latitude=18.5074&longitude=73.8077&current_weather=True&hourly=relativehumidity_2m%2Cprecipitation%2Csurface_pressure (Caused by NameResolutionError("<urllib3.connection.HTTPSConnection object at 0x7374bf797a10>: Failed to resolve 'api.open-meteo.com' ([Errno -2] Name or service not known)"))
 -> Sent Weather | Zone: Kothrud       | Temp: 32.2°C | Humidity: 60%
 -> Sent Weather | Zone: Hadapsar      | Temp: 33.1°C | Humidity: 88%
⚠️ API Fetch error: HTTPSConnectionPool(host='api.open-meteo.com', port=443): Max retries exceeded with url: /v1/forecast?latitude=18.5308&longitude=73.8474&current_weather=True&hourly=relativehumidity_2m%2Cprecipitation%2Csurface_pressure (Caused by ConnectTimeoutError(<urllib3.connection.HTTPSConnection object at 0x7374bfcf5100>, 'Connection to api.open-meteo.com timed out. (connect timeout=10)'))
 -> Sent Weather | Zone: Shivajinagar  | Temp: 32.3°C | Humidity: 60%

--- Emitting Weather Window: 17:53:50 ---
⚠️ API Fetch error: HTTPSConnectionPool(host='api.open-meteo.com', port=443): Max retries exceeded with url: /v1/forecast?latitude=18.5912&longitude=73.7389&current_weather=True&hourly=relativehumidity_2m%2Cprecipitation%2Csurface_pressure (Caused by ConnectTimeoutError(<urllib3.connection.HTTPSConnection object at 0x7374bf7e8c80>, 'Connection to api.open-meteo.com timed out. (connect timeout=10)'))
 -> Sent Weather | Zone: Hinjewadi     | Temp: 31.7°C | Humidity: 59%
 -> Sent Weather | Zone: FC Road       | Temp: 32.1°C | Humidity: 90%
⚠️ API Fetch error: ('Connection aborted.', ConnectionResetError(104, 'Connection reset by peer'))
 -> Sent Weather | Zone: Kothrud       | Temp: 32.2°C | Humidity: 60%
 -> Sent Weather | Zone: Hadapsar      | Temp: 32.6°C | Humidity: 87%
 -> Sent Weather | Zone: Shivajinagar  | Temp: 32.0°C | Humidity: 90%

--- Emitting Weather Window: 17:54:41 ---
 -> Sent Weather | Zone: Hinjewadi     | Temp: 31.8°C | Humidity: 91%
 -> Sent Weather | Zone: FC Road       | Temp: 32.4°C | Humidity: 91%
 -> Sent Weather | Zone: Kothrud       | Temp: 31.4°C | Humidity: 93%
 -> Sent Weather | Zone: Hadapsar      | Temp: 32.9°C | Humidity: 88%
 -> Sent Weather | Zone: Shivajinagar  | Temp: 32.4°C | Humidity: 91%

--- Emitting Weather Window: 17:55:00 ---
 -> Sent Weather | Zone: Hinjewadi     | Temp: 31.9°C | Humidity: 92%
 -> Sent Weather | Zone: FC Road       | Temp: 32.2°C | Humidity: 91%
 -> Sent Weather | Zone: Kothrud       | Temp: 31.6°C | Humidity: 94%
 -> Sent Weather | Zone: Hadapsar      | Temp: 32.7°C | Humidity: 87%
 -> Sent Weather | Zone: Shivajinagar  | Temp: 32.1°C | Humidity: 90%

--- Emitting Weather Window: 17:55:19 ---
 -> Sent Weather | Zone: Hinjewadi     | Temp: 31.6°C | Humidity: 91%
 -> Sent Weather | Zone: FC Road       | Temp: 32.4°C | Humidity: 91%
 -> Sent Weather | Zone: Kothrud       | Temp: 31.2°C | Humidity: 93%
 -> Sent Weather | Zone: Hadapsar      | Temp: 32.8°C | Humidity: 87%
 -> Sent Weather | Zone: Shivajinagar  | Temp: 32.0°C | Humidity: 90%

--- Emitting Weather Window: 17:55:39 ---
 -> Sent Weather | Zone: Hinjewadi     | Temp: 32.0°C | Humidity: 92%
 -> Sent Weather | Zone: FC Road       | Temp: 32.1°C | Humidity: 90%
 -> Sent Weather | Zone: Kothrud       | Temp: 31.5°C | Humidity: 93%
 -> Sent Weather | Zone: Hadapsar      | Temp: 32.7°C | Humidity: 87%
 -> Sent Weather | Zone: Shivajinagar  | Temp: 32.1°C | Humidity: 90%

--- Emitting Weather Window: 17:56:01 ---
⚠️ API Fetch error: HTTPSConnectionPool(host='api.open-meteo.com', port=443): Read timed out. (read timeout=10)
 -> Sent Weather | Zone: Hinjewadi     | Temp: 31.8°C | Humidity: 59%
⚠️ API Fetch error: HTTPSConnectionPool(host='api.open-meteo.com', port=443): Max retries exceeded with url: /v1/forecast?latitude=18.5236&longitude=73.8478&current_weather=True&hourly=relativehumidity_2m%2Cprecipitation%2Csurface_pressure (Caused by NameResolutionError("<urllib3.connection.HTTPSConnection object at 0x7374bf7bdc70>: Failed to resolve 'api.open-meteo.com' ([Errno -2] Name or service not known)"))
 -> Sent Weather | Zone: FC Road       | Temp: 31.9°C | Humidity: 59%
⚠️ API Fetch error: HTTPSConnectionPool(host='api.open-meteo.com', port=443): Max retries exceeded with url: /v1/forecast?latitude=18.5074&longitude=73.8077&current_weather=True&hourly=relativehumidity_2m%2Cprecipitation%2Csurface_pressure (Caused by NameResolutionError("<urllib3.connection.HTTPSConnection object at 0x7374bfdd28a0>: Failed to resolve 'api.open-meteo.com' ([Errno -2] Name or service not known)"))
 -> Sent Weather | Zone: Kothrud       | Temp: 31.9°C | Humidity: 59%
⚠️ API Fetch error: HTTPSConnectionPool(host='api.open-meteo.com', port=443): Max retries exceeded with url: /v1/forecast?latitude=18.5089&longitude=73.926&current_weather=True&hourly=relativehumidity_2m%2Cprecipitation%2Csurface_pressure (Caused by NameResolutionError("<urllib3.connection.HTTPSConnection object at 0x7374bf7968a0>: Failed to resolve 'api.open-meteo.com' ([Errno -2] Name or service not known)"))
 -> Sent Weather | Zone: Hadapsar      | Temp: 32.3°C | Humidity: 60%
⚠️ API Fetch error: HTTPSConnectionPool(host='api.open-meteo.com', port=443): Max retries exceeded with url: /v1/forecast?latitude=18.5308&longitude=73.8474&current_weather=True&hourly=relativehumidity_2m%2Cprecipitation%2Csurface_pressure (Caused by NameResolutionError("<urllib3.connection.HTTPSConnection object at 0x7374bf7ea120>: Failed to resolve 'api.open-meteo.com' ([Errno -2] Name or service not known)"))
 -> Sent Weather | Zone: Shivajinagar  | Temp: 31.7°C | Humidity: 59%

--- Emitting Weather Window: 17:57:51 ---
 -> Sent Weather | Zone: Hinjewadi     | Temp: 31.7°C | Humidity: 91%
 -> Sent Weather | Zone: FC Road       | Temp: 32.2°C | Humidity: 90%
 -> Sent Weather | Zone: Kothrud       | Temp: 31.6°C | Humidity: 94%
 -> Sent Weather | Zone: Hadapsar      | Temp: 33.1°C | Humidity: 88%
 -> Sent Weather | Zone: Shivajinagar  | Temp: 32.0°C | Humidity: 90%

--- Emitting Weather Window: 17:58:11 ---
 -> Sent Weather | Zone: Hinjewadi     | Temp: 31.9°C | Humidity: 91%
 -> Sent Weather | Zone: FC Road       | Temp: 32.5°C | Humidity: 91%
 -> Sent Weather | Zone: Kothrud       | Temp: 31.4°C | Humidity: 93%
 -> Sent Weather | Zone: Hadapsar      | Temp: 32.8°C | Humidity: 87%
 -> Sent Weather | Zone: Shivajinagar  | Temp: 32.4°C | Humidity: 91%

--- Emitting Weather Window: 17:58:30 ---
 -> Sent Weather | Zone: Hinjewadi     | Temp: 32.2°C | Humidity: 92%
 -> Sent Weather | Zone: FC Road       | Temp: 32.1°C | Humidity: 90%
 -> Sent Weather | Zone: Kothrud       | Temp: 31.5°C | Humidity: 94%
 -> Sent Weather | Zone: Hadapsar      | Temp: 32.5°C | Humidity: 87%
 -> Sent Weather | Zone: Shivajinagar  | Temp: 32.3°C | Humidity: 91%

--- Emitting Weather Window: 17:58:49 ---
 -> Sent Weather | Zone: Hinjewadi     | Temp: 31.7°C | Humidity: 91%
 -> Sent Weather | Zone: FC Road       | Temp: 32.0°C | Humidity: 90%
 -> Sent Weather | Zone: Kothrud       | Temp: 31.8°C | Humidity: 94%
 -> Sent Weather | Zone: Hadapsar      | Temp: 32.9°C | Humidity: 88%
 -> Sent Weather | Zone: Shivajinagar  | Temp: 32.1°C | Humidity: 90%

--- Emitting Weather Window: 17:59:08 ---
 -> Sent Weather | Zone: Hinjewadi     | Temp: 32.0°C | Humidity: 92%
 -> Sent Weather | Zone: FC Road       | Temp: 32.1°C | Humidity: 90%
 -> Sent Weather | Zone: Kothrud       | Temp: 31.3°C | Humidity: 93%
 -> Sent Weather | Zone: Hadapsar      | Temp: 32.7°C | Humidity: 87%
 -> Sent Weather | Zone: Shivajinagar  | Temp: 32.4°C | Humidity: 91%

--- Emitting Weather Window: 17:59:27 ---
 -> Sent Weather | Zone: Hinjewadi     | Temp: 32.0°C | Humidity: 92%
 -> Sent Weather | Zone: FC Road       | Temp: 32.2°C | Humidity: 90%
 -> Sent Weather | Zone: Kothrud       | Temp: 31.5°C | Humidity: 94%
 -> Sent Weather | Zone: Hadapsar      | Temp: 32.6°C | Humidity: 87%
 -> Sent Weather | Zone: Shivajinagar  | Temp: 32.5°C | Humidity: 91%

--- Emitting Weather Window: 17:59:47 ---
 -> Sent Weather | Zone: Hinjewadi     | Temp: 31.7°C | Humidity: 91%
 -> Sent Weather | Zone: FC Road       | Temp: 32.2°C | Humidity: 90%
 -> Sent Weather | Zone: Kothrud       | Temp: 31.4°C | Humidity: 93%
 -> Sent Weather | Zone: Hadapsar      | Temp: 32.6°C | Humidity: 87%
⚠️ API Fetch error: HTTPSConnectionPool(host='api.open-meteo.com', port=443): Read timed out. (read timeout=10)
 -> Sent Weather | Zone: Shivajinagar  | Temp: 31.9°C | Humidity: 59%

--- Emitting Weather Window: 18:00:16 ---
⚠️ API Fetch error: HTTPSConnectionPool(host='api.open-meteo.com', port=443): Max retries exceeded with url: /v1/forecast?latitude=18.5912&longitude=73.7389&current_weather=True&hourly=relativehumidity_2m%2Cprecipitation%2Csurface_pressure (Caused by NameResolutionError("<urllib3.connection.HTTPSConnection object at 0x7374bf7e9040>: Failed to resolve 'api.open-meteo.com' ([Errno -2] Name or service not known)"))
 -> Sent Weather | Zone: Hinjewadi     | Temp: 31.8°C | Humidity: 59%
⚠️ API Fetch error: HTTPSConnectionPool(host='api.open-meteo.com', port=443): Max retries exceeded with url: /v1/forecast?latitude=18.5236&longitude=73.8478&current_weather=True&hourly=relativehumidity_2m%2Cprecipitation%2Csurface_pressure (Caused by NameResolutionError("<urllib3.connection.HTTPSConnection object at 0x7374bf7bce00>: Failed to resolve 'api.open-meteo.com' ([Errno -2] Name or service not known)"))
 -> Sent Weather | Zone: FC Road       | Temp: 32.2°C | Humidity: 60%
⚠️ API Fetch error: HTTPSConnectionPool(host='api.open-meteo.com', port=443): Read timed out. (read timeout=10)
 -> Sent Weather | Zone: Kothrud       | Temp: 32.1°C | Humidity: 60%
⚠️ API Fetch error: HTTPSConnectionPool(host='api.open-meteo.com', port=443): Read timed out. (read timeout=10)
 -> Sent Weather | Zone: Hadapsar      | Temp: 31.7°C | Humidity: 59%
⚠️ API Fetch error: HTTPSConnectionPool(host='api.open-meteo.com', port=443): Read timed out. (read timeout=10)
 -> Sent Weather | Zone: Shivajinagar  | Temp: 32.3°C | Humidity: 60%

--- Emitting Weather Window: 18:02:06 ---
⚠️ API Fetch error: HTTPSConnectionPool(host='api.open-meteo.com', port=443): Max retries exceeded with url: /v1/forecast?latitude=18.5912&longitude=73.7389&current_weather=True&hourly=relativehumidity_2m%2Cprecipitation%2Csurface_pressure (Caused by ConnectTimeoutError(<urllib3.connection.HTTPSConnection object at 0x7374bf7e95b0>, 'Connection to api.open-meteo.com timed out. (connect timeout=10)'))
 -> Sent Weather | Zone: Hinjewadi     | Temp: 32.0°C | Humidity: 59%
⚠️ API Fetch error: HTTPSConnectionPool(host='api.open-meteo.com', port=443): Max retries exceeded with url: /v1/forecast?latitude=18.5236&longitude=73.8478&current_weather=True&hourly=relativehumidity_2m%2Cprecipitation%2Csurface_pressure (Caused by NewConnectionError('<urllib3.connection.HTTPSConnection object at 0x7374bf796ae0>: Failed to establish a new connection: [Errno 113] No route to host'))
 -> Sent Weather | Zone: FC Road       | Temp: 32.0°C | Humidity: 59%
⚠️ API Fetch error: HTTPSConnectionPool(host='api.open-meteo.com', port=443): Read timed out. (read timeout=10)
 -> Sent Weather | Zone: Kothrud       | Temp: 31.7°C | Humidity: 59%
 -> Sent Weather | Zone: Hadapsar      | Temp: 32.2°C | Humidity: 87%
 -> Sent Weather | Zone: Shivajinagar  | Temp: 31.8°C | Humidity: 91%

--- Emitting Weather Window: 18:02:54 ---
 -> Sent Weather | Zone: Hinjewadi     | Temp: 31.6°C | Humidity: 92%
 -> Sent Weather | Zone: FC Road       | Temp: 32.1°C | Humidity: 91%
 -> Sent Weather | Zone: Kothrud       | Temp: 31.3°C | Humidity: 94%
 -> Sent Weather | Zone: Hadapsar      | Temp: 32.7°C | Humidity: 88%
 -> Sent Weather | Zone: Shivajinagar  | Temp: 31.8°C | Humidity: 90%

--- Emitting Weather Window: 18:03:13 ---
 -> Sent Weather | Zone: Hinjewadi     | Temp: 31.5°C | Humidity: 92%
 -> Sent Weather | Zone: FC Road       | Temp: 31.6°C | Humidity: 90%
 -> Sent Weather | Zone: Kothrud       | Temp: 31.1°C | Humidity: 93%
 -> Sent Weather | Zone: Hadapsar      | Temp: 32.3°C | Humidity: 87%
 -> Sent Weather | Zone: Shivajinagar  | Temp: 31.5°C | Humidity: 90%

--- Emitting Weather Window: 18:03:32 ---
 -> Sent Weather | Zone: Hinjewadi     | Temp: 31.6°C | Humidity: 92%
 -> Sent Weather | Zone: FC Road       | Temp: 31.9°C | Humidity: 91%
 -> Sent Weather | Zone: Kothrud       | Temp: 31.1°C | Humidity: 93%
 -> Sent Weather | Zone: Hadapsar      | Temp: 32.2°C | Humidity: 87%
 -> Sent Weather | Zone: Shivajinagar  | Temp: 31.9°C | Humidity: 91%

--- Emitting Weather Window: 18:03:52 ---
 -> Sent Weather | Zone: Hinjewadi     | Temp: 31.4°C | Humidity: 91%
 -> Sent Weather | Zone: FC Road       | Temp: 31.7°C | Humidity: 90%
 -> Sent Weather | Zone: Kothrud       | Temp: 31.3°C | Humidity: 94%
 -> Sent Weather | Zone: Hadapsar      | Temp: 32.5°C | Humidity: 87%
 -> Sent Weather | Zone: Shivajinagar  | Temp: 32.1°C | Humidity: 91%

--- Emitting Weather Window: 18:04:12 ---
⚠️ API Fetch error: HTTPSConnectionPool(host='api.open-meteo.com', port=443): Max retries exceeded with url: /v1/forecast?latitude=18.5912&longitude=73.7389&current_weather=True&hourly=relativehumidity_2m%2Cprecipitation%2Csurface_pressure (Caused by ConnectTimeoutError(<urllib3.connection.HTTPSConnection object at 0x7374bf797f80>, 'Connection to api.open-meteo.com timed out. (connect timeout=10)'))
 -> Sent Weather | Zone: Hinjewadi     | Temp: 31.9°C | Humidity: 59%
⚠️ API Fetch error: HTTPSConnectionPool(host='api.open-meteo.com', port=443): Max retries exceeded with url: /v1/forecast?latitude=18.5236&longitude=73.8478&current_weather=True&hourly=relativehumidity_2m%2Cprecipitation%2Csurface_pressure (Caused by NameResolutionError("<urllib3.connection.HTTPSConnection object at 0x7374bf7bff80>: Failed to resolve 'api.open-meteo.com' ([Errno -2] Name or service not known)"))
 -> Sent Weather | Zone: FC Road       | Temp: 31.8°C | Humidity: 59%
⚠️ API Fetch error: HTTPSConnectionPool(host='api.open-meteo.com', port=443): Max retries exceeded with url: /v1/forecast?latitude=18.5074&longitude=73.8077&current_weather=True&hourly=relativehumidity_2m%2Cprecipitation%2Csurface_pressure (Caused by NameResolutionError("<urllib3.connection.HTTPSConnection object at 0x7374bf7bede0>: Failed to resolve 'api.open-meteo.com' ([Errno -2] Name or service not known)"))
 -> Sent Weather | Zone: Kothrud       | Temp: 31.9°C | Humidity: 59%
 -> Sent Weather | Zone: Hadapsar      | Temp: 32.2°C | Humidity: 87%
⚠️ API Fetch error: HTTPSConnectionPool(host='api.open-meteo.com', port=443): Read timed out. (read timeout=10)
 -> Sent Weather | Zone: Shivajinagar  | Temp: 31.8°C | Humidity: 59%

--- Emitting Weather Window: 18:05:47 ---
 -> Sent Weather | Zone: Hinjewadi     | Temp: 31.7°C | Humidity: 92%
 -> Sent Weather | Zone: FC Road       | Temp: 31.5°C | Humidity: 90%
⚠️ API Fetch error: HTTPSConnectionPool(host='api.open-meteo.com', port=443): Max retries exceeded with url: /v1/forecast?latitude=18.5074&longitude=73.8077&current_weather=True&hourly=relativehumidity_2m%2Cprecipitation%2Csurface_pressure (Caused by ConnectTimeoutError(<urllib3.connection.HTTPSConnection object at 0x7374bf797c80>, 'Connection to api.open-meteo.com timed out. (connect timeout=10)'))
 -> Sent Weather | Zone: Kothrud       | Temp: 31.9°C | Humidity: 59%
 -> Sent Weather | Zone: Hadapsar      | Temp: 32.8°C | Humidity: 88%
⚠️ API Fetch error: HTTPSConnectionPool(host='api.open-meteo.com', port=443): Read timed out. (read timeout=10)
 -> Sent Weather | Zone: Shivajinagar  | Temp: 32.1°C | Humidity: 60%

--- Emitting Weather Window: 18:06:29 ---
 -> Sent Weather | Zone: Hinjewadi     | Temp: 31.3°C | Humidity: 91%
 -> Sent Weather | Zone: FC Road       | Temp: 32.0°C | Humidity: 91%
 -> Sent Weather | Zone: Kothrud       | Temp: 31.1°C | Humidity: 93%
 -> Sent Weather | Zone: Hadapsar      | Temp: 32.8°C | Humidity: 88%
 -> Sent Weather | Zone: Shivajinagar  | Temp: 31.5°C | Humidity: 90%

--- Emitting Weather Window: 18:06:54 ---
 -> Sent Weather | Zone: Hinjewadi     | Temp: 31.6°C | Humidity: 92%
 -> Sent Weather | Zone: FC Road       | Temp: 32.0°C | Humidity: 91%
 -> Sent Weather | Zone: Kothrud       | Temp: 31.1°C | Humidity: 94%
 -> Sent Weather | Zone: Hadapsar      | Temp: 32.3°C | Humidity: 87%
 -> Sent Weather | Zone: Shivajinagar  | Temp: 31.7°C | Humidity: 90%

--- Emitting Weather Window: 18:07:15 ---
 -> Sent Weather | Zone: Hinjewadi     | Temp: 31.2°C | Humidity: 91%
 -> Sent Weather | Zone: FC Road       | Temp: 31.6°C | Humidity: 90%
 -> Sent Weather | Zone: Kothrud       | Temp: 31.1°C | Humidity: 94%
 -> Sent Weather | Zone: Hadapsar      | Temp: 32.5°C | Humidity: 87%
 -> Sent Weather | Zone: Shivajinagar  | Temp: 31.8°C | Humidity: 91%

--- Emitting Weather Window: 18:07:34 ---
 -> Sent Weather | Zone: Hinjewadi     | Temp: 31.7°C | Humidity: 92%
 -> Sent Weather | Zone: FC Road       | Temp: 31.9°C | Humidity: 91%
 -> Sent Weather | Zone: Kothrud       | Temp: 31.2°C | Humidity: 94%
 -> Sent Weather | Zone: Hadapsar      | Temp: 32.5°C | Humidity: 88%
 -> Sent Weather | Zone: Shivajinagar  | Temp: 32.1°C | Humidity: 91%

--- Emitting Weather Window: 18:07:53 ---
 -> Sent Weather | Zone: Hinjewadi     | Temp: 31.8°C | Humidity: 92%
 -> Sent Weather | Zone: FC Road       | Temp: 31.6°C | Humidity: 90%
 -> Sent Weather | Zone: Kothrud       | Temp: 30.8°C | Humidity: 93%
 -> Sent Weather | Zone: Hadapsar      | Temp: 32.6°C | Humidity: 88%
 -> Sent Weather | Zone: Shivajinagar  | Temp: 31.5°C | Humidity: 90%

--- Emitting Weather Window: 18:08:12 ---
⚠️ API Fetch error: HTTPSConnectionPool(host='api.open-meteo.com', port=443): Max retries exceeded with url: /v1/forecast?latitude=18.5912&longitude=73.7389&current_weather=True&hourly=relativehumidity_2m%2Cprecipitation%2Csurface_pressure (Caused by ConnectTimeoutError(<urllib3.connection.HTTPSConnection object at 0x7374bf7bf680>, 'Connection to api.open-meteo.com timed out. (connect timeout=10)'))
 -> Sent Weather | Zone: Hinjewadi     | Temp: 32.1°C | Humidity: 60%
⚠️ API Fetch error: HTTPSConnectionPool(host='api.open-meteo.com', port=443): Read timed out. (read timeout=10)
 -> Sent Weather | Zone: FC Road       | Temp: 32.2°C | Humidity: 60%
⚠️ API Fetch error: ('Connection aborted.', ConnectionResetError(104, 'Connection reset by peer'))
 -> Sent Weather | Zone: Kothrud       | Temp: 32.0°C | Humidity: 59%
 -> Sent Weather | Zone: Hadapsar      | Temp: 32.2°C | Humidity: 87%
 -> Sent Weather | Zone: Shivajinagar  | Temp: 32.0°C | Humidity: 91%

--- Emitting Weather Window: 18:09:17 ---
 -> Sent Weather | Zone: Hinjewadi     | Temp: 31.5°C | Humidity: 92%
 -> Sent Weather | Zone: FC Road       | Temp: 31.7°C | Humidity: 90%
 -> Sent Weather | Zone: Kothrud       | Temp: 31.1°C | Humidity: 94%
 -> Sent Weather | Zone: Hadapsar      | Temp: 32.5°C | Humidity: 87%
 -> Sent Weather | Zone: Shivajinagar  | Temp: 31.8°C | Humidity: 91%

--- Emitting Weather Window: 18:09:39 ---
 -> Sent Weather | Zone: Hinjewadi     | Temp: 31.5°C | Humidity: 91%
⚠️ API Fetch error: HTTPSConnectionPool(host='api.open-meteo.com', port=443): Read timed out. (read timeout=10)
 -> Sent Weather | Zone: FC Road       | Temp: 32.2°C | Humidity: 60%
⚠️ API Fetch error: HTTPSConnectionPool(host='api.open-meteo.com', port=443): Max retries exceeded with url: /v1/forecast?latitude=18.5074&longitude=73.8077&current_weather=True&hourly=relativehumidity_2m%2Cprecipitation%2Csurface_pressure (Caused by ConnectTimeoutError(<urllib3.connection.HTTPSConnection object at 0x7374bf7bdcd0>, 'Connection to api.open-meteo.com timed out. (connect timeout=10)'))
 -> Sent Weather | Zone: Kothrud       | Temp: 32.3°C | Humidity: 60%
⚠️ API Fetch error: HTTPSConnectionPool(host='api.open-meteo.com', port=443): Max retries exceeded with url: /v1/forecast?latitude=18.5089&longitude=73.926&current_weather=True&hourly=relativehumidity_2m%2Cprecipitation%2Csurface_pressure (Caused by ConnectTimeoutError(<urllib3.connection.HTTPSConnection object at 0x7374bf796450>, 'Connection to api.open-meteo.com timed out. (connect timeout=10)'))
 -> Sent Weather | Zone: Hadapsar      | Temp: 32.0°C | Humidity: 59%
⚠️ API Fetch error: HTTPSConnectionPool(host='api.open-meteo.com', port=443): Max retries exceeded with url: /v1/forecast?latitude=18.5308&longitude=73.8474&current_weather=True&hourly=relativehumidity_2m%2Cprecipitation%2Csurface_pressure (Caused by ConnectTimeoutError(<urllib3.connection.HTTPSConnection object at 0x7374bf7212b0>, 'Connection to api.open-meteo.com timed out. (connect timeout=10)'))
 -> Sent Weather | Zone: Shivajinagar  | Temp: 32.0°C | Humidity: 59%

--- Emitting Weather Window: 18:11:02 ---
 -> Sent Weather | Zone: Hinjewadi     | Temp: 31.6°C | Humidity: 92%
 -> Sent Weather | Zone: FC Road       | Temp: 31.9°C | Humidity: 91%
 -> Sent Weather | Zone: Kothrud       | Temp: 31.4°C | Humidity: 94%
 -> Sent Weather | Zone: Hadapsar      | Temp: 32.3°C | Humidity: 87%
 -> Sent Weather | Zone: Shivajinagar  | Temp: 31.7°C | Humidity: 90%

--- Emitting Weather Window: 18:11:21 ---
 -> Sent Weather | Zone: Hinjewadi     | Temp: 31.7°C | Humidity: 92%
 -> Sent Weather | Zone: FC Road       | Temp: 32.0°C | Humidity: 91%
 -> Sent Weather | Zone: Kothrud       | Temp: 31.2°C | Humidity: 94%
 -> Sent Weather | Zone: Hadapsar      | Temp: 32.8°C | Humidity: 88%
 -> Sent Weather | Zone: Shivajinagar  | Temp: 32.0°C | Humidity: 91%

--- Emitting Weather Window: 18:11:40 ---
⚠️ API Fetch error: HTTPSConnectionPool(host='api.open-meteo.com', port=443): Max retries exceeded with url: /v1/forecast?latitude=18.5912&longitude=73.7389&current_weather=True&hourly=relativehumidity_2m%2Cprecipitation%2Csurface_pressure (Caused by ConnectTimeoutError(<urllib3.connection.HTTPSConnection object at 0x7374bf7bc170>, 'Connection to api.open-meteo.com timed out. (connect timeout=10)'))
 -> Sent Weather | Zone: Hinjewadi     | Temp: 31.8°C | Humidity: 59%
⚠️ API Fetch error: HTTPSConnectionPool(host='api.open-meteo.com', port=443): Max retries exceeded with url: /v1/forecast?latitude=18.5236&longitude=73.8478&current_weather=True&hourly=relativehumidity_2m%2Cprecipitation%2Csurface_pressure (Caused by ConnectTimeoutError(<urllib3.connection.HTTPSConnection object at 0x7374bf7bd6d0>, 'Connection to api.open-meteo.com timed out. (connect timeout=10)'))
 -> Sent Weather | Zone: FC Road       | Temp: 32.0°C | Humidity: 60%
⚠️ API Fetch error: HTTPSConnectionPool(host='api.open-meteo.com', port=443): Max retries exceeded with url: /v1/forecast?latitude=18.5074&longitude=73.8077&current_weather=True&hourly=relativehumidity_2m%2Cprecipitation%2Csurface_pressure (Caused by NameResolutionError("<urllib3.connection.HTTPSConnection object at 0x7374bf7bcf80>: Failed to resolve 'api.open-meteo.com' ([Errno -2] Name or service not known)"))
 -> Sent Weather | Zone: Kothrud       | Temp: 31.8°C | Humidity: 59%
⚠️ API Fetch error: HTTPSConnectionPool(host='api.open-meteo.com', port=443): Max retries exceeded with url: /v1/forecast?latitude=18.5089&longitude=73.926&current_weather=True&hourly=relativehumidity_2m%2Cprecipitation%2Csurface_pressure (Caused by ConnectTimeoutError(<urllib3.connection.HTTPSConnection object at 0x7374bf7e8650>, 'Connection to api.open-meteo.com timed out. (connect timeout=10)'))
 -> Sent Weather | Zone: Hadapsar      | Temp: 32.2°C | Humidity: 60%
⚠️ API Fetch error: HTTPSConnectionPool(host='api.open-meteo.com', port=443): Max retries exceeded with url: /v1/forecast?latitude=18.5308&longitude=73.8474&current_weather=True&hourly=relativehumidity_2m%2Cprecipitation%2Csurface_pressure (Caused by ConnectTimeoutError(<urllib3.connection.HTTPSConnection object at 0x7374bf7be570>, 'Connection to api.open-meteo.com timed out. (connect timeout=10)'))
 -> Sent Weather | Zone: Shivajinagar  | Temp: 31.7°C | Humidity: 59%

--- Emitting Weather Window: 18:13:24 ---
⚠️ API Fetch error: ('Connection aborted.', RemoteDisconnected('Remote end closed connection without response'))
 -> Sent Weather | Zone: Hinjewadi     | Temp: 31.7°C | Humidity: 59%
⚠️ API Fetch error: ('Connection aborted.', RemoteDisconnected('Remote end closed connection without response'))
 -> Sent Weather | Zone: FC Road       | Temp: 32.2°C | Humidity: 60%
 -> Sent Weather | Zone: Kothrud       | Temp: 31.2°C | Humidity: 94%
 -> Sent Weather | Zone: Hadapsar      | Temp: 32.5°C | Humidity: 87%
 -> Sent Weather | Zone: Shivajinagar  | Temp: 32.0°C | Humidity: 91%

--- Emitting Weather Window: 18:14:17 ---
 -> Sent Weather | Zone: Hinjewadi     | Temp: 31.5°C | Humidity: 92%
 -> Sent Weather | Zone: FC Road       | Temp: 31.8°C | Humidity: 91%
 -> Sent Weather | Zone: Kothrud       | Temp: 30.9°C | Humidity: 93%
 -> Sent Weather | Zone: Hadapsar      | Temp: 32.4°C | Humidity: 87%
 -> Sent Weather | Zone: Shivajinagar  | Temp: 31.6°C | Humidity: 90%

--- Emitting Weather Window: 18:14:37 ---
 -> Sent Weather | Zone: Hinjewadi     | Temp: 31.7°C | Humidity: 92%
 -> Sent Weather | Zone: FC Road       | Temp: 31.8°C | Humidity: 90%
 -> Sent Weather | Zone: Kothrud       | Temp: 31.2°C | Humidity: 94%
 -> Sent Weather | Zone: Hadapsar      | Temp: 32.7°C | Humidity: 88%
 -> Sent Weather | Zone: Shivajinagar  | Temp: 31.7°C | Humidity: 90%

--- Emitting Weather Window: 18:14:56 ---
 -> Sent Weather | Zone: Hinjewadi     | Temp: 31.7°C | Humidity: 92%
⚠️ API Fetch error: HTTPSConnectionPool(host='api.open-meteo.com', port=443): Read timed out. (read timeout=10)
 -> Sent Weather | Zone: FC Road       | Temp: 32.2°C | Humidity: 60%
 -> Sent Weather | Zone: Kothrud       | Temp: 30.9°C | Humidity: 94%
 -> Sent Weather | Zone: Hadapsar      | Temp: 32.2°C | Humidity: 88%
 -> Sent Weather | Zone: Shivajinagar  | Temp: 31.1°C | Humidity: 90%

--- Emitting Weather Window: 18:15:25 ---
 -> Sent Weather | Zone: Hinjewadi     | Temp: 31.5°C | Humidity: 92%
 -> Sent Weather | Zone: FC Road       | Temp: 31.2°C | Humidity: 90%
⚠️ API Fetch error: HTTPSConnectionPool(host='api.open-meteo.com', port=443): Max retries exceeded with url: /v1/forecast?latitude=18.5074&longitude=73.8077&current_weather=True&hourly=relativehumidity_2m%2Cprecipitation%2Csurface_pressure (Caused by ConnectTimeoutError(<urllib3.connection.HTTPSConnection object at 0x7374bf7bd490>, 'Connection to api.open-meteo.com timed out. (connect timeout=10)'))
 -> Sent Weather | Zone: Kothrud       | Temp: 32.2°C | Humidity: 60%
⚠️ API Fetch error: HTTPSConnectionPool(host='api.open-meteo.com', port=443): Read timed out. (read timeout=10)
 -> Sent Weather | Zone: Hadapsar      | Temp: 31.7°C | Humidity: 59%
⚠️ API Fetch error: HTTPSConnectionPool(host='api.open-meteo.com', port=443): Max retries exceeded with url: /v1/forecast?latitude=18.5308&longitude=73.8474&current_weather=True&hourly=relativehumidity_2m%2Cprecipitation%2Csurface_pressure (Caused by NameResolutionError("<urllib3.connection.HTTPSConnection object at 0x7374bf7bc650>: Failed to resolve 'api.open-meteo.com' ([Errno -2] Name or service not known)"))
 -> Sent Weather | Zone: Shivajinagar  | Temp: 31.7°C | Humidity: 59%

--- Emitting Weather Window: 18:16:31 ---
⚠️ API Fetch error: HTTPSConnectionPool(host='api.open-meteo.com', port=443): Max retries exceeded with url: /v1/forecast?latitude=18.5912&longitude=73.7389&current_weather=True&hourly=relativehumidity_2m%2Cprecipitation%2Csurface_pressure (Caused by NameResolutionError("<urllib3.connection.HTTPSConnection object at 0x7374bf7e9f10>: Failed to resolve 'api.open-meteo.com' ([Errno -2] Name or service not known)"))
 -> Sent Weather | Zone: Hinjewadi     | Temp: 32.1°C | Humidity: 60%
⚠️ API Fetch error: HTTPSConnectionPool(host='api.open-meteo.com', port=443): Max retries exceeded with url: /v1/forecast?latitude=18.5236&longitude=73.8478&current_weather=True&hourly=relativehumidity_2m%2Cprecipitation%2Csurface_pressure (Caused by ConnectTimeoutError(<urllib3.connection.HTTPSConnection object at 0x7374bf7be0c0>, 'Connection to api.open-meteo.com timed out. (connect timeout=10)'))
 -> Sent Weather | Zone: FC Road       | Temp: 32.3°C | Humidity: 60%
 -> Sent Weather | Zone: Kothrud       | Temp: 31.5°C | Humidity: 94%
 -> Sent Weather | Zone: Hadapsar      | Temp: 31.9°C | Humidity: 88%
 -> Sent Weather | Zone: Shivajinagar  | Temp: 30.8°C | Humidity: 90%

--- Emitting Weather Window: 18:17:31 ---
 -> Sent Weather | Zone: Hinjewadi     | Temp: 32.1°C | Humidity: 92%
 -> Sent Weather | Zone: FC Road       | Temp: 31.0°C | Humidity: 90%
 -> Sent Weather | Zone: Kothrud       | Temp: 31.4°C | Humidity: 94%
 -> Sent Weather | Zone: Hadapsar      | Temp: 31.9°C | Humidity: 88%
 -> Sent Weather | Zone: Shivajinagar  | Temp: 31.4°C | Humidity: 91%

--- Emitting Weather Window: 18:17:50 ---
 -> Sent Weather | Zone: Hinjewadi     | Temp: 31.8°C | Humidity: 91%
 -> Sent Weather | Zone: FC Road       | Temp: 31.1°C | Humidity: 91%
 -> Sent Weather | Zone: Kothrud       | Temp: 31.0°C | Humidity: 93%
 -> Sent Weather | Zone: Hadapsar      | Temp: 31.6°C | Humidity: 87%
 -> Sent Weather | Zone: Shivajinagar  | Temp: 31.3°C | Humidity: 91%

--- Emitting Weather Window: 18:18:09 ---
 -> Sent Weather | Zone: Hinjewadi     | Temp: 32.2°C | Humidity: 92%
 -> Sent Weather | Zone: FC Road       | Temp: 31.0°C | Humidity: 90%
 -> Sent Weather | Zone: Kothrud       | Temp: 31.1°C | Humidity: 93%
 -> Sent Weather | Zone: Hadapsar      | Temp: 31.7°C | Humidity: 87%
 -> Sent Weather | Zone: Shivajinagar  | Temp: 31.2°C | Humidity: 91%

--- Emitting Weather Window: 18:18:28 ---
 -> Sent Weather | Zone: Hinjewadi     | Temp: 31.7°C | Humidity: 91%
 -> Sent Weather | Zone: FC Road       | Temp: 31.2°C | Humidity: 91%
 -> Sent Weather | Zone: Kothrud       | Temp: 30.9°C | Humidity: 93%
 -> Sent Weather | Zone: Hadapsar      | Temp: 32.0°C | Humidity: 88%
 -> Sent Weather | Zone: Shivajinagar  | Temp: 31.0°C | Humidity: 90%

--- Emitting Weather Window: 18:18:48 ---
 -> Sent Weather | Zone: Hinjewadi     | Temp: 31.8°C | Humidity: 91%
 -> Sent Weather | Zone: FC Road       | Temp: 31.2°C | Humidity: 91%
 -> Sent Weather | Zone: Kothrud       | Temp: 31.3°C | Humidity: 94%
 -> Sent Weather | Zone: Hadapsar      | Temp: 31.6°C | Humidity: 87%
 -> Sent Weather | Zone: Shivajinagar  | Temp: 31.3°C | Humidity: 91%

--- Emitting Weather Window: 18:19:08 ---
 -> Sent Weather | Zone: Hinjewadi     | Temp: 32.1°C | Humidity: 92%
 -> Sent Weather | Zone: FC Road       | Temp: 31.2°C | Humidity: 91%
 -> Sent Weather | Zone: Kothrud       | Temp: 31.2°C | Humidity: 93%
 -> Sent Weather | Zone: Hadapsar      | Temp: 31.8°C | Humidity: 88%
 -> Sent Weather | Zone: Shivajinagar  | Temp: 31.2°C | Humidity: 91%

--- Emitting Weather Window: 18:19:27 ---
 -> Sent Weather | Zone: Hinjewadi     | Temp: 31.9°C | Humidity: 92%
 -> Sent Weather | Zone: FC Road       | Temp: 31.2°C | Humidity: 91%
 -> Sent Weather | Zone: Kothrud       | Temp: 31.5°C | Humidity: 94%
 -> Sent Weather | Zone: Hadapsar      | Temp: 31.9°C | Humidity: 88%
 -> Sent Weather | Zone: Shivajinagar  | Temp: 31.2°C | Humidity: 91%

--- Emitting Weather Window: 18:19:46 ---
 -> Sent Weather | Zone: Hinjewadi     | Temp: 31.7°C | Humidity: 91%
 -> Sent Weather | Zone: FC Road       | Temp: 31.2°C | Humidity: 91%
 -> Sent Weather | Zone: Kothrud       | Temp: 31.2°C | Humidity: 93%
 -> Sent Weather | Zone: Hadapsar      | Temp: 31.9°C | Humidity: 88%
 -> Sent Weather | Zone: Shivajinagar  | Temp: 31.1°C | Humidity: 90%

--- Emitting Weather Window: 18:20:05 ---
 -> Sent Weather | Zone: Hinjewadi     | Temp: 32.0°C | Humidity: 92%
 -> Sent Weather | Zone: FC Road       | Temp: 31.3°C | Humidity: 91%
 -> Sent Weather | Zone: Kothrud       | Temp: 31.5°C | Humidity: 94%
 -> Sent Weather | Zone: Hadapsar      | Temp: 31.6°C | Humidity: 87%
 -> Sent Weather | Zone: Shivajinagar  | Temp: 31.3°C | Humidity: 91%

--- Emitting Weather Window: 18:20:35 ---
⚠️ API Fetch error: HTTPSConnectionPool(host='api.open-meteo.com', port=443): Read timed out. (read timeout=10)
 -> Sent Weather | Zone: Hinjewadi     | Temp: 31.8°C | Humidity: 59%
 -> Sent Weather | Zone: FC Road       | Temp: 30.8°C | Humidity: 90%
 -> Sent Weather | Zone: Kothrud       | Temp: 31.1°C | Humidity: 93%
 -> Sent Weather | Zone: Hadapsar      | Temp: 31.8°C | Humidity: 88%
 -> Sent Weather | Zone: Shivajinagar  | Temp: 31.0°C | Humidity: 90%

--- Emitting Weather Window: 18:21:03 ---
 -> Sent Weather | Zone: Hinjewadi     | Temp: 32.1°C | Humidity: 92%
 -> Sent Weather | Zone: FC Road       | Temp: 30.8°C | Humidity: 90%
 -> Sent Weather | Zone: Kothrud       | Temp: 31.1°C | Humidity: 93%
 -> Sent Weather | Zone: Hadapsar      | Temp: 31.6°C | Humidity: 87%
 -> Sent Weather | Zone: Shivajinagar  | Temp: 31.3°C | Humidity: 91%

--- Emitting Weather Window: 18:21:23 ---
 -> Sent Weather | Zone: Hinjewadi     | Temp: 32.1°C | Humidity: 92%
 -> Sent Weather | Zone: FC Road       | Temp: 31.2°C | Humidity: 91%
 -> Sent Weather | Zone: Kothrud       | Temp: 31.0°C | Humidity: 93%
 -> Sent Weather | Zone: Hadapsar      | Temp: 31.5°C | Humidity: 87%
 -> Sent Weather | Zone: Shivajinagar  | Temp: 30.9°C | Humidity: 90%

--- Emitting Weather Window: 18:21:42 ---
 -> Sent Weather | Zone: Hinjewadi     | Temp: 31.6°C | Humidity: 91%
 -> Sent Weather | Zone: FC Road       | Temp: 31.4°C | Humidity: 91%
 -> Sent Weather | Zone: Kothrud       | Temp: 31.2°C | Humidity: 94%
 -> Sent Weather | Zone: Hadapsar      | Temp: 31.8°C | Humidity: 88%
 -> Sent Weather | Zone: Shivajinagar  | Temp: 30.9°C | Humidity: 90%

--- Emitting Weather Window: 18:22:01 ---
 -> Sent Weather | Zone: Hinjewadi     | Temp: 32.1°C | Humidity: 92%
 -> Sent Weather | Zone: FC Road       | Temp: 31.2°C | Humidity: 91%
 -> Sent Weather | Zone: Kothrud       | Temp: 31.2°C | Humidity: 94%
 -> Sent Weather | Zone: Hadapsar      | Temp: 31.8°C | Humidity: 88%
 -> Sent Weather | Zone: Shivajinagar  | Temp: 31.3°C | Humidity: 91%

--- Emitting Weather Window: 18:22:20 ---
 -> Sent Weather | Zone: Hinjewadi     | Temp: 32.2°C | Humidity: 92%
 -> Sent Weather | Zone: FC Road       | Temp: 30.8°C | Humidity: 90%
 -> Sent Weather | Zone: Kothrud       | Temp: 31.4°C | Humidity: 94%
 -> Sent Weather | Zone: Hadapsar      | Temp: 32.1°C | Humidity: 88%
 -> Sent Weather | Zone: Shivajinagar  | Temp: 31.2°C | Humidity: 91%

--- Emitting Weather Window: 18:22:39 ---
 -> Sent Weather | Zone: Hinjewadi     | Temp: 31.9°C | Humidity: 91%
 -> Sent Weather | Zone: FC Road       | Temp: 31.3°C | Humidity: 91%
 -> Sent Weather | Zone: Kothrud       | Temp: 31.0°C | Humidity: 93%
 -> Sent Weather | Zone: Hadapsar      | Temp: 32.0°C | Humidity: 88%
 -> Sent Weather | Zone: Shivajinagar  | Temp: 30.9°C | Humidity: 90%

--- Emitting Weather Window: 18:22:58 ---
 -> Sent Weather | Zone: Hinjewadi     | Temp: 32.1°C | Humidity: 92%
 -> Sent Weather | Zone: FC Road       | Temp: 31.3°C | Humidity: 91%
 -> Sent Weather | Zone: Kothrud       | Temp: 31.0°C | Humidity: 93%
 -> Sent Weather | Zone: Hadapsar      | Temp: 31.6°C | Humidity: 87%
 -> Sent Weather | Zone: Shivajinagar  | Temp: 31.3°C | Humidity: 91%

--- Emitting Weather Window: 18:23:18 ---
 -> Sent Weather | Zone: Hinjewadi     | Temp: 31.9°C | Humidity: 91%
 -> Sent Weather | Zone: FC Road       | Temp: 30.9°C | Humidity: 90%
 -> Sent Weather | Zone: Kothrud       | Temp: 30.9°C | Humidity: 93%
 -> Sent Weather | Zone: Hadapsar      | Temp: 31.8°C | Humidity: 87%
 -> Sent Weather | Zone: Shivajinagar  | Temp: 31.1°C | Humidity: 91%

--- Emitting Weather Window: 18:23:37 ---
 -> Sent Weather | Zone: Hinjewadi     | Temp: 31.6°C | Humidity: 91%
 -> Sent Weather | Zone: FC Road       | Temp: 30.8°C | Humidity: 90%
 -> Sent Weather | Zone: Kothrud       | Temp: 31.4°C | Humidity: 94%
 -> Sent Weather | Zone: Hadapsar      | Temp: 31.6°C | Humidity: 87%
 -> Sent Weather | Zone: Shivajinagar  | Temp: 31.1°C | Humidity: 91%

--- Emitting Weather Window: 18:23:56 ---
 -> Sent Weather | Zone: Hinjewadi     | Temp: 31.9°C | Humidity: 92%
 -> Sent Weather | Zone: FC Road       | Temp: 31.1°C | Humidity: 91%
 -> Sent Weather | Zone: Kothrud       | Temp: 31.3°C | Humidity: 94%
 -> Sent Weather | Zone: Hadapsar      | Temp: 32.0°C | Humidity: 88%
 -> Sent Weather | Zone: Shivajinagar  | Temp: 31.3°C | Humidity: 91%

--- Emitting Weather Window: 18:24:15 ---
 -> Sent Weather | Zone: Hinjewadi     | Temp: 31.7°C | Humidity: 91%
 -> Sent Weather | Zone: FC Road       | Temp: 31.2°C | Humidity: 91%
 -> Sent Weather | Zone: Kothrud       | Temp: 31.5°C | Humidity: 94%
 -> Sent Weather | Zone: Hadapsar      | Temp: 32.0°C | Humidity: 88%
 -> Sent Weather | Zone: Shivajinagar  | Temp: 31.3°C | Humidity: 91%

--- Emitting Weather Window: 18:24:34 ---
 -> Sent Weather | Zone: Hinjewadi     | Temp: 32.1°C | Humidity: 92%
 -> Sent Weather | Zone: FC Road       | Temp: 31.2°C | Humidity: 91%
 -> Sent Weather | Zone: Kothrud       | Temp: 31.1°C | Humidity: 93%
 -> Sent Weather | Zone: Hadapsar      | Temp: 32.1°C | Humidity: 88%
 -> Sent Weather | Zone: Shivajinagar  | Temp: 30.8°C | Humidity: 90%

--- Emitting Weather Window: 18:24:53 ---
 -> Sent Weather | Zone: Hinjewadi     | Temp: 32.0°C | Humidity: 92%
 -> Sent Weather | Zone: FC Road       | Temp: 31.3°C | Humidity: 91%
 -> Sent Weather | Zone: Kothrud       | Temp: 31.0°C | Humidity: 93%
 -> Sent Weather | Zone: Hadapsar      | Temp: 32.0°C | Humidity: 88%
 -> Sent Weather | Zone: Shivajinagar  | Temp: 31.1°C | Humidity: 91%

--- Emitting Weather Window: 18:25:13 ---
 -> Sent Weather | Zone: Hinjewadi     | Temp: 32.2°C | Humidity: 92%
 -> Sent Weather | Zone: FC Road       | Temp: 31.2°C | Humidity: 91%
 -> Sent Weather | Zone: Kothrud       | Temp: 31.4°C | Humidity: 94%
 -> Sent Weather | Zone: Hadapsar      | Temp: 31.5°C | Humidity: 87%
 -> Sent Weather | Zone: Shivajinagar  | Temp: 31.2°C | Humidity: 91%

--- Emitting Weather Window: 18:25:32 ---
 -> Sent Weather | Zone: Hinjewadi     | Temp: 32.0°C | Humidity: 92%
 -> Sent Weather | Zone: FC Road       | Temp: 30.8°C | Humidity: 90%
 -> Sent Weather | Zone: Kothrud       | Temp: 31.0°C | Humidity: 93%
 -> Sent Weather | Zone: Hadapsar      | Temp: 32.0°C | Humidity: 88%
 -> Sent Weather | Zone: Shivajinagar  | Temp: 31.1°C | Humidity: 90%

--- Emitting Weather Window: 18:25:51 ---
 -> Sent Weather | Zone: Hinjewadi     | Temp: 32.0°C | Humidity: 92%
 -> Sent Weather | Zone: FC Road       | Temp: 31.0°C | Humidity: 90%
 -> Sent Weather | Zone: Kothrud       | Temp: 31.4°C | Humidity: 94%
 -> Sent Weather | Zone: Hadapsar      | Temp: 31.8°C | Humidity: 88%
 -> Sent Weather | Zone: Shivajinagar  | Temp: 31.1°C | Humidity: 90%

--- Emitting Weather Window: 18:26:10 ---
 -> Sent Weather | Zone: Hinjewadi     | Temp: 31.7°C | Humidity: 91%
 -> Sent Weather | Zone: FC Road       | Temp: 31.4°C | Humidity: 91%
 -> Sent Weather | Zone: Kothrud       | Temp: 31.3°C | Humidity: 94%
 -> Sent Weather | Zone: Hadapsar      | Temp: 31.7°C | Humidity: 87%
 -> Sent Weather | Zone: Shivajinagar  | Temp: 31.3°C | Humidity: 91%

--- Emitting Weather Window: 18:26:30 ---
 -> Sent Weather | Zone: Hinjewadi     | Temp: 32.0°C | Humidity: 92%
 -> Sent Weather | Zone: FC Road       | Temp: 30.9°C | Humidity: 90%
 -> Sent Weather | Zone: Kothrud       | Temp: 31.0°C | Humidity: 93%
 -> Sent Weather | Zone: Hadapsar      | Temp: 31.8°C | Humidity: 87%
 -> Sent Weather | Zone: Shivajinagar  | Temp: 31.1°C | Humidity: 90%

--- Emitting Weather Window: 18:26:51 ---
 -> Sent Weather | Zone: Hinjewadi     | Temp: 31.6°C | Humidity: 91%
 -> Sent Weather | Zone: FC Road       | Temp: 31.3°C | Humidity: 91%
 -> Sent Weather | Zone: Kothrud       | Temp: 31.3°C | Humidity: 94%
 -> Sent Weather | Zone: Hadapsar      | Temp: 31.9°C | Humidity: 88%
 -> Sent Weather | Zone: Shivajinagar  | Temp: 31.2°C | Humidity: 91%

--- Emitting Weather Window: 18:27:11 ---
 -> Sent Weather | Zone: Hinjewadi     | Temp: 31.9°C | Humidity: 92%
 -> Sent Weather | Zone: FC Road       | Temp: 31.2°C | Humidity: 91%
 -> Sent Weather | Zone: Kothrud       | Temp: 30.9°C | Humidity: 93%
 -> Sent Weather | Zone: Hadapsar      | Temp: 31.6°C | Humidity: 87%
 -> Sent Weather | Zone: Shivajinagar  | Temp: 31.0°C | Humidity: 90%

--- Emitting Weather Window: 18:27:30 ---
 -> Sent Weather | Zone: Hinjewadi     | Temp: 31.9°C | Humidity: 92%
 -> Sent Weather | Zone: FC Road       | Temp: 31.2°C | Humidity: 91%
 -> Sent Weather | Zone: Kothrud       | Temp: 31.4°C | Humidity: 94%
 -> Sent Weather | Zone: Hadapsar      | Temp: 31.8°C | Humidity: 88%
 -> Sent Weather | Zone: Shivajinagar  | Temp: 31.3°C | Humidity: 91%

--- Emitting Weather Window: 18:27:49 ---
 -> Sent Weather | Zone: Hinjewadi     | Temp: 32.1°C | Humidity: 92%
 -> Sent Weather | Zone: FC Road       | Temp: 31.2°C | Humidity: 91%
 -> Sent Weather | Zone: Kothrud       | Temp: 31.4°C | Humidity: 94%
 -> Sent Weather | Zone: Hadapsar      | Temp: 31.6°C | Humidity: 87%
 -> Sent Weather | Zone: Shivajinagar  | Temp: 31.1°C | Humidity: 91%

--- Emitting Weather Window: 18:28:09 ---
 -> Sent Weather | Zone: Hinjewadi     | Temp: 31.7°C | Humidity: 91%
 -> Sent Weather | Zone: FC Road       | Temp: 31.2°C | Humidity: 91%
 -> Sent Weather | Zone: Kothrud       | Temp: 31.3°C | Humidity: 94%
 -> Sent Weather | Zone: Hadapsar      | Temp: 32.0°C | Humidity: 88%
 -> Sent Weather | Zone: Shivajinagar  | Temp: 31.3°C | Humidity: 91%

--- Emitting Weather Window: 18:28:28 ---
 -> Sent Weather | Zone: Hinjewadi     | Temp: 31.8°C | Humidity: 91%
 -> Sent Weather | Zone: FC Road       | Temp: 31.3°C | Humidity: 91%
 -> Sent Weather | Zone: Kothrud       | Temp: 31.3°C | Humidity: 94%
 -> Sent Weather | Zone: Hadapsar      | Temp: 31.9°C | Humidity: 88%
 -> Sent Weather | Zone: Shivajinagar  | Temp: 31.0°C | Humidity: 90%

--- Emitting Weather Window: 18:28:47 ---
 -> Sent Weather | Zone: Hinjewadi     | Temp: 32.1°C | Humidity: 92%
 -> Sent Weather | Zone: FC Road       | Temp: 31.0°C | Humidity: 90%
 -> Sent Weather | Zone: Kothrud       | Temp: 30.9°C | Humidity: 93%
 -> Sent Weather | Zone: Hadapsar      | Temp: 32.1°C | Humidity: 88%
 -> Sent Weather | Zone: Shivajinagar  | Temp: 31.0°C | Humidity: 90%

--- Emitting Weather Window: 18:29:07 ---
 -> Sent Weather | Zone: Hinjewadi     | Temp: 31.8°C | Humidity: 91%
 -> Sent Weather | Zone: FC Road       | Temp: 31.0°C | Humidity: 90%
 -> Sent Weather | Zone: Kothrud       | Temp: 31.3°C | Humidity: 94%
 -> Sent Weather | Zone: Hadapsar      | Temp: 32.1°C | Humidity: 88%
 -> Sent Weather | Zone: Shivajinagar  | Temp: 31.4°C | Humidity: 91%

--- Emitting Weather Window: 18:29:26 ---
 -> Sent Weather | Zone: Hinjewadi     | Temp: 31.7°C | Humidity: 91%
 -> Sent Weather | Zone: FC Road       | Temp: 30.8°C | Humidity: 90%
 -> Sent Weather | Zone: Kothrud       | Temp: 31.0°C | Humidity: 93%
 -> Sent Weather | Zone: Hadapsar      | Temp: 31.8°C | Humidity: 87%
 -> Sent Weather | Zone: Shivajinagar  | Temp: 30.8°C | Humidity: 90%

--- Emitting Weather Window: 18:29:45 ---
 -> Sent Weather | Zone: Hinjewadi     | Temp: 32.2°C | Humidity: 92%
 -> Sent Weather | Zone: FC Road       | Temp: 30.8°C | Humidity: 90%
 -> Sent Weather | Zone: Kothrud       | Temp: 31.1°C | Humidity: 93%
 -> Sent Weather | Zone: Hadapsar      | Temp: 31.9°C | Humidity: 88%
 -> Sent Weather | Zone: Shivajinagar  | Temp: 31.1°C | Humidity: 90%

--- Emitting Weather Window: 18:30:06 ---
 -> Sent Weather | Zone: Hinjewadi     | Temp: 32.1°C | Humidity: 60%
 -> Sent Weather | Zone: FC Road       | Temp: 32.0°C | Humidity: 59%
 -> Sent Weather | Zone: Kothrud       | Temp: 31.0°C | Humidity: 94%
 -> Sent Weather | Zone: Hadapsar      | Temp: 31.6°C | Humidity: 87%
 -> Sent Weather | Zone: Shivajinagar  | Temp: 31.1°C | Humidity: 91%

--- Emitting Weather Window: 18:30:46 ---
 -> Sent Weather | Zone: Hinjewadi     | Temp: 31.9°C | Humidity: 92%
 -> Sent Weather | Zone: FC Road       | Temp: 30.9°C | Humidity: 90%
 -> Sent Weather | Zone: Kothrud       | Temp: 30.8°C | Humidity: 93%
 -> Sent Weather | Zone: Hadapsar      | Temp: 31.8°C | Humidity: 87%
 -> Sent Weather | Zone: Shivajinagar  | Temp: 31.1°C | Humidity: 91%

--- Emitting Weather Window: 18:31:10 ---
 -> Sent Weather | Zone: Hinjewadi     | Temp: 31.3°C | Humidity: 91%
 -> Sent Weather | Zone: FC Road       | Temp: 31.3°C | Humidity: 91%
 -> Sent Weather | Zone: Kothrud       | Temp: 31.1°C | Humidity: 94%
 -> Sent Weather | Zone: Hadapsar      | Temp: 31.5°C | Humidity: 87%
 -> Sent Weather | Zone: Shivajinagar  | Temp: 30.7°C | Humidity: 90%

--- Emitting Weather Window: 18:31:32 ---
 -> Sent Weather | Zone: Hinjewadi     | Temp: 31.5°C | Humidity: 91%
 -> Sent Weather | Zone: FC Road       | Temp: 30.9°C | Humidity: 90%
 -> Sent Weather | Zone: Kothrud       | Temp: 30.6°C | Humidity: 93%
 -> Sent Weather | Zone: Hadapsar      | Temp: 32.0°C | Humidity: 88%
 -> Sent Weather | Zone: Shivajinagar  | Temp: 31.2°C | Humidity: 91%

--- Emitting Weather Window: 18:31:52 ---
 -> Sent Weather | Zone: Hinjewadi     | Temp: 31.3°C | Humidity: 91%
 -> Sent Weather | Zone: FC Road       | Temp: 31.2°C | Humidity: 91%
 -> Sent Weather | Zone: Kothrud       | Temp: 31.0°C | Humidity: 94%
 -> Sent Weather | Zone: Hadapsar      | Temp: 31.7°C | Humidity: 87%
 -> Sent Weather | Zone: Shivajinagar  | Temp: 31.0°C | Humidity: 90%

--- Emitting Weather Window: 18:32:11 ---
 -> Sent Weather | Zone: Hinjewadi     | Temp: 31.4°C | Humidity: 91%
 -> Sent Weather | Zone: FC Road       | Temp: 31.0°C | Humidity: 90%
 -> Sent Weather | Zone: Kothrud       | Temp: 30.8°C | Humidity: 93%
 -> Sent Weather | Zone: Hadapsar      | Temp: 32.0°C | Humidity: 88%
 -> Sent Weather | Zone: Shivajinagar  | Temp: 31.2°C | Humidity: 91%

--- Emitting Weather Window: 18:32:30 ---
 -> Sent Weather | Zone: Hinjewadi     | Temp: 31.4°C | Humidity: 91%
 -> Sent Weather | Zone: FC Road       | Temp: 31.1°C | Humidity: 91%
 -> Sent Weather | Zone: Kothrud       | Temp: 30.8°C | Humidity: 93%
 -> Sent Weather | Zone: Hadapsar      | Temp: 32.0°C | Humidity: 88%
 -> Sent Weather | Zone: Shivajinagar  | Temp: 31.1°C | Humidity: 91%

--- Emitting Weather Window: 18:32:50 ---
 -> Sent Weather | Zone: Hinjewadi     | Temp: 31.5°C | Humidity: 91%
⚠️ API Fetch error: HTTPSConnectionPool(host='api.open-meteo.com', port=443): Read timed out. (read timeout=10)
 -> Sent Weather | Zone: FC Road       | Temp: 32.0°C | Humidity: 59%
 -> Sent Weather | Zone: Kothrud       | Temp: 31.1°C | Humidity: 94%
 -> Sent Weather | Zone: Hadapsar      | Temp: 31.7°C | Humidity: 87%
 -> Sent Weather | Zone: Shivajinagar  | Temp: 31.2°C | Humidity: 91%

--- Emitting Weather Window: 18:33:18 ---
 -> Sent Weather | Zone: Hinjewadi     | Temp: 31.7°C | Humidity: 92%
 -> Sent Weather | Zone: FC Road       | Temp: 30.9°C | Humidity: 90%
 -> Sent Weather | Zone: Kothrud       | Temp: 30.7°C | Humidity: 93%
 -> Sent Weather | Zone: Hadapsar      | Temp: 31.9°C | Humidity: 88%
 -> Sent Weather | Zone: Shivajinagar  | Temp: 30.7°C | Humidity: 90%

--- Emitting Weather Window: 18:33:38 ---
 -> Sent Weather | Zone: Hinjewadi     | Temp: 31.6°C | Humidity: 91%
 -> Sent Weather | Zone: FC Road       | Temp: 31.3°C | Humidity: 91%
 -> Sent Weather | Zone: Kothrud       | Temp: 31.0°C | Humidity: 94%
 -> Sent Weather | Zone: Hadapsar      | Temp: 32.0°C | Humidity: 88%
 -> Sent Weather | Zone: Shivajinagar  | Temp: 31.3°C | Humidity: 91%

--- Emitting Weather Window: 18:33:57 ---
 -> Sent Weather | Zone: Hinjewadi     | Temp: 31.9°C | Humidity: 92%
 -> Sent Weather | Zone: FC Road       | Temp: 30.9°C | Humidity: 90%
 -> Sent Weather | Zone: Kothrud       | Temp: 30.6°C | Humidity: 93%
 -> Sent Weather | Zone: Hadapsar      | Temp: 31.5°C | Humidity: 87%
 -> Sent Weather | Zone: Shivajinagar  | Temp: 30.8°C | Humidity: 90%

--- Emitting Weather Window: 18:34:16 ---
 -> Sent Weather | Zone: Hinjewadi     | Temp: 31.6°C | Humidity: 91%
 -> Sent Weather | Zone: FC Road       | Temp: 31.0°C | Humidity: 91%
 -> Sent Weather | Zone: Kothrud       | Temp: 31.1°C | Humidity: 94%
 -> Sent Weather | Zone: Hadapsar      | Temp: 31.5°C | Humidity: 87%
 -> Sent Weather | Zone: Shivajinagar  | Temp: 31.2°C | Humidity: 91%

--- Emitting Weather Window: 18:34:36 ---
 -> Sent Weather | Zone: Hinjewadi     | Temp: 31.5°C | Humidity: 91%
 -> Sent Weather | Zone: FC Road       | Temp: 30.9°C | Humidity: 90%
 -> Sent Weather | Zone: Kothrud       | Temp: 30.6°C | Humidity: 93%
 -> Sent Weather | Zone: Hadapsar      | Temp: 31.5°C | Humidity: 87%
 -> Sent Weather | Zone: Shivajinagar  | Temp: 30.9°C | Humidity: 90%

--- Emitting Weather Window: 18:34:55 ---
 -> Sent Weather | Zone: Hinjewadi     | Temp: 31.3°C | Humidity: 91%
 -> Sent Weather | Zone: FC Road       | Temp: 31.2°C | Humidity: 91%
 -> Sent Weather | Zone: Kothrud       | Temp: 31.1°C | Humidity: 94%
 -> Sent Weather | Zone: Hadapsar      | Temp: 32.0°C | Humidity: 88%
 -> Sent Weather | Zone: Shivajinagar  | Temp: 30.8°C | Humidity: 90%

--- Emitting Weather Window: 18:35:14 ---
 -> Sent Weather | Zone: Hinjewadi     | Temp: 31.5°C | Humidity: 91%
 -> Sent Weather | Zone: FC Road       | Temp: 31.0°C | Humidity: 91%
 -> Sent Weather | Zone: Kothrud       | Temp: 31.0°C | Humidity: 94%
 -> Sent Weather | Zone: Hadapsar      | Temp: 31.6°C | Humidity: 87%
 -> Sent Weather | Zone: Shivajinagar  | Temp: 30.7°C | Humidity: 90%

--- Emitting Weather Window: 18:35:33 ---
 -> Sent Weather | Zone: Hinjewadi     | Temp: 31.5°C | Humidity: 91%
 -> Sent Weather | Zone: FC Road       | Temp: 31.0°C | Humidity: 90%
 -> Sent Weather | Zone: Kothrud       | Temp: 30.6°C | Humidity: 93%
 -> Sent Weather | Zone: Hadapsar      | Temp: 31.7°C | Humidity: 87%
 -> Sent Weather | Zone: Shivajinagar  | Temp: 30.9°C | Humidity: 90%

--- Emitting Weather Window: 18:35:52 ---
 -> Sent Weather | Zone: Hinjewadi     | Temp: 31.3°C | Humidity: 91%
 -> Sent Weather | Zone: FC Road       | Temp: 30.8°C | Humidity: 90%
 -> Sent Weather | Zone: Kothrud       | Temp: 30.6°C | Humidity: 93%
 -> Sent Weather | Zone: Hadapsar      | Temp: 32.0°C | Humidity: 88%
 -> Sent Weather | Zone: Shivajinagar  | Temp: 30.9°C | Humidity: 90%

--- Emitting Weather Window: 18:36:12 ---
 -> Sent Weather | Zone: Hinjewadi     | Temp: 31.6°C | Humidity: 92%
 -> Sent Weather | Zone: FC Road       | Temp: 31.1°C | Humidity: 91%
 -> Sent Weather | Zone: Kothrud       | Temp: 30.7°C | Humidity: 93%
 -> Sent Weather | Zone: Hadapsar      | Temp: 31.8°C | Humidity: 88%
 -> Sent Weather | Zone: Shivajinagar  | Temp: 31.1°C | Humidity: 91%

--- Emitting Weather Window: 18:36:32 ---
 -> Sent Weather | Zone: Hinjewadi     | Temp: 31.9°C | Humidity: 92%
 -> Sent Weather | Zone: FC Road       | Temp: 31.1°C | Humidity: 91%
 -> Sent Weather | Zone: Kothrud       | Temp: 31.0°C | Humidity: 94%
 -> Sent Weather | Zone: Hadapsar      | Temp: 32.0°C | Humidity: 88%
 -> Sent Weather | Zone: Shivajinagar  | Temp: 31.0°C | Humidity: 91%

--- Emitting Weather Window: 18:36:51 ---
 -> Sent Weather | Zone: Hinjewadi     | Temp: 31.3°C | Humidity: 91%
 -> Sent Weather | Zone: FC Road       | Temp: 31.3°C | Humidity: 91%
 -> Sent Weather | Zone: Kothrud       | Temp: 30.9°C | Humidity: 94%
 -> Sent Weather | Zone: Hadapsar      | Temp: 32.1°C | Humidity: 88%
 -> Sent Weather | Zone: Shivajinagar  | Temp: 31.2°C | Humidity: 91%

--- Emitting Weather Window: 18:37:11 ---
 -> Sent Weather | Zone: Hinjewadi     | Temp: 31.7°C | Humidity: 92%
 -> Sent Weather | Zone: FC Road       | Temp: 31.2°C | Humidity: 91%
 -> Sent Weather | Zone: Kothrud       | Temp: 30.6°C | Humidity: 93%
 -> Sent Weather | Zone: Hadapsar      | Temp: 32.0°C | Humidity: 88%
 -> Sent Weather | Zone: Shivajinagar  | Temp: 31.2°C | Humidity: 91%

--- Emitting Weather Window: 18:37:30 ---
 -> Sent Weather | Zone: Hinjewadi     | Temp: 31.7°C | Humidity: 92%
 -> Sent Weather | Zone: FC Road       | Temp: 30.7°C | Humidity: 90%
 -> Sent Weather | Zone: Kothrud       | Temp: 30.9°C | Humidity: 93%
 -> Sent Weather | Zone: Hadapsar      | Temp: 31.5°C | Humidity: 87%
 -> Sent Weather | Zone: Shivajinagar  | Temp: 31.0°C | Humidity: 90%

--- Emitting Weather Window: 18:37:50 ---
 -> Sent Weather | Zone: Hinjewadi     | Temp: 31.3°C | Humidity: 91%
 -> Sent Weather | Zone: FC Road       | Temp: 31.3°C | Humidity: 91%
 -> Sent Weather | Zone: Kothrud       | Temp: 30.8°C | Humidity: 93%
 -> Sent Weather | Zone: Hadapsar      | Temp: 31.9°C | Humidity: 88%
 -> Sent Weather | Zone: Shivajinagar  | Temp: 30.9°C | Humidity: 90%

--- Emitting Weather Window: 18:38:09 ---
 -> Sent Weather | Zone: Hinjewadi     | Temp: 31.4°C | Humidity: 91%
 -> Sent Weather | Zone: FC Road       | Temp: 31.0°C | Humidity: 91%
 -> Sent Weather | Zone: Kothrud       | Temp: 31.0°C | Humidity: 94%
 -> Sent Weather | Zone: Hadapsar      | Temp: 31.9°C | Humidity: 88%
 -> Sent Weather | Zone: Shivajinagar  | Temp: 30.9°C | Humidity: 90%

--- Emitting Weather Window: 18:38:28 ---
 -> Sent Weather | Zone: Hinjewadi     | Temp: 31.8°C | Humidity: 92%
 -> Sent Weather | Zone: FC Road       | Temp: 31.2°C | Humidity: 91%
 -> Sent Weather | Zone: Kothrud       | Temp: 31.1°C | Humidity: 94%
 -> Sent Weather | Zone: Hadapsar      | Temp: 31.9°C | Humidity: 88%
 -> Sent Weather | Zone: Shivajinagar  | Temp: 30.8°C | Humidity: 90%

--- Emitting Weather Window: 18:38:47 ---
 -> Sent Weather | Zone: Hinjewadi     | Temp: 31.5°C | Humidity: 91%
 -> Sent Weather | Zone: FC Road       | Temp: 31.1°C | Humidity: 91%
 -> Sent Weather | Zone: Kothrud       | Temp: 30.9°C | Humidity: 93%
 -> Sent Weather | Zone: Hadapsar      | Temp: 32.0°C | Humidity: 88%
 -> Sent Weather | Zone: Shivajinagar  | Temp: 30.7°C | Humidity: 90%

--- Emitting Weather Window: 18:39:07 ---
 -> Sent Weather | Zone: Hinjewadi     | Temp: 31.6°C | Humidity: 91%
 -> Sent Weather | Zone: FC Road       | Temp: 30.9°C | Humidity: 90%
 -> Sent Weather | Zone: Kothrud       | Temp: 30.7°C | Humidity: 93%
 -> Sent Weather | Zone: Hadapsar      | Temp: 31.8°C | Humidity: 87%
 -> Sent Weather | Zone: Shivajinagar  | Temp: 31.2°C | Humidity: 91%

--- Emitting Weather Window: 18:39:26 ---
 -> Sent Weather | Zone: Hinjewadi     | Temp: 31.6°C | Humidity: 92%
 -> Sent Weather | Zone: FC Road       | Temp: 30.8°C | Humidity: 90%
 -> Sent Weather | Zone: Kothrud       | Temp: 30.6°C | Humidity: 93%
 -> Sent Weather | Zone: Hadapsar      | Temp: 32.0°C | Humidity: 88%
 -> Sent Weather | Zone: Shivajinagar  | Temp: 30.8°C | Humidity: 90%

--- Emitting Weather Window: 18:39:47 ---
 -> Sent Weather | Zone: Hinjewadi     | Temp: 31.5°C | Humidity: 91%
 -> Sent Weather | Zone: FC Road       | Temp: 31.0°C | Humidity: 90%
 -> Sent Weather | Zone: Kothrud       | Temp: 30.6°C | Humidity: 93%
 -> Sent Weather | Zone: Hadapsar      | Temp: 31.5°C | Humidity: 87%
 -> Sent Weather | Zone: Shivajinagar  | Temp: 31.0°C | Humidity: 91%

--- Emitting Weather Window: 18:40:07 ---
 -> Sent Weather | Zone: Hinjewadi     | Temp: 31.8°C | Humidity: 92%
 -> Sent Weather | Zone: FC Road       | Temp: 31.0°C | Humidity: 90%
 -> Sent Weather | Zone: Kothrud       | Temp: 30.7°C | Humidity: 93%
 -> Sent Weather | Zone: Hadapsar      | Temp: 32.0°C | Humidity: 88%
 -> Sent Weather | Zone: Shivajinagar  | Temp: 30.8°C | Humidity: 90%

--- Emitting Weather Window: 18:40:36 ---
 -> Sent Weather | Zone: Hinjewadi     | Temp: 31.4°C | Humidity: 91%
 -> Sent Weather | Zone: FC Road       | Temp: 30.8°C | Humidity: 90%
 -> Sent Weather | Zone: Kothrud       | Temp: 30.9°C | Humidity: 94%
 -> Sent Weather | Zone: Hadapsar      | Temp: 31.5°C | Humidity: 87%
 -> Sent Weather | Zone: Shivajinagar  | Temp: 30.8°C | Humidity: 90%

--- Emitting Weather Window: 18:40:55 ---
 -> Sent Weather | Zone: Hinjewadi     | Temp: 31.3°C | Humidity: 91%
 -> Sent Weather | Zone: FC Road       | Temp: 31.3°C | Humidity: 91%
 -> Sent Weather | Zone: Kothrud       | Temp: 31.1°C | Humidity: 94%
 -> Sent Weather | Zone: Hadapsar      | Temp: 31.5°C | Humidity: 87%
 -> Sent Weather | Zone: Shivajinagar  | Temp: 30.8°C | Humidity: 90%

--- Emitting Weather Window: 18:41:14 ---
 -> Sent Weather | Zone: Hinjewadi     | Temp: 31.9°C | Humidity: 92%
 -> Sent Weather | Zone: FC Road       | Temp: 30.8°C | Humidity: 90%
 -> Sent Weather | Zone: Kothrud       | Temp: 31.1°C | Humidity: 94%
 -> Sent Weather | Zone: Hadapsar      | Temp: 32.0°C | Humidity: 88%
 -> Sent Weather | Zone: Shivajinagar  | Temp: 30.7°C | Humidity: 90%

--- Emitting Weather Window: 18:41:34 ---
 -> Sent Weather | Zone: Hinjewadi     | Temp: 31.8°C | Humidity: 92%
 -> Sent Weather | Zone: FC Road       | Temp: 31.1°C | Humidity: 91%
 -> Sent Weather | Zone: Kothrud       | Temp: 30.9°C | Humidity: 94%
 -> Sent Weather | Zone: Hadapsar      | Temp: 31.6°C | Humidity: 87%
 -> Sent Weather | Zone: Shivajinagar  | Temp: 30.9°C | Humidity: 90%

--- Emitting Weather Window: 18:41:53 ---
 -> Sent Weather | Zone: Hinjewadi     | Temp: 31.7°C | Humidity: 92%
 -> Sent Weather | Zone: FC Road       | Temp: 31.3°C | Humidity: 91%
 -> Sent Weather | Zone: Kothrud       | Temp: 30.7°C | Humidity: 93%
 -> Sent Weather | Zone: Hadapsar      | Temp: 32.0°C | Humidity: 88%
 -> Sent Weather | Zone: Shivajinagar  | Temp: 30.8°C | Humidity: 90%

--- Emitting Weather Window: 18:42:12 ---
 -> Sent Weather | Zone: Hinjewadi     | Temp: 31.8°C | Humidity: 92%
 -> Sent Weather | Zone: FC Road       | Temp: 30.9°C | Humidity: 90%
 -> Sent Weather | Zone: Kothrud       | Temp: 30.8°C | Humidity: 93%
 -> Sent Weather | Zone: Hadapsar      | Temp: 32.1°C | Humidity: 88%
 -> Sent Weather | Zone: Shivajinagar  | Temp: 30.9°C | Humidity: 90%

--- Emitting Weather Window: 18:42:31 ---
 -> Sent Weather | Zone: Hinjewadi     | Temp: 31.9°C | Humidity: 92%
 -> Sent Weather | Zone: FC Road       | Temp: 30.8°C | Humidity: 90%
 -> Sent Weather | Zone: Kothrud       | Temp: 31.1°C | Humidity: 94%
 -> Sent Weather | Zone: Hadapsar      | Temp: 31.5°C | Humidity: 87%
 -> Sent Weather | Zone: Shivajinagar  | Temp: 31.3°C | Humidity: 91%

--- Emitting Weather Window: 18:42:51 ---
 -> Sent Weather | Zone: Hinjewadi     | Temp: 31.9°C | Humidity: 92%
 -> Sent Weather | Zone: FC Road       | Temp: 31.1°C | Humidity: 91%
 -> Sent Weather | Zone: Kothrud       | Temp: 31.0°C | Humidity: 94%
 -> Sent Weather | Zone: Hadapsar      | Temp: 31.8°C | Humidity: 88%
 -> Sent Weather | Zone: Shivajinagar  | Temp: 30.9°C | Humidity: 90%

--- Emitting Weather Window: 18:43:10 ---
 -> Sent Weather | Zone: Hinjewadi     | Temp: 31.5°C | Humidity: 91%
 -> Sent Weather | Zone: FC Road       | Temp: 31.1°C | Humidity: 91%
 -> Sent Weather | Zone: Kothrud       | Temp: 31.1°C | Humidity: 94%
 -> Sent Weather | Zone: Hadapsar      | Temp: 32.0°C | Humidity: 88%
 -> Sent Weather | Zone: Shivajinagar  | Temp: 30.7°C | Humidity: 90%

--- Emitting Weather Window: 18:43:29 ---
 -> Sent Weather | Zone: Hinjewadi     | Temp: 31.8°C | Humidity: 92%
 -> Sent Weather | Zone: FC Road       | Temp: 31.0°C | Humidity: 90%
 -> Sent Weather | Zone: Kothrud       | Temp: 30.9°C | Humidity: 93%
 -> Sent Weather | Zone: Hadapsar      | Temp: 31.7°C | Humidity: 87%
 -> Sent Weather | Zone: Shivajinagar  | Temp: 30.8°C | Humidity: 90%

--- Emitting Weather Window: 18:43:49 ---
 -> Sent Weather | Zone: Hinjewadi     | Temp: 31.8°C | Humidity: 92%
 -> Sent Weather | Zone: FC Road       | Temp: 31.2°C | Humidity: 91%
 -> Sent Weather | Zone: Kothrud       | Temp: 30.8°C | Humidity: 93%
 -> Sent Weather | Zone: Hadapsar      | Temp: 31.9°C | Humidity: 88%
 -> Sent Weather | Zone: Shivajinagar  | Temp: 31.0°C | Humidity: 91%

--- Emitting Weather Window: 18:44:08 ---
 -> Sent Weather | Zone: Hinjewadi     | Temp: 31.5°C | Humidity: 91%
 -> Sent Weather | Zone: FC Road       | Temp: 30.7°C | Humidity: 90%
 -> Sent Weather | Zone: Kothrud       | Temp: 30.6°C | Humidity: 93%
 -> Sent Weather | Zone: Hadapsar      | Temp: 32.0°C | Humidity: 88%
 -> Sent Weather | Zone: Shivajinagar  | Temp: 31.1°C | Humidity: 91%

--- Emitting Weather Window: 18:44:29 ---
 -> Sent Weather | Zone: Hinjewadi     | Temp: 31.8°C | Humidity: 92%
 -> Sent Weather | Zone: FC Road       | Temp: 30.8°C | Humidity: 90%
 -> Sent Weather | Zone: Kothrud       | Temp: 31.1°C | Humidity: 94%
 -> Sent Weather | Zone: Hadapsar      | Temp: 32.1°C | Humidity: 88%
 -> Sent Weather | Zone: Shivajinagar  | Temp: 30.8°C | Humidity: 90%

--- Emitting Weather Window: 18:44:48 ---
 -> Sent Weather | Zone: Hinjewadi     | Temp: 31.5°C | Humidity: 91%
 -> Sent Weather | Zone: FC Road       | Temp: 30.9°C | Humidity: 90%
 -> Sent Weather | Zone: Kothrud       | Temp: 30.7°C | Humidity: 93%
 -> Sent Weather | Zone: Hadapsar      | Temp: 31.5°C | Humidity: 87%
 -> Sent Weather | Zone: Shivajinagar  | Temp: 30.8°C | Humidity: 90%

--- Emitting Weather Window: 18:45:07 ---
 -> Sent Weather | Zone: Hinjewadi     | Temp: 31.2°C | Humidity: 92%
 -> Sent Weather | Zone: FC Road       | Temp: 30.8°C | Humidity: 91%
 -> Sent Weather | Zone: Kothrud       | Temp: 30.4°C | Humidity: 93%
 -> Sent Weather | Zone: Hadapsar      | Temp: 31.3°C | Humidity: 87%
 -> Sent Weather | Zone: Shivajinagar  | Temp: 30.8°C | Humidity: 91%

--- Emitting Weather Window: 18:45:26 ---
 -> Sent Weather | Zone: Hinjewadi     | Temp: 31.1°C | Humidity: 91%
 -> Sent Weather | Zone: FC Road       | Temp: 30.7°C | Humidity: 91%
 -> Sent Weather | Zone: Kothrud       | Temp: 30.3°C | Humidity: 93%
 -> Sent Weather | Zone: Hadapsar      | Temp: 31.5°C | Humidity: 88%
 -> Sent Weather | Zone: Shivajinagar  | Temp: 30.5°C | Humidity: 90%

--- Emitting Weather Window: 18:45:46 ---
 -> Sent Weather | Zone: Hinjewadi     | Temp: 31.2°C | Humidity: 92%
 -> Sent Weather | Zone: FC Road       | Temp: 30.5°C | Humidity: 90%
 -> Sent Weather | Zone: Kothrud       | Temp: 30.4°C | Humidity: 93%
 -> Sent Weather | Zone: Hadapsar      | Temp: 31.6°C | Humidity: 88%
 -> Sent Weather | Zone: Shivajinagar  | Temp: 30.8°C | Humidity: 91%

--- Emitting Weather Window: 18:46:25 ---
 -> Sent Weather | Zone: Hinjewadi     | Temp: 31.4°C | Humidity: 92%
 -> Sent Weather | Zone: FC Road       | Temp: 30.7°C | Humidity: 91%
 -> Sent Weather | Zone: Kothrud       | Temp: 30.5°C | Humidity: 94%
 -> Sent Weather | Zone: Hadapsar      | Temp: 31.4°C | Humidity: 87%
 -> Sent Weather | Zone: Shivajinagar  | Temp: 30.7°C | Humidity: 91%

--- Emitting Weather Window: 18:46:46 ---
 -> Sent Weather | Zone: Hinjewadi     | Temp: 31.0°C | Humidity: 91%
⚠️ API Fetch error: HTTPSConnectionPool(host='api.open-meteo.com', port=443): Read timed out. (read timeout=10)
 -> Sent Weather | Zone: FC Road       | Temp: 31.9°C | Humidity: 59%
⚠️ API Fetch error: HTTPSConnectionPool(host='api.open-meteo.com', port=443): Max retries exceeded with url: /v1/forecast?latitude=18.5074&longitude=73.8077&current_weather=True&hourly=relativehumidity_2m%2Cprecipitation%2Csurface_pressure (Caused by ConnectTimeoutError(<urllib3.connection.HTTPSConnection object at 0x7374bf797020>, 'Connection to api.open-meteo.com timed out. (connect timeout=10)'))
 -> Sent Weather | Zone: Kothrud       | Temp: 32.2°C | Humidity: 60%
⚠️ API Fetch error: HTTPSConnectionPool(host='api.open-meteo.com', port=443): Max retries exceeded with url: /v1/forecast?latitude=18.5089&longitude=73.926&current_weather=True&hourly=relativehumidity_2m%2Cprecipitation%2Csurface_pressure (Caused by NameResolutionError("<urllib3.connection.HTTPSConnection object at 0x7374bf7e9250>: Failed to resolve 'api.open-meteo.com' ([Errno -2] Name or service not known)"))
 -> Sent Weather | Zone: Hadapsar      | Temp: 31.9°C | Humidity: 59%
 -> Sent Weather | Zone: Shivajinagar  | Temp: 30.5°C | Humidity: 90%

--- Emitting Weather Window: 18:48:06 ---
 -> Sent Weather | Zone: Hinjewadi     | Temp: 31.4°C | Humidity: 92%
 -> Sent Weather | Zone: FC Road       | Temp: 30.5°C | Humidity: 90%
 -> Sent Weather | Zone: Kothrud       | Temp: 30.2°C | Humidity: 93%
 -> Sent Weather | Zone: Hadapsar      | Temp: 31.3°C | Humidity: 87%
 -> Sent Weather | Zone: Shivajinagar  | Temp: 30.7°C | Humidity: 91%

--- Emitting Weather Window: 18:48:25 ---
 -> Sent Weather | Zone: Hinjewadi     | Temp: 31.5°C | Humidity: 92%
 -> Sent Weather | Zone: FC Road       | Temp: 30.6°C | Humidity: 91%
 -> Sent Weather | Zone: Kothrud       | Temp: 30.4°C | Humidity: 93%
 -> Sent Weather | Zone: Hadapsar      | Temp: 31.8°C | Humidity: 88%
 -> Sent Weather | Zone: Shivajinagar  | Temp: 30.6°C | Humidity: 90%

--- Emitting Weather Window: 18:49:05 ---
 -> Sent Weather | Zone: Hinjewadi     | Temp: 31.1°C | Humidity: 91%
⚠️ API Fetch error: HTTPSConnectionPool(host='api.open-meteo.com', port=443): Read timed out. (read timeout=10)
 -> Sent Weather | Zone: FC Road       | Temp: 32.3°C | Humidity: 60%
⚠️ API Fetch error: HTTPSConnectionPool(host='api.open-meteo.com', port=443): Max retries exceeded with url: /v1/forecast?latitude=18.5074&longitude=73.8077&current_weather=True&hourly=relativehumidity_2m%2Cprecipitation%2Csurface_pressure (Caused by NameResolutionError("<urllib3.connection.HTTPSConnection object at 0x7374bfb59cd0>: Failed to resolve 'api.open-meteo.com' ([Errno -2] Name or service not known)"))
 -> Sent Weather | Zone: Kothrud       | Temp: 32.2°C | Humidity: 60%
 -> Sent Weather | Zone: Hadapsar      | Temp: 31.4°C | Humidity: 87%
 -> Sent Weather | Zone: Shivajinagar  | Temp: 30.6°C | Humidity: 91%

--- Emitting Weather Window: 18:50:23 ---
 -> Sent Weather | Zone: Hinjewadi     | Temp: 31.5°C | Humidity: 92%
 -> Sent Weather | Zone: FC Road       | Temp: 30.6°C | Humidity: 91%
 -> Sent Weather | Zone: Kothrud       | Temp: 30.6°C | Humidity: 94%
 -> Sent Weather | Zone: Hadapsar      | Temp: 31.3°C | Humidity: 87%
 -> Sent Weather | Zone: Shivajinagar  | Temp: 30.4°C | Humidity: 90%

--- Emitting Weather Window: 18:50:42 ---
 -> Sent Weather | Zone: Hinjewadi     | Temp: 31.2°C | Humidity: 92%
 -> Sent Weather | Zone: FC Road       | Temp: 30.7°C | Humidity: 91%
 -> Sent Weather | Zone: Kothrud       | Temp: 30.7°C | Humidity: 94%
 -> Sent Weather | Zone: Hadapsar      | Temp: 31.3°C | Humidity: 87%
 -> Sent Weather | Zone: Shivajinagar  | Temp: 30.4°C | Humidity: 90%

--- Emitting Weather Window: 18:51:01 ---
 -> Sent Weather | Zone: Hinjewadi     | Temp: 31.1°C | Humidity: 91%
 -> Sent Weather | Zone: FC Road       | Temp: 30.8°C | Humidity: 91%
 -> Sent Weather | Zone: Kothrud       | Temp: 30.3°C | Humidity: 93%
 -> Sent Weather | Zone: Hadapsar      | Temp: 31.7°C | Humidity: 88%
 -> Sent Weather | Zone: Shivajinagar  | Temp: 30.6°C | Humidity: 91%

--- Emitting Weather Window: 18:51:21 ---
 -> Sent Weather | Zone: Hinjewadi     | Temp: 31.5°C | Humidity: 92%
 -> Sent Weather | Zone: FC Road       | Temp: 30.8°C | Humidity: 91%
 -> Sent Weather | Zone: Kothrud       | Temp: 30.3°C | Humidity: 93%
 -> Sent Weather | Zone: Hadapsar      | Temp: 31.7°C | Humidity: 88%
 -> Sent Weather | Zone: Shivajinagar  | Temp: 30.3°C | Humidity: 90%

--- Emitting Weather Window: 18:51:42 ---
 -> Sent Weather | Zone: Hinjewadi     | Temp: 31.0°C | Humidity: 91%
 -> Sent Weather | Zone: FC Road       | Temp: 30.7°C | Humidity: 91%
 -> Sent Weather | Zone: Kothrud       | Temp: 30.4°C | Humidity: 93%
 -> Sent Weather | Zone: Hadapsar      | Temp: 31.3°C | Humidity: 87%
 -> Sent Weather | Zone: Shivajinagar  | Temp: 30.8°C | Humidity: 91%

--- Emitting Weather Window: 18:52:04 ---
 -> Sent Weather | Zone: Hinjewadi     | Temp: 30.9°C | Humidity: 91%
 -> Sent Weather | Zone: FC Road       | Temp: 30.8°C | Humidity: 91%
 -> Sent Weather | Zone: Kothrud       | Temp: 30.5°C | Humidity: 94%
 -> Sent Weather | Zone: Hadapsar      | Temp: 31.5°C | Humidity: 88%
 -> Sent Weather | Zone: Shivajinagar  | Temp: 30.4°C | Humidity: 90%

--- Emitting Weather Window: 18:52:24 ---
 -> Sent Weather | Zone: Hinjewadi     | Temp: 31.2°C | Humidity: 91%
 -> Sent Weather | Zone: FC Road       | Temp: 30.5°C | Humidity: 90%
 -> Sent Weather | Zone: Kothrud       | Temp: 30.3°C | Humidity: 93%
⚠️ API Fetch error: HTTPSConnectionPool(host='api.open-meteo.com', port=443): Read timed out. (read timeout=10)
 -> Sent Weather | Zone: Hadapsar      | Temp: 31.9°C | Humidity: 59%
 -> Sent Weather | Zone: Shivajinagar  | Temp: 30.5°C | Humidity: 90%

--- Emitting Weather Window: 18:52:52 ---
 -> Sent Weather | Zone: Hinjewadi     | Temp: 31.2°C | Humidity: 91%
 -> Sent Weather | Zone: FC Road       | Temp: 30.5°C | Humidity: 90%
 -> Sent Weather | Zone: Kothrud       | Temp: 30.3°C | Humidity: 93%
 -> Sent Weather | Zone: Hadapsar      | Temp: 31.4°C | Humidity: 87%
 -> Sent Weather | Zone: Shivajinagar  | Temp: 30.4°C | Humidity: 90%

--- Emitting Weather Window: 18:53:12 ---
 -> Sent Weather | Zone: Hinjewadi     | Temp: 31.1°C | Humidity: 91%
 -> Sent Weather | Zone: FC Road       | Temp: 30.8°C | Humidity: 91%
 -> Sent Weather | Zone: Kothrud       | Temp: 30.3°C | Humidity: 93%
 -> Sent Weather | Zone: Hadapsar      | Temp: 31.7°C | Humidity: 88%
 -> Sent Weather | Zone: Shivajinagar  | Temp: 30.8°C | Humidity: 91%

--- Emitting Weather Window: 18:53:31 ---
 -> Sent Weather | Zone: Hinjewadi     | Temp: 30.9°C | Humidity: 91%
 -> Sent Weather | Zone: FC Road       | Temp: 30.9°C | Humidity: 91%
 -> Sent Weather | Zone: Kothrud       | Temp: 30.2°C | Humidity: 93%
 -> Sent Weather | Zone: Hadapsar      | Temp: 31.4°C | Humidity: 87%
 -> Sent Weather | Zone: Shivajinagar  | Temp: 30.8°C | Humidity: 91%

--- Emitting Weather Window: 02:46:39 ---
 -> Sent Weather | Zone: Hinjewadi     | Temp: 25.2°C | Humidity: 91%
 -> Sent Weather | Zone: FC Road       | Temp: 25.2°C | Humidity: 91%
 -> Sent Weather | Zone: Kothrud       | Temp: 24.6°C | Humidity: 93%
 -> Sent Weather | Zone: Hadapsar      | Temp: 25.5°C | Humidity: 88%
 -> Sent Weather | Zone: Shivajinagar  | Temp: 25.1°C | Humidity: 91%

--- Emitting Weather Window: 02:47:08 ---
 -> Sent Weather | Zone: Hinjewadi     | Temp: 25.2°C | Humidity: 91%
 -> Sent Weather | Zone: FC Road       | Temp: 25.1°C | Humidity: 91%
 -> Sent Weather | Zone: Kothrud       | Temp: 24.8°C | Humidity: 93%
 -> Sent Weather | Zone: Hadapsar      | Temp: 25.5°C | Humidity: 88%
 -> Sent Weather | Zone: Shivajinagar  | Temp: 24.9°C | Humidity: 90%

--- Emitting Weather Window: 02:47:26 ---
 -> Sent Weather | Zone: Hinjewadi     | Temp: 25.3°C | Humidity: 91%
 -> Sent Weather | Zone: FC Road       | Temp: 24.8°C | Humidity: 90%
 -> Sent Weather | Zone: Kothrud       | Temp: 24.8°C | Humidity: 93%
 -> Sent Weather | Zone: Hadapsar      | Temp: 25.6°C | Humidity: 88%
 -> Sent Weather | Zone: Shivajinagar  | Temp: 25.0°C | Humidity: 90%

--- Emitting Weather Window: 02:47:45 ---
 -> Sent Weather | Zone: Hinjewadi     | Temp: 25.2°C | Humidity: 91%
 -> Sent Weather | Zone: FC Road       | Temp: 25.0°C | Humidity: 90%
 -> Sent Weather | Zone: Kothrud       | Temp: 25.0°C | Humidity: 94%
 -> Sent Weather | Zone: Hadapsar      | Temp: 25.7°C | Humidity: 88%
 -> Sent Weather | Zone: Shivajinagar  | Temp: 25.0°C | Humidity: 90%

--- Emitting Weather Window: 02:48:04 ---
 -> Sent Weather | Zone: Hinjewadi     | Temp: 25.3°C | Humidity: 92%
 -> Sent Weather | Zone: FC Road       | Temp: 24.9°C | Humidity: 90%
 -> Sent Weather | Zone: Kothrud       | Temp: 24.7°C | Humidity: 93%
 -> Sent Weather | Zone: Hadapsar      | Temp: 25.4°C | Humidity: 87%
⚠️ API Fetch error: HTTPSConnectionPool(host='api.open-meteo.com', port=443): Read timed out. (read timeout=10)
 -> Sent Weather | Zone: Shivajinagar  | Temp: 32.2°C | Humidity: 60%

--- Emitting Weather Window: 02:48:32 ---
 -> Sent Weather | Zone: Hinjewadi     | Temp: 25.5°C | Humidity: 92%
 -> Sent Weather | Zone: FC Road       | Temp: 25.0°C | Humidity: 91%
 -> Sent Weather | Zone: Kothrud       | Temp: 25.0°C | Humidity: 94%
 -> Sent Weather | Zone: Hadapsar      | Temp: 25.6°C | Humidity: 88%
 -> Sent Weather | Zone: Shivajinagar  | Temp: 25.2°C | Humidity: 91%

--- Emitting Weather Window: 02:48:50 ---
 -> Sent Weather | Zone: Hinjewadi     | Temp: 25.4°C | Humidity: 92%
 -> Sent Weather | Zone: FC Road       | Temp: 24.8°C | Humidity: 90%
 -> Sent Weather | Zone: Kothrud       | Temp: 24.6°C | Humidity: 93%
 -> Sent Weather | Zone: Hadapsar      | Temp: 25.4°C | Humidity: 87%
 -> Sent Weather | Zone: Shivajinagar  | Temp: 24.8°C | Humidity: 90%

--- Emitting Weather Window: 02:49:09 ---
 -> Sent Weather | Zone: Hinjewadi     | Temp: 25.5°C | Humidity: 92%
 -> Sent Weather | Zone: FC Road       | Temp: 24.9°C | Humidity: 90%
 -> Sent Weather | Zone: Kothrud       | Temp: 24.9°C | Humidity: 94%
 -> Sent Weather | Zone: Hadapsar      | Temp: 25.5°C | Humidity: 87%
 -> Sent Weather | Zone: Shivajinagar  | Temp: 24.9°C | Humidity: 90%

--- Emitting Weather Window: 02:49:28 ---
 -> Sent Weather | Zone: Hinjewadi     | Temp: 25.2°C | Humidity: 91%
 -> Sent Weather | Zone: FC Road       | Temp: 25.2°C | Humidity: 91%
 -> Sent Weather | Zone: Kothrud       | Temp: 24.9°C | Humidity: 94%
 -> Sent Weather | Zone: Hadapsar      | Temp: 25.7°C | Humidity: 88%
 -> Sent Weather | Zone: Shivajinagar  | Temp: 24.9°C | Humidity: 90%

--- Emitting Weather Window: 02:49:47 ---
 -> Sent Weather | Zone: Hinjewadi     | Temp: 25.2°C | Humidity: 91%
 -> Sent Weather | Zone: FC Road       | Temp: 24.8°C | Humidity: 90%
 -> Sent Weather | Zone: Kothrud       | Temp: 25.0°C | Humidity: 94%
 -> Sent Weather | Zone: Hadapsar      | Temp: 25.4°C | Humidity: 87%
 -> Sent Weather | Zone: Shivajinagar  | Temp: 24.9°C | Humidity: 90%

--- Emitting Weather Window: 02:50:06 ---
 -> Sent Weather | Zone: Hinjewadi     | Temp: 25.5°C | Humidity: 92%
 -> Sent Weather | Zone: FC Road       | Temp: 25.2°C | Humidity: 91%
 -> Sent Weather | Zone: Kothrud       | Temp: 24.7°C | Humidity: 93%
 -> Sent Weather | Zone: Hadapsar      | Temp: 25.4°C | Humidity: 87%
 -> Sent Weather | Zone: Shivajinagar  | Temp: 25.1°C | Humidity: 91%

--- Emitting Weather Window: 02:50:34 ---
 -> Sent Weather | Zone: Hinjewadi     | Temp: 25.2°C | Humidity: 91%
 -> Sent Weather | Zone: FC Road       | Temp: 24.9°C | Humidity: 90%
 -> Sent Weather | Zone: Kothrud       | Temp: 24.9°C | Humidity: 94%
 -> Sent Weather | Zone: Hadapsar      | Temp: 25.6°C | Humidity: 88%
 -> Sent Weather | Zone: Shivajinagar  | Temp: 25.2°C | Humidity: 91%

--- Emitting Weather Window: 02:50:53 ---
 -> Sent Weather | Zone: Hinjewadi     | Temp: 25.2°C | Humidity: 91%
 -> Sent Weather | Zone: FC Road       | Temp: 24.8°C | Humidity: 90%
 -> Sent Weather | Zone: Kothrud       | Temp: 24.7°C | Humidity: 93%
 -> Sent Weather | Zone: Hadapsar      | Temp: 25.5°C | Humidity: 88%
 -> Sent Weather | Zone: Shivajinagar  | Temp: 25.2°C | Humidity: 91%

--- Emitting Weather Window: 02:51:12 ---
 -> Sent Weather | Zone: Hinjewadi     | Temp: 25.3°C | Humidity: 91%
 -> Sent Weather | Zone: FC Road       | Temp: 25.0°C | Humidity: 90%
 -> Sent Weather | Zone: Kothrud       | Temp: 24.8°C | Humidity: 94%
 -> Sent Weather | Zone: Hadapsar      | Temp: 25.5°C | Humidity: 88%
 -> Sent Weather | Zone: Shivajinagar  | Temp: 25.1°C | Humidity: 91%

--- Emitting Weather Window: 02:51:31 ---
 -> Sent Weather | Zone: Hinjewadi     | Temp: 25.3°C | Humidity: 92%
 -> Sent Weather | Zone: FC Road       | Temp: 25.0°C | Humidity: 91%
 -> Sent Weather | Zone: Kothrud       | Temp: 25.0°C | Humidity: 94%
 -> Sent Weather | Zone: Hadapsar      | Temp: 25.6°C | Humidity: 88%
 -> Sent Weather | Zone: Shivajinagar  | Temp: 25.2°C | Humidity: 91%

--- Emitting Weather Window: 02:51:50 ---
 -> Sent Weather | Zone: Hinjewadi     | Temp: 25.2°C | Humidity: 91%
 -> Sent Weather | Zone: FC Road       | Temp: 24.9°C | Humidity: 90%
 -> Sent Weather | Zone: Kothrud       | Temp: 24.9°C | Humidity: 94%
 -> Sent Weather | Zone: Hadapsar      | Temp: 25.7°C | Humidity: 88%
 -> Sent Weather | Zone: Shivajinagar  | Temp: 25.0°C | Humidity: 91%
                                                                                                                                                                                                                                                                                                                                                                                                              ✅ Weather Kafka Producer initialized.
🚀 Weather Streaming Engine Activated.

--- Emitting Weather Window: 00:23:23 ---
 -> Sent Weather | Zone: Hinjewadi     | Temp: 25.0°C | Humidity: 85%
 -> Sent Weather | Zone: FC Road       | Temp: 24.7°C | Humidity: 82%
 -> Sent Weather | Zone: Kothrud       | Temp: 24.7°C | Humidity: 87%
 -> Sent Weather | Zone: Hadapsar      | Temp: 25.6°C | Humidity: 80%
 -> Sent Weather | Zone: Shivajinagar  | Temp: 24.8°C | Humidity: 82%

--- Emitting Weather Window: 00:23:41 ---
 -> Sent Weather | Zone: Hinjewadi     | Temp: 24.7°C | Humidity: 84%
 -> Sent Weather | Zone: FC Road       | Temp: 25.1°C | Humidity: 83%
 -> Sent Weather | Zone: Kothrud       | Temp: 24.5°C | Humidity: 87%
 -> Sent Weather | Zone: Hadapsar      | Temp: 25.2°C | Humidity: 79%
 -> Sent Weather | Zone: Shivajinagar  | Temp: 24.8°C | Humidity: 82%

--- Emitting Weather Window: 00:24:00 ---
 -> Sent Weather | Zone: Hinjewadi     | Temp: 24.7°C | Humidity: 84%
 -> Sent Weather | Zone: FC Road       | Temp: 24.9°C | Humidity: 83%
 -> Sent Weather | Zone: Kothrud       | Temp: 24.4°C | Humidity: 86%
 -> Sent Weather | Zone: Hadapsar      | Temp: 25.5°C | Humidity: 80%
 -> Sent Weather | Zone: Shivajinagar  | Temp: 25.1°C | Humidity: 83%

--- Emitting Weather Window: 00:24:19 ---
 -> Sent Weather | Zone: Hinjewadi     | Temp: 24.7°C | Humidity: 84%
 -> Sent Weather | Zone: FC Road       | Temp: 24.7°C | Humidity: 82%
 -> Sent Weather | Zone: Kothrud       | Temp: 24.5°C | Humidity: 86%
 -> Sent Weather | Zone: Hadapsar      | Temp: 25.5°C | Humidity: 80%
 -> Sent Weather | Zone: Shivajinagar  | Temp: 24.9°C | Humidity: 83%

--- Emitting Weather Window: 00:24:37 ---
 -> Sent Weather | Zone: Hinjewadi     | Temp: 24.8°C | Humidity: 84%
 -> Sent Weather | Zone: FC Road       | Temp: 25.1°C | Humidity: 83%
 -> Sent Weather | Zone: Kothrud       | Temp: 24.4°C | Humidity: 86%
 -> Sent Weather | Zone: Hadapsar      | Temp: 25.5°C | Humidity: 80%
 -> Sent Weather | Zone: Shivajinagar  | Temp: 25.1°C | Humidity: 83%

--- Emitting Weather Window: 00:24:55 ---
 -> Sent Weather | Zone: Hinjewadi     | Temp: 24.7°C | Humidity: 84%
 -> Sent Weather | Zone: FC Road       | Temp: 24.7°C | Humidity: 82%
 -> Sent Weather | Zone: Kothrud       | Temp: 24.4°C | Humidity: 86%
 -> Sent Weather | Zone: Hadapsar      | Temp: 25.4°C | Humidity: 79%
 -> Sent Weather | Zone: Shivajinagar  | Temp: 24.8°C | Humidity: 82%

--- Emitting Weather Window: 00:25:14 ---
 -> Sent Weather | Zone: Hinjewadi     | Temp: 24.8°C | Humidity: 85%
 -> Sent Weather | Zone: FC Road       | Temp: 25.1°C | Humidity: 83%
 -> Sent Weather | Zone: Kothrud       | Temp: 24.7°C | Humidity: 87%
 -> Sent Weather | Zone: Hadapsar      | Temp: 25.2°C | Humidity: 79%
 -> Sent Weather | Zone: Shivajinagar  | Temp: 25.1°C | Humidity: 83%

--- Emitting Weather Window: 00:25:33 ---
 -> Sent Weather | Zone: Hinjewadi     | Temp: 24.6°C | Humidity: 84%
 -> Sent Weather | Zone: FC Road       | Temp: 24.9°C | Humidity: 82%
 -> Sent Weather | Zone: Kothrud       | Temp: 24.7°C | Humidity: 87%
 -> Sent Weather | Zone: Hadapsar      | Temp: 25.6°C | Humidity: 80%
 -> Sent Weather | Zone: Shivajinagar  | Temp: 24.9°C | Humidity: 82%

--- Emitting Weather Window: 00:25:52 ---
 -> Sent Weather | Zone: Hinjewadi     | Temp: 24.9°C | Humidity: 85%
 -> Sent Weather | Zone: FC Road       | Temp: 24.8°C | Humidity: 82%
 -> Sent Weather | Zone: Kothrud       | Temp: 24.4°C | Humidity: 86%
 -> Sent Weather | Zone: Hadapsar      | Temp: 25.3°C | Humidity: 79%
 -> Sent Weather | Zone: Shivajinagar  | Temp: 24.8°C | Humidity: 82%

--- Emitting Weather Window: 00:26:11 ---
 -> Sent Weather | Zone: Hinjewadi     | Temp: 24.7°C | Humidity: 84%
 -> Sent Weather | Zone: FC Road       | Temp: 25.1°C | Humidity: 83%
 -> Sent Weather | Zone: Kothrud       | Temp: 24.4°C | Humidity: 86%
 -> Sent Weather | Zone: Hadapsar      | Temp: 25.4°C | Humidity: 80%
 -> Sent Weather | Zone: Shivajinagar  | Temp: 24.9°C | Humidity: 83%

--- Emitting Weather Window: 00:26:30 ---
 -> Sent Weather | Zone: Hinjewadi     | Temp: 25.0°C | Humidity: 85%
 -> Sent Weather | Zone: FC Road       | Temp: 25.1°C | Humidity: 83%
 -> Sent Weather | Zone: Kothrud       | Temp: 24.7°C | Humidity: 87%
 -> Sent Weather | Zone: Hadapsar      | Temp: 25.2°C | Humidity: 79%
 -> Sent Weather | Zone: Shivajinagar  | Temp: 24.9°C | Humidity: 83%

--- Emitting Weather Window: 00:26:48 ---
 -> Sent Weather | Zone: Hinjewadi     | Temp: 24.7°C | Humidity: 84%
 -> Sent Weather | Zone: FC Road       | Temp: 24.8°C | Humidity: 82%
 -> Sent Weather | Zone: Kothrud       | Temp: 24.7°C | Humidity: 87%
 -> Sent Weather | Zone: Hadapsar      | Temp: 25.5°C | Humidity: 80%
 -> Sent Weather | Zone: Shivajinagar  | Temp: 25.0°C | Humidity: 83%

--- Emitting Weather Window: 00:27:07 ---
 -> Sent Weather | Zone: Hinjewadi     | Temp: 24.7°C | Humidity: 84%
 -> Sent Weather | Zone: FC Road       | Temp: 25.1°C | Humidity: 83%
 -> Sent Weather | Zone: Kothrud       | Temp: 24.7°C | Humidity: 87%
 -> Sent Weather | Zone: Hadapsar      | Temp: 25.5°C | Humidity: 80%
 -> Sent Weather | Zone: Shivajinagar  | Temp: 25.1°C | Humidity: 83%

--- Emitting Weather Window: 00:27:25 ---
 -> Sent Weather | Zone: Hinjewadi     | Temp: 24.7°C | Humidity: 84%
 -> Sent Weather | Zone: FC Road       | Temp: 25.0°C | Humidity: 83%
 -> Sent Weather | Zone: Kothrud       | Temp: 24.3°C | Humidity: 86%
 -> Sent Weather | Zone: Hadapsar      | Temp: 25.4°C | Humidity: 80%
 -> Sent Weather | Zone: Shivajinagar  | Temp: 25.0°C | Humidity: 83%

--- Emitting Weather Window: 00:27:44 ---
 -> Sent Weather | Zone: Hinjewadi     | Temp: 25.0°C | Humidity: 85%
 -> Sent Weather | Zone: FC Road       | Temp: 25.1°C | Humidity: 83%
 -> Sent Weather | Zone: Kothrud       | Temp: 24.3°C | Humidity: 86%
 -> Sent Weather | Zone: Hadapsar      | Temp: 25.5°C | Humidity: 80%
 -> Sent Weather | Zone: Shivajinagar  | Temp: 25.1°C | Humidity: 83%

--- Emitting Weather Window: 00:28:02 ---
 -> Sent Weather | Zone: Hinjewadi     | Temp: 24.8°C | Humidity: 84%
 -> Sent Weather | Zone: FC Road       | Temp: 25.0°C | Humidity: 83%
 -> Sent Weather | Zone: Kothrud       | Temp: 24.5°C | Humidity: 86%
 -> Sent Weather | Zone: Hadapsar      | Temp: 25.3°C | Humidity: 79%
 -> Sent Weather | Zone: Shivajinagar  | Temp: 24.8°C | Humidity: 82%

--- Emitting Weather Window: 00:28:21 ---
 -> Sent Weather | Zone: Hinjewadi     | Temp: 25.0°C | Humidity: 85%
 -> Sent Weather | Zone: FC Road       | Temp: 25.1°C | Humidity: 83%
 -> Sent Weather | Zone: Kothrud       | Temp: 24.4°C | Humidity: 86%
 -> Sent Weather | Zone: Hadapsar      | Temp: 25.6°C | Humidity: 80%
 -> Sent Weather | Zone: Shivajinagar  | Temp: 24.7°C | Humidity: 82%

--- Emitting Weather Window: 00:28:39 ---
 -> Sent Weather | Zone: Hinjewadi     | Temp: 24.9°C | Humidity: 85%
 -> Sent Weather | Zone: FC Road       | Temp: 25.0°C | Humidity: 83%
 -> Sent Weather | Zone: Kothrud       | Temp: 24.4°C | Humidity: 86%
 -> Sent Weather | Zone: Hadapsar      | Temp: 25.5°C | Humidity: 80%
 -> Sent Weather | Zone: Shivajinagar  | Temp: 25.1°C | Humidity: 83%

--- Emitting Weather Window: 00:28:58 ---
 -> Sent Weather | Zone: Hinjewadi     | Temp: 24.7°C | Humidity: 84%
⚠️ API Fetch error: HTTPSConnectionPool(host='api.open-meteo.com', port=443): Read timed out. (read timeout=10)
 -> Sent Weather | Zone: FC Road       | Temp: 32.1°C | Humidity: 60%
 -> Sent Weather | Zone: Kothrud       | Temp: 24.3°C | Humidity: 86%
 -> Sent Weather | Zone: Hadapsar      | Temp: 25.3°C | Humidity: 79%
 -> Sent Weather | Zone: Shivajinagar  | Temp: 24.7°C | Humidity: 82%

--- Emitting Weather Window: 00:29:26 ---
 -> Sent Weather | Zone: Hinjewadi     | Temp: 24.9°C | Humidity: 85%
 -> Sent Weather | Zone: FC Road       | Temp: 24.8°C | Humidity: 82%
 -> Sent Weather | Zone: Kothrud       | Temp: 24.7°C | Humidity: 87%
 -> Sent Weather | Zone: Hadapsar      | Temp: 25.6°C | Humidity: 80%
 -> Sent Weather | Zone: Shivajinagar  | Temp: 25.0°C | Humidity: 83%

--- Emitting Weather Window: 00:29:45 ---
 -> Sent Weather | Zone: Hinjewadi     | Temp: 24.7°C | Humidity: 84%
 -> Sent Weather | Zone: FC Road       | Temp: 25.1°C | Humidity: 83%
 -> Sent Weather | Zone: Kothrud       | Temp: 24.7°C | Humidity: 87%
 -> Sent Weather | Zone: Hadapsar      | Temp: 25.5°C | Humidity: 80%
 -> Sent Weather | Zone: Shivajinagar  | Temp: 25.1°C | Humidity: 83%

--- Emitting Weather Window: 00:30:03 ---
 -> Sent Weather | Zone: Hinjewadi     | Temp: 31.8°C | Humidity: 59%
⚠️ API Fetch error: HTTPSConnectionPool(host='api.open-meteo.com', port=443): Read timed out. (read timeout=10)
 -> Sent Weather | Zone: FC Road       | Temp: 32.0°C | Humidity: 60%
 -> Sent Weather | Zone: Kothrud       | Temp: 24.5°C | Humidity: 87%
 -> Sent Weather | Zone: Hadapsar      | Temp: 25.3°C | Humidity: 80%
 -> Sent Weather | Zone: Shivajinagar  | Temp: 24.9°C | Humidity: 83%

--- Emitting Weather Window: 00:30:46 ---
 -> Sent Weather | Zone: Hinjewadi     | Temp: 24.9°C | Humidity: 85%
 -> Sent Weather | Zone: FC Road       | Temp: 24.9°C | Humidity: 83%
 -> Sent Weather | Zone: Kothrud       | Temp: 24.4°C | Humidity: 86%
 -> Sent Weather | Zone: Hadapsar      | Temp: 25.5°C | Humidity: 80%
 -> Sent Weather | Zone: Shivajinagar  | Temp: 24.6°C | Humidity: 82%

--- Emitting Weather Window: 00:31:09 ---
 -> Sent Weather | Zone: Hinjewadi     | Temp: 24.7°C | Humidity: 84%
 -> Sent Weather | Zone: FC Road       | Temp: 24.8°C | Humidity: 82%
 -> Sent Weather | Zone: Kothrud       | Temp: 24.6°C | Humidity: 87%
 -> Sent Weather | Zone: Hadapsar      | Temp: 25.2°C | Humidity: 79%
 -> Sent Weather | Zone: Shivajinagar  | Temp: 24.7°C | Humidity: 82%

--- Emitting Weather Window: 00:31:28 ---
 -> Sent Weather | Zone: Hinjewadi     | Temp: 24.5°C | Humidity: 84%
 -> Sent Weather | Zone: FC Road       | Temp: 25.0°C | Humidity: 83%
 -> Sent Weather | Zone: Kothrud       | Temp: 24.6°C | Humidity: 87%
 -> Sent Weather | Zone: Hadapsar      | Temp: 25.3°C | Humidity: 79%
 -> Sent Weather | Zone: Shivajinagar  | Temp: 24.9°C | Humidity: 83%

--- Emitting Weather Window: 00:31:47 ---
⚠️ API Fetch error: HTTPSConnectionPool(host='api.open-meteo.com', port=443): Read timed out. (read timeout=10)
 -> Sent Weather | Zone: Hinjewadi     | Temp: 31.8°C | Humidity: 59%
 -> Sent Weather | Zone: FC Road       | Temp: 24.9°C | Humidity: 83%
 -> Sent Weather | Zone: Kothrud       | Temp: 24.5°C | Humidity: 87%
 -> Sent Weather | Zone: Hadapsar      | Temp: 25.1°C | Humidity: 79%
 -> Sent Weather | Zone: Shivajinagar  | Temp: 24.8°C | Humidity: 83%

--- Emitting Weather Window: 00:32:15 ---
 -> Sent Weather | Zone: Hinjewadi     | Temp: 24.7°C | Humidity: 84%
 -> Sent Weather | Zone: FC Road       | Temp: 25.0°C | Humidity: 83%
 -> Sent Weather | Zone: Kothrud       | Temp: 24.7°C | Humidity: 87%
 -> Sent Weather | Zone: Hadapsar      | Temp: 25.1°C | Humidity: 79%
 -> Sent Weather | Zone: Shivajinagar  | Temp: 24.8°C | Humidity: 82%

--- Emitting Weather Window: 00:32:33 ---
 -> Sent Weather | Zone: Hinjewadi     | Temp: 24.9°C | Humidity: 85%
 -> Sent Weather | Zone: FC Road       | Temp: 24.7°C | Humidity: 82%
 -> Sent Weather | Zone: Kothrud       | Temp: 24.7°C | Humidity: 87%
 -> Sent Weather | Zone: Hadapsar      | Temp: 25.3°C | Humidity: 80%
 -> Sent Weather | Zone: Shivajinagar  | Temp: 24.8°C | Humidity: 83%

--- Emitting Weather Window: 00:32:52 ---
 -> Sent Weather | Zone: Hinjewadi     | Temp: 24.7°C | Humidity: 85%
 -> Sent Weather | Zone: FC Road       | Temp: 24.8°C | Humidity: 83%
 -> Sent Weather | Zone: Kothrud       | Temp: 24.4°C | Humidity: 86%
 -> Sent Weather | Zone: Hadapsar      | Temp: 25.2°C | Humidity: 79%
 -> Sent Weather | Zone: Shivajinagar  | Temp: 24.9°C | Humidity: 83%

--- Emitting Weather Window: 00:33:10 ---
 -> Sent Weather | Zone: Hinjewadi     | Temp: 24.5°C | Humidity: 84%
 -> Sent Weather | Zone: FC Road       | Temp: 24.7°C | Humidity: 82%
 -> Sent Weather | Zone: Kothrud       | Temp: 24.4°C | Humidity: 86%
 -> Sent Weather | Zone: Hadapsar      | Temp: 25.2°C | Humidity: 79%
 -> Sent Weather | Zone: Shivajinagar  | Temp: 25.0°C | Humidity: 83%
✅ Weather Kafka Producer initialized.
🚀 Weather Streaming Engine Activated.

--- Emitting Weather Window: 00:47:15 ---
 -> Sent Weather | Zone: Hinjewadi     | Temp: 24.7°C | Humidity: 85%
 -> Sent Weather | Zone: FC Road       | Temp: 24.6°C | Humidity: 82%
 -> Sent Weather | Zone: Kothrud       | Temp: 24.3°C | Humidity: 86%
 -> Sent Weather | Zone: Hadapsar      | Temp: 25.4°C | Humidity: 80%
 -> Sent Weather | Zone: Shivajinagar  | Temp: 24.8°C | Humidity: 83%

--- Emitting Weather Window: 00:47:34 ---
 -> Sent Weather | Zone: Hinjewadi     | Temp: 24.8°C | Humidity: 85%
 -> Sent Weather | Zone: FC Road       | Temp: 24.9°C | Humidity: 83%
 -> Sent Weather | Zone: Kothrud       | Temp: 24.2°C | Humidity: 86%
 -> Sent Weather | Zone: Hadapsar      | Temp: 25.4°C | Humidity: 80%
 -> Sent Weather | Zone: Shivajinagar  | Temp: 24.6°C | Humidity: 82%

--- Emitting Weather Window: 00:47:52 ---
 -> Sent Weather | Zone: Hinjewadi     | Temp: 24.8°C | Humidity: 85%
 -> Sent Weather | Zone: FC Road       | Temp: 24.5°C | Humidity: 82%
 -> Sent Weather | Zone: Kothrud       | Temp: 24.4°C | Humidity: 86%
 -> Sent Weather | Zone: Hadapsar      | Temp: 25.3°C | Humidity: 80%
 -> Sent Weather | Zone: Shivajinagar  | Temp: 24.8°C | Humidity: 83%

--- Emitting Weather Window: 00:48:11 ---
 -> Sent Weather | Zone: Hinjewadi     | Temp: 24.6°C | Humidity: 85%
 -> Sent Weather | Zone: FC Road       | Temp: 24.8°C | Humidity: 83%
 -> Sent Weather | Zone: Kothrud       | Temp: 24.4°C | Humidity: 86%
 -> Sent Weather | Zone: Hadapsar      | Temp: 25.0°C | Humidity: 79%
 -> Sent Weather | Zone: Shivajinagar  | Temp: 24.5°C | Humidity: 82%

--- Emitting Weather Window: 00:48:29 ---
 -> Sent Weather | Zone: Hinjewadi     | Temp: 24.5°C | Humidity: 84%
 -> Sent Weather | Zone: FC Road       | Temp: 24.5°C | Humidity: 82%
 -> Sent Weather | Zone: Kothrud       | Temp: 24.6°C | Humidity: 87%
 -> Sent Weather | Zone: Hadapsar      | Temp: 25.0°C | Humidity: 79%
 -> Sent Weather | Zone: Shivajinagar  | Temp: 24.7°C | Humidity: 82%

--- Emitting Weather Window: 00:48:48 ---
 -> Sent Weather | Zone: Hinjewadi     | Temp: 24.8°C | Humidity: 85%
 -> Sent Weather | Zone: FC Road       | Temp: 24.5°C | Humidity: 82%
 -> Sent Weather | Zone: Kothrud       | Temp: 24.3°C | Humidity: 86%
 -> Sent Weather | Zone: Hadapsar      | Temp: 25.3°C | Humidity: 80%
 -> Sent Weather | Zone: Shivajinagar  | Temp: 24.9°C | Humidity: 83%

--- Emitting Weather Window: 00:49:07 ---
 -> Sent Weather | Zone: Hinjewadi     | Temp: 24.8°C | Humidity: 85%
 -> Sent Weather | Zone: FC Road       | Temp: 24.8°C | Humidity: 83%
 -> Sent Weather | Zone: Kothrud       | Temp: 24.2°C | Humidity: 86%
 -> Sent Weather | Zone: Hadapsar      | Temp: 25.2°C | Humidity: 80%
 -> Sent Weather | Zone: Shivajinagar  | Temp: 24.8°C | Humidity: 83%

--- Emitting Weather Window: 00:49:26 ---
 -> Sent Weather | Zone: Hinjewadi     | Temp: 24.5°C | Humidity: 84%
 -> Sent Weather | Zone: FC Road       | Temp: 24.7°C | Humidity: 83%
 -> Sent Weather | Zone: Kothrud       | Temp: 24.6°C | Humidity: 87%
 -> Sent Weather | Zone: Hadapsar      | Temp: 25.4°C | Humidity: 80%
 -> Sent Weather | Zone: Shivajinagar  | Temp: 24.7°C | Humidity: 82%

--- Emitting Weather Window: 00:49:44 ---
 -> Sent Weather | Zone: Hinjewadi     | Temp: 24.7°C | Humidity: 85%
 -> Sent Weather | Zone: FC Road       | Temp: 24.8°C | Humidity: 83%
 -> Sent Weather | Zone: Kothrud       | Temp: 24.4°C | Humidity: 86%
 -> Sent Weather | Zone: Hadapsar      | Temp: 25.0°C | Humidity: 79%
 -> Sent Weather | Zone: Shivajinagar  | Temp: 24.7°C | Humidity: 83%

--- Emitting Weather Window: 00:50:03 ---
✅ Weather Kafka Producer initialized.
🚀 Weather Streaming Engine Activated.

--- Emitting Weather Window: 00:50:22 ---
 -> Sent Weather | Zone: Hinjewadi     | Temp: 24.6°C | Humidity: 84%
 -> Sent Weather | Zone: FC Road       | Temp: 24.6°C | Humidity: 82%
 -> Sent Weather | Zone: Kothrud       | Temp: 24.5°C | Humidity: 87%
 -> Sent Weather | Zone: Hadapsar      | Temp: 25.3°C | Humidity: 80%
 -> Sent Weather | Zone: Shivajinagar  | Temp: 24.5°C | Humidity: 82%

--- Emitting Weather Window: 00:50:41 ---
 -> Sent Weather | Zone: Hinjewadi     | Temp: 24.7°C | Humidity: 85%
 -> Sent Weather | Zone: FC Road       | Temp: 24.6°C | Humidity: 82%
 -> Sent Weather | Zone: Kothrud       | Temp: 24.3°C | Humidity: 86%
 -> Sent Weather | Zone: Hadapsar      | Temp: 25.2°C | Humidity: 79%
 -> Sent Weather | Zone: Shivajinagar  | Temp: 24.7°C | Humidity: 83%
